source,condition
/home/ps/Desktop/major_project/data/yolo/bdd_src/images/00054602-3bf57337.jpg,fog
/home/ps/Desktop/major_project/data/yolo/bdd_src/images/00067cfb-5443fe39.jpg,night
/home/ps/Desktop/major_project/data/yolo/bdd_src/images/000e0252-8523a4a9.jpg,night
/home/ps/Desktop/major_project/data/yolo/bdd_src/images/00207869-046fa443.jpg,snow
/home/ps/Desktop/major_project/data/yolo/bdd_src/images/002d290d-89f4e5c0.jpg,snow
/home/ps/Desktop/major_project/data/yolo/bdd_src/images/002d290d-90f2bab2.jpg,night
/home/ps/Desktop/major_project/data/yolo/bdd_src/images/002d290d-f9108a13.jpg,rain
/home/ps/Desktop/major_project/data/yolo/bdd_src/images/00390995-49d9a01e.jpg,fog
/home/ps/Desktop/major_project/data/yolo/bdd_src/images/003baca5-ad660439.jpg,fog
/home/ps/Desktop/major_project/data/yolo/bdd_src/images/004071a4-4e8a363a.jpg,snow
/home/ps/Desktop/major_project/data/yolo/bdd_src/images/004855fc-ff3946ad.jpg,fog
/home/ps/Desktop/major_project/data/yolo/bdd_src/images/0048f391-eae6a189.jpg,rain
/home/ps/Desktop/major_project/data/yolo/bdd_src/images/00495359-1d04dd8a.jpg,night
/home/ps/Desktop/major_project/data/yolo/bdd_src/images/0049e5b8-725e21a0.jpg,snow
/home/ps/Desktop/major_project/data/yolo/bdd_src/images/0049e5b8-afda7206.jpg,night
/home/ps/Desktop/major_project/data/yolo/bdd_src/images/0052b279-87c692aa.jpg,fog
/home/ps/Desktop/major_project/data/yolo/bdd_src/images/00618cec-ef92ac05.jpg,night
/home/ps/Desktop/major_project/data/yolo/bdd_src/images/006a4209-4f3bf6cf.jpg,snow
/home/ps/Desktop/major_project/data/yolo/bdd_src/images/006fdb67-f4820206.jpg,fog
/home/ps/Desktop/major_project/data/yolo/bdd_src/images/007693e6-bc55f0e4.jpg,night
/home/ps/Desktop/major_project/data/yolo/bdd_src/images/00779058-517a4591.jpg,fog
/home/ps/Desktop/major_project/data/yolo/bdd_src/images/00787a90-b350f376.jpg,snow
/home/ps/Desktop/major_project/data/yolo/bdd_src/images/007ae77f-79995643.jpg,fog
/home/ps/Desktop/major_project/data/yolo/bdd_src/images/007aeb45-9330e852.jpg,night
/home/ps/Desktop/major_project/data/yolo/bdd_src/images/007da0eb-e1f588e8.jpg,night
/home/ps/Desktop/major_project/data/yolo/bdd_src/images/0081c36b-30bff234.jpg,rain
/home/ps/Desktop/major_project/data/yolo/bdd_src/images/0081e27b-17bf4a9e.jpg,snow
/home/ps/Desktop/major_project/data/yolo/bdd_src/images/0090c713-9d58a186.jpg,night
/home/ps/Desktop/major_project/data/yolo/bdd_src/images/009deddd-d68ff1f7.jpg,night
/home/ps/Desktop/major_project/data/yolo/bdd_src/images/00a2e3ca-62992459.jpg,snow
/home/ps/Desktop/major_project/data/yolo/bdd_src/images/00beeb02-50440dcd.jpg,fog
/home/ps/Desktop/major_project/data/yolo/bdd_src/images/00beeb02-ba0790aa.jpg,rain
/home/ps/Desktop/major_project/data/yolo/bdd_src/images/00ccf2e8-ac055be6.jpg,fog
/home/ps/Desktop/major_project/data/yolo/bdd_src/images/00d79c0a-23bea078.jpg,snow
/home/ps/Desktop/major_project/data/yolo/bdd_src/images/00d79c0a-a2b85ca4.jpg,night
/home/ps/Desktop/major_project/data/yolo/bdd_src/images/00ed2e85-95394dfd.jpg,fog
/home/ps/Desktop/major_project/data/yolo/bdd_src/images/00f8f875-bad0295f.jpg,fog
/home/ps/Desktop/major_project/data/yolo/bdd_src/images/01041028-187a2d1f.jpg,night
/home/ps/Desktop/major_project/data/yolo/bdd_src/images/010526ea-7a0c620d.jpg,snow
/home/ps/Desktop/major_project/data/yolo/bdd_src/images/010526ea-98dc9803.jpg,fog
/home/ps/Desktop/major_project/data/yolo/bdd_src/images/010d75f8-91f41ad8.jpg,fog
/home/ps/Desktop/major_project/data/yolo/bdd_src/images/01118704-e91b1b1c.jpg,fog
/home/ps/Desktop/major_project/data/yolo/bdd_src/images/011ad6b2-f34fd564.jpg,fog
/home/ps/Desktop/major_project/data/yolo/bdd_src/images/012a9c41-9423165c.jpg,fog
/home/ps/Desktop/major_project/data/yolo/bdd_src/images/015ccf71-4b65f4bf.jpg,fog
/home/ps/Desktop/major_project/data/yolo/bdd_src/images/01632f31-ab7e17e3.jpg,snow
/home/ps/Desktop/major_project/data/yolo/bdd_src/images/01688cf2-237fbd49.jpg,night
/home/ps/Desktop/major_project/data/yolo/bdd_src/images/01688cf2-82391195.jpg,fog
/home/ps/Desktop/major_project/data/yolo/bdd_src/images/016c5aac-f5e49c84.jpg,snow
/home/ps/Desktop/major_project/data/yolo/bdd_src/images/017e2d3b-acac71ff.jpg,fog
/home/ps/Desktop/major_project/data/yolo/bdd_src/images/0182320b-bb377e4e.jpg,night
/home/ps/Desktop/major_project/data/yolo/bdd_src/images/019539db-cc36496e.jpg,fog
/home/ps/Desktop/major_project/data/yolo/bdd_src/images/019539db-fe9960ba.jpg,fog
/home/ps/Desktop/major_project/data/yolo/bdd_src/images/019cd27a-9ad90d04.jpg,snow
/home/ps/Desktop/major_project/data/yolo/bdd_src/images/019d2681-83c5bf22.jpg,night
/home/ps/Desktop/major_project/data/yolo/bdd_src/images/019efe88-bbc2a4ac.jpg,night
/home/ps/Desktop/major_project/data/yolo/bdd_src/images/01a4075d-544ddc3c.jpg,fog
/home/ps/Desktop/major_project/data/yolo/bdd_src/images/01a4933a-252e566a.jpg,snow
/home/ps/Desktop/major_project/data/yolo/bdd_src/images/01a78dfd-ba2fca5e.jpg,snow
/home/ps/Desktop/major_project/data/yolo/bdd_src/images/01a842a8-2cf8634e.jpg,night
/home/ps/Desktop/major_project/data/yolo/bdd_src/images/01ab0f6d-b74b888d.jpg,rain
/home/ps/Desktop/major_project/data/yolo/bdd_src/images/01aeb4e2-7d6000f2.jpg,fog
/home/ps/Desktop/major_project/data/yolo/bdd_src/images/01af2f91-7bd5e6c9.jpg,snow
/home/ps/Desktop/major_project/data/yolo/bdd_src/images/01c5cd64-192464e1.jpg,night
/home/ps/Desktop/major_project/data/yolo/bdd_src/images/01cde341-bde786dc.jpg,snow
/home/ps/Desktop/major_project/data/yolo/bdd_src/images/01ce9ed7-51ffbb0e.jpg,fog
/home/ps/Desktop/major_project/data/yolo/bdd_src/images/01e0535c-fe710ab9.jpg,rain
/home/ps/Desktop/major_project/data/yolo/bdd_src/images/01e5bbac-330a3c37.jpg,rain
/home/ps/Desktop/major_project/data/yolo/bdd_src/images/01ef5ee9-5fb62089.jpg,rain
/home/ps/Desktop/major_project/data/yolo/bdd_src/images/01f9b5f2-b15a9c4e.jpg,fog
/home/ps/Desktop/major_project/data/yolo/bdd_src/images/021009a2-432c266f.jpg,night
/home/ps/Desktop/major_project/data/yolo/bdd_src/images/02344f0c-77b524bd.jpg,fog
/home/ps/Desktop/major_project/data/yolo/bdd_src/images/0245bba2-066e715d.jpg,night
/home/ps/Desktop/major_project/data/yolo/bdd_src/images/024ac038-8a8b481c.jpg,fog
/home/ps/Desktop/major_project/data/yolo/bdd_src/images/02506726-0e9b815e.jpg,rain
/home/ps/Desktop/major_project/data/yolo/bdd_src/images/02506726-83b4a05e.jpg,night
/home/ps/Desktop/major_project/data/yolo/bdd_src/images/0252f2b5-741ac12c.jpg,snow
/home/ps/Desktop/major_project/data/yolo/bdd_src/images/026c5058-acd78182.jpg,rain
/home/ps/Desktop/major_project/data/yolo/bdd_src/images/026e1e49-771df1d9.jpg,fog
/home/ps/Desktop/major_project/data/yolo/bdd_src/images/02858212-e0d90c01.jpg,snow
/home/ps/Desktop/major_project/data/yolo/bdd_src/images/029556a0-0ec9fa6f.jpg,fog
/home/ps/Desktop/major_project/data/yolo/bdd_src/images/02982dfe-1dd674e5.jpg,night
/home/ps/Desktop/major_project/data/yolo/bdd_src/images/029ad1d1-8c9b02b1.jpg,fog
/home/ps/Desktop/major_project/data/yolo/bdd_src/images/029fd987-078c287a.jpg,snow
/home/ps/Desktop/major_project/data/yolo/bdd_src/images/02a11306-ea3764fe.jpg,fog
/home/ps/Desktop/major_project/data/yolo/bdd_src/images/02b1ab3d-e93996c2.jpg,rain
/home/ps/Desktop/major_project/data/yolo/bdd_src/images/02b3f1b2-eb3e84c6.jpg,fog
/home/ps/Desktop/major_project/data/yolo/bdd_src/images/02c01e62-c53e91a0.jpg,rain
/home/ps/Desktop/major_project/data/yolo/bdd_src/images/02c26e9d-d76e139c.jpg,fog
/home/ps/Desktop/major_project/data/yolo/bdd_src/images/02c26e9d-e59d7856.jpg,snow
/home/ps/Desktop/major_project/data/yolo/bdd_src/images/02ddd956-3d7f38e3.jpg,night
/home/ps/Desktop/major_project/data/yolo/bdd_src/images/02ddd956-5e8f29ff.jpg,night
/home/ps/Desktop/major_project/data/yolo/bdd_src/images/02e1d8c0-afc78448.jpg,fog
/home/ps/Desktop/major_project/data/yolo/bdd_src/images/03031fa8-c168834a.jpg,night
/home/ps/Desktop/major_project/data/yolo/bdd_src/images/031675b4-5ca668c9.jpg,snow
/home/ps/Desktop/major_project/data/yolo/bdd_src/images/031675b4-8c9d08cb.jpg,fog
/home/ps/Desktop/major_project/data/yolo/bdd_src/images/0329d6b9-abddbf95.jpg,fog
/home/ps/Desktop/major_project/data/yolo/bdd_src/images/03329c4c-c9c0e4cb.jpg,fog
/home/ps/Desktop/major_project/data/yolo/bdd_src/images/0332afb8-19fd7a0d.jpg,fog
/home/ps/Desktop/major_project/data/yolo/bdd_src/images/0334d6ba-2d9290f2.jpg,night
/home/ps/Desktop/major_project/data/yolo/bdd_src/images/0335a578-bc537992.jpg,snow
/home/ps/Desktop/major_project/data/yolo/bdd_src/images/033764a5-71a0152f.jpg,fog
/home/ps/Desktop/major_project/data/yolo/bdd_src/images/034ba984-01a430f3.jpg,snow
/home/ps/Desktop/major_project/data/yolo/bdd_src/images/03534ec1-6f21d017.jpg,snow
/home/ps/Desktop/major_project/data/yolo/bdd_src/images/035b1b38-07da7a0c.jpg,fog
/home/ps/Desktop/major_project/data/yolo/bdd_src/images/035cb512-2f9fa97d.jpg,rain
/home/ps/Desktop/major_project/data/yolo/bdd_src/images/035cb512-867cbbbf.jpg,rain
/home/ps/Desktop/major_project/data/yolo/bdd_src/images/03641c88-f519c8f8.jpg,rain
/home/ps/Desktop/major_project/data/yolo/bdd_src/images/036a6bf9-95a6990b.jpg,fog
/home/ps/Desktop/major_project/data/yolo/bdd_src/images/036db23c-3aec9eee.jpg,rain
/home/ps/Desktop/major_project/data/yolo/bdd_src/images/036db23c-3c184fe5.jpg,fog
/home/ps/Desktop/major_project/data/yolo/bdd_src/images/036fa662-4d34b94d.jpg,night
/home/ps/Desktop/major_project/data/yolo/bdd_src/images/0378d8dc-45d0c6c6.jpg,snow
/home/ps/Desktop/major_project/data/yolo/bdd_src/images/03793f54-c5de387b.jpg,night
/home/ps/Desktop/major_project/data/yolo/bdd_src/images/0386df8d-c884dc14.jpg,fog
/home/ps/Desktop/major_project/data/yolo/bdd_src/images/03b3c151-f37ef8b1.jpg,snow
/home/ps/Desktop/major_project/data/yolo/bdd_src/images/03b997fa-922d0c49.jpg,rain
/home/ps/Desktop/major_project/data/yolo/bdd_src/images/03c5f65d-5f77a9a7.jpg,fog
/home/ps/Desktop/major_project/data/yolo/bdd_src/images/03d75135-70681f68.jpg,snow
/home/ps/Desktop/major_project/data/yolo/bdd_src/images/03d75135-83a7f6a0.jpg,fog
/home/ps/Desktop/major_project/data/yolo/bdd_src/images/03da60f5-8335e5d3.jpg,snow
/home/ps/Desktop/major_project/data/yolo/bdd_src/images/03eb519e-badedd71.jpg,night
/home/ps/Desktop/major_project/data/yolo/bdd_src/images/04056725-14e1b11d.jpg,fog
/home/ps/Desktop/major_project/data/yolo/bdd_src/images/04056725-91d0bd08.jpg,night
/home/ps/Desktop/major_project/data/yolo/bdd_src/images/040dbaad-6a7b5fb7.jpg,rain
/home/ps/Desktop/major_project/data/yolo/bdd_src/images/041a3604-150d32cd.jpg,rain
/home/ps/Desktop/major_project/data/yolo/bdd_src/images/0423e13f-e98cd41d.jpg,fog
/home/ps/Desktop/major_project/data/yolo/bdd_src/images/0447ffbb-5f3ed792.jpg,rain
/home/ps/Desktop/major_project/data/yolo/bdd_src/images/04488248-af1d57c1.jpg,night
/home/ps/Desktop/major_project/data/yolo/bdd_src/images/04813e1a-51572674.jpg,rain
/home/ps/Desktop/major_project/data/yolo/bdd_src/images/04898289-ed683fbf.jpg,night
/home/ps/Desktop/major_project/data/yolo/bdd_src/images/04904d8d-0ab5c90a.jpg,night
/home/ps/Desktop/major_project/data/yolo/bdd_src/images/049494ac-8dfb2a82.jpg,rain
/home/ps/Desktop/major_project/data/yolo/bdd_src/images/049494ac-9aa2732a.jpg,fog
/home/ps/Desktop/major_project/data/yolo/bdd_src/images/049494ac-dfc87990.jpg,snow
/home/ps/Desktop/major_project/data/yolo/bdd_src/images/049963e5-e808fafb.jpg,night
/home/ps/Desktop/major_project/data/yolo/bdd_src/images/04b33c7e-df4fc4c8.jpg,snow
/home/ps/Desktop/major_project/data/yolo/bdd_src/images/04be762f-8b841e38.jpg,night
/home/ps/Desktop/major_project/data/yolo/bdd_src/images/04cd91dc-b1adc1eb.jpg,night
/home/ps/Desktop/major_project/data/yolo/bdd_src/images/04e0931f-d72645a7.jpg,fog
/home/ps/Desktop/major_project/data/yolo/bdd_src/images/04f63999-63e36c19.jpg,night
/home/ps/Desktop/major_project/data/yolo/bdd_src/images/04fb17ab-eb5c317e.jpg,snow
/home/ps/Desktop/major_project/data/yolo/bdd_src/images/05139710-20febf64.jpg,rain
/home/ps/Desktop/major_project/data/yolo/bdd_src/images/0514a4f5-a7be34de.jpg,fog
/home/ps/Desktop/major_project/data/yolo/bdd_src/images/05174982-5c08f6c0.jpg,fog
/home/ps/Desktop/major_project/data/yolo/bdd_src/images/0521fd41-39bc52be.jpg,night
/home/ps/Desktop/major_project/data/yolo/bdd_src/images/053c8b8d-8778d73e.jpg,fog
/home/ps/Desktop/major_project/data/yolo/bdd_src/images/053d7848-feed3e00.jpg,snow
/home/ps/Desktop/major_project/data/yolo/bdd_src/images/055cc112-80a3ba93.jpg,night
/home/ps/Desktop/major_project/data/yolo/bdd_src/images/05743a9b-747658e7.jpg,rain
/home/ps/Desktop/major_project/data/yolo/bdd_src/images/0594b389-e9ced33c.jpg,fog
/home/ps/Desktop/major_project/data/yolo/bdd_src/images/059568a9-2d6cf665.jpg,snow
/home/ps/Desktop/major_project/data/yolo/bdd_src/images/0595ae40-8fce40f0.jpg,snow
/home/ps/Desktop/major_project/data/yolo/bdd_src/images/05986b6d-fb96be0d.jpg,night
/home/ps/Desktop/major_project/data/yolo/bdd_src/images/05a47370-6e560453.jpg,rain
/home/ps/Desktop/major_project/data/yolo/bdd_src/images/05acab14-b78b76c7.jpg,fog
/home/ps/Desktop/major_project/data/yolo/bdd_src/images/05ba7f6a-61346008.jpg,rain
/home/ps/Desktop/major_project/data/yolo/bdd_src/images/05ba7f6a-ee51540f.jpg,night
/home/ps/Desktop/major_project/data/yolo/bdd_src/images/05cbc360-e3495087.jpg,snow
/home/ps/Desktop/major_project/data/yolo/bdd_src/images/05cf65b8-645fa6bc.jpg,snow
/home/ps/Desktop/major_project/data/yolo/bdd_src/images/05e29670-99145138.jpg,snow
/home/ps/Desktop/major_project/data/yolo/bdd_src/images/05e5a68e-90c2f6ba.jpg,snow
/home/ps/Desktop/major_project/data/yolo/bdd_src/images/05e5a68e-f0e05a42.jpg,fog
/home/ps/Desktop/major_project/data/yolo/bdd_src/images/05fa6494-8f436d04.jpg,fog
/home/ps/Desktop/major_project/data/yolo/bdd_src/images/05faab83-7761d124.jpg,rain
/home/ps/Desktop/major_project/data/yolo/bdd_src/images/060039d9-5218402b.jpg,fog
/home/ps/Desktop/major_project/data/yolo/bdd_src/images/0603e6ca-1f32cf5c.jpg,snow
/home/ps/Desktop/major_project/data/yolo/bdd_src/images/06097236-6d6f89e9.jpg,fog
/home/ps/Desktop/major_project/data/yolo/bdd_src/images/060b8fc1-1027915c.jpg,rain
/home/ps/Desktop/major_project/data/yolo/bdd_src/images/060fcfc7-c5c91f05.jpg,snow
/home/ps/Desktop/major_project/data/yolo/bdd_src/images/06132c7e-0f2f5794.jpg,fog
/home/ps/Desktop/major_project/data/yolo/bdd_src/images/0618c64e-e8cfed90.jpg,rain
/home/ps/Desktop/major_project/data/yolo/bdd_src/images/061c50f7-beed329f.jpg,snow
/home/ps/Desktop/major_project/data/yolo/bdd_src/images/06264fdc-9cfc34c6.jpg,rain
/home/ps/Desktop/major_project/data/yolo/bdd_src/images/063018c8-0d5bea3a.jpg,night
/home/ps/Desktop/major_project/data/yolo/bdd_src/images/064677da-8d4063f4.jpg,night
/home/ps/Desktop/major_project/data/yolo/bdd_src/images/06549737-6200bad0.jpg,night
/home/ps/Desktop/major_project/data/yolo/bdd_src/images/065b4523-1e738c93.jpg,rain
/home/ps/Desktop/major_project/data/yolo/bdd_src/images/065b4523-bbf99c03.jpg,rain
/home/ps/Desktop/major_project/data/yolo/bdd_src/images/065d8d5b-93bb8b5a.jpg,rain
/home/ps/Desktop/major_project/data/yolo/bdd_src/images/066112a8-cdf390dc.jpg,fog
/home/ps/Desktop/major_project/data/yolo/bdd_src/images/06631c0e-aad3e171.jpg,rain
/home/ps/Desktop/major_project/data/yolo/bdd_src/images/066d1d12-21f921e6.jpg,night
/home/ps/Desktop/major_project/data/yolo/bdd_src/images/06960951-c67204e8.jpg,night
/home/ps/Desktop/major_project/data/yolo/bdd_src/images/069d5c02-1e8f5e81.jpg,fog
/home/ps/Desktop/major_project/data/yolo/bdd_src/images/06ae9d31-8ee0c3c1.jpg,snow
/home/ps/Desktop/major_project/data/yolo/bdd_src/images/06b4defc-e86850c5.jpg,rain
/home/ps/Desktop/major_project/data/yolo/bdd_src/images/06c3a194-2718f858.jpg,night
/home/ps/Desktop/major_project/data/yolo/bdd_src/images/06ccb168-164ac7b5.jpg,snow
/home/ps/Desktop/major_project/data/yolo/bdd_src/images/06d501fd-fd237e38.jpg,fog
/home/ps/Desktop/major_project/data/yolo/bdd_src/images/06fb50bb-637d480f.jpg,night
/home/ps/Desktop/major_project/data/yolo/bdd_src/images/06fc9e56-70b15d2f.jpg,night
/home/ps/Desktop/major_project/data/yolo/bdd_src/images/070323e5-8b9d4350.jpg,night
/home/ps/Desktop/major_project/data/yolo/bdd_src/images/07058848-6862bfe4.jpg,snow
/home/ps/Desktop/major_project/data/yolo/bdd_src/images/070971b6-738258f2.jpg,night
/home/ps/Desktop/major_project/data/yolo/bdd_src/images/070a98e1-762f1148.jpg,rain
/home/ps/Desktop/major_project/data/yolo/bdd_src/images/070aa065-32f99262.jpg,fog
/home/ps/Desktop/major_project/data/yolo/bdd_src/images/070b3ecd-efd302c2.jpg,fog
/home/ps/Desktop/major_project/data/yolo/bdd_src/images/071eee2a-054af08d.jpg,night
/home/ps/Desktop/major_project/data/yolo/bdd_src/images/07254f2e-ad7e4ddb.jpg,rain
/home/ps/Desktop/major_project/data/yolo/bdd_src/images/072876e5-c10bfc30.jpg,snow
/home/ps/Desktop/major_project/data/yolo/bdd_src/images/072a5b71-956c668b.jpg,night
/home/ps/Desktop/major_project/data/yolo/bdd_src/images/072a5b71-ca012a68.jpg,fog
/home/ps/Desktop/major_project/data/yolo/bdd_src/images/073dc97d-7a3e1436.jpg,snow
/home/ps/Desktop/major_project/data/yolo/bdd_src/images/07454314-a631158b.jpg,snow
/home/ps/Desktop/major_project/data/yolo/bdd_src/images/07564c5f-71c36ef7.jpg,night
/home/ps/Desktop/major_project/data/yolo/bdd_src/images/07576c3b-283f7791.jpg,fog
/home/ps/Desktop/major_project/data/yolo/bdd_src/images/07576c3b-45d84929.jpg,rain
/home/ps/Desktop/major_project/data/yolo/bdd_src/images/075a575d-c7338415.jpg,night
/home/ps/Desktop/major_project/data/yolo/bdd_src/images/076260e7-7932aa2c.jpg,rain
/home/ps/Desktop/major_project/data/yolo/bdd_src/images/076260e7-c9a55b5b.jpg,snow
/home/ps/Desktop/major_project/data/yolo/bdd_src/images/076260e7-fb7ec9a6.jpg,snow
/home/ps/Desktop/major_project/data/yolo/bdd_src/images/07770062-61ec4de2.jpg,fog
/home/ps/Desktop/major_project/data/yolo/bdd_src/images/07770762-251aa6ba.jpg,rain
/home/ps/Desktop/major_project/data/yolo/bdd_src/images/078e3187-5941f14c.jpg,rain
/home/ps/Desktop/major_project/data/yolo/bdd_src/images/07a192de-e995e685.jpg,rain
/home/ps/Desktop/major_project/data/yolo/bdd_src/images/07a757a9-c5629a01.jpg,night
/home/ps/Desktop/major_project/data/yolo/bdd_src/images/07b452de-3cf187d1.jpg,snow
/home/ps/Desktop/major_project/data/yolo/bdd_src/images/07b584c5-fff3b3bd.jpg,rain
/home/ps/Desktop/major_project/data/yolo/bdd_src/images/07b5af1c-5153aa63.jpg,night
/home/ps/Desktop/major_project/data/yolo/bdd_src/images/07ba5355-31053651.jpg,snow
/home/ps/Desktop/major_project/data/yolo/bdd_src/images/07bd9a38-6ac83bd8.jpg,fog
/home/ps/Desktop/major_project/data/yolo/bdd_src/images/07c58bb0-9acc3994.jpg,snow
/home/ps/Desktop/major_project/data/yolo/bdd_src/images/07dbeef2-301c99ae.jpg,night
/home/ps/Desktop/major_project/data/yolo/bdd_src/images/07e3ab9d-4dff6faf.jpg,rain
/home/ps/Desktop/major_project/data/yolo/bdd_src/images/07eabbe1-e60b697d.jpg,fog
/home/ps/Desktop/major_project/data/yolo/bdd_src/images/07f8d2e3-5b06853a.jpg,snow
/home/ps/Desktop/major_project/data/yolo/bdd_src/images/07f8d2e3-60099223.jpg,night
/home/ps/Desktop/major_project/data/yolo/bdd_src/images/07f99854-0c9179ab.jpg,fog
/home/ps/Desktop/major_project/data/yolo/bdd_src/images/0804b94c-4c99757f.jpg,snow
/home/ps/Desktop/major_project/data/yolo/bdd_src/images/08054714-92345259.jpg,rain
/home/ps/Desktop/major_project/data/yolo/bdd_src/images/080a57f6-ac5a5542.jpg,night
/home/ps/Desktop/major_project/data/yolo/bdd_src/images/0814c9ab-2ccb34d0.jpg,fog
/home/ps/Desktop/major_project/data/yolo/bdd_src/images/0814c9ab-92e16892.jpg,rain
/home/ps/Desktop/major_project/data/yolo/bdd_src/images/082f16d5-2f45d59e.jpg,rain
/home/ps/Desktop/major_project/data/yolo/bdd_src/images/0837760b-915926d1.jpg,snow
/home/ps/Desktop/major_project/data/yolo/bdd_src/images/083958dc-b83b361c.jpg,snow
/home/ps/Desktop/major_project/data/yolo/bdd_src/images/084614d0-f3b8de35.jpg,snow
/home/ps/Desktop/major_project/data/yolo/bdd_src/images/0848e4c3-34d62aa6.jpg,fog
/home/ps/Desktop/major_project/data/yolo/bdd_src/images/084c910c-2a1b87c0.jpg,night
/home/ps/Desktop/major_project/data/yolo/bdd_src/images/085b03d0-6946146c.jpg,night
/home/ps/Desktop/major_project/data/yolo/bdd_src/images/08605381-9748a08a.jpg,night
/home/ps/Desktop/major_project/data/yolo/bdd_src/images/087ad1c6-e46dd8e1.jpg,night
/home/ps/Desktop/major_project/data/yolo/bdd_src/images/0886c147-281cfa4c.jpg,fog
/home/ps/Desktop/major_project/data/yolo/bdd_src/images/088e1da1-5d87ca45.jpg,snow
/home/ps/Desktop/major_project/data/yolo/bdd_src/images/08b02c82-90355405.jpg,rain
/home/ps/Desktop/major_project/data/yolo/bdd_src/images/08b02c82-b239d3c4.jpg,night
/home/ps/Desktop/major_project/data/yolo/bdd_src/images/08b02c82-e4123d8d.jpg,night
/home/ps/Desktop/major_project/data/yolo/bdd_src/images/08ba8824-0d66cb91.jpg,rain
/home/ps/Desktop/major_project/data/yolo/bdd_src/images/08ba8824-4afe2e55.jpg,rain
/home/ps/Desktop/major_project/data/yolo/bdd_src/images/08ba8824-58cfeb38.jpg,fog
/home/ps/Desktop/major_project/data/yolo/bdd_src/images/08ba8824-81a03ce5.jpg,fog
/home/ps/Desktop/major_project/data/yolo/bdd_src/images/08c272df-0638c5ca.jpg,night
/home/ps/Desktop/major_project/data/yolo/bdd_src/images/08dd4b3a-7b6701ff.jpg,rain
/home/ps/Desktop/major_project/data/yolo/bdd_src/images/08dd4b3a-99f45543.jpg,snow
/home/ps/Desktop/major_project/data/yolo/bdd_src/images/08e131cb-f37ae726.jpg,rain
/home/ps/Desktop/major_project/data/yolo/bdd_src/images/08e27845-f4d3ee73.jpg,fog
/home/ps/Desktop/major_project/data/yolo/bdd_src/images/08f6c5f0-8148b5fb.jpg,snow
/home/ps/Desktop/major_project/data/yolo/bdd_src/images/08f90823-bf09bf13.jpg,snow
/home/ps/Desktop/major_project/data/yolo/bdd_src/images/08fd4409-b03a6959.jpg,night
/home/ps/Desktop/major_project/data/yolo/bdd_src/images/08ffb626-b45cf482.jpg,snow
/home/ps/Desktop/major_project/data/yolo/bdd_src/images/0900912b-1f288d91.jpg,night
/home/ps/Desktop/major_project/data/yolo/bdd_src/images/0907d89b-1599a5da.jpg,snow
/home/ps/Desktop/major_project/data/yolo/bdd_src/images/090916a1-36c89f3d.jpg,fog
/home/ps/Desktop/major_project/data/yolo/bdd_src/images/090d8107-aeea3017.jpg,fog
/home/ps/Desktop/major_project/data/yolo/bdd_src/images/0917240f-8c07d589.jpg,rain
/home/ps/Desktop/major_project/data/yolo/bdd_src/images/0922c7dc-00f2625e.jpg,fog
/home/ps/Desktop/major_project/data/yolo/bdd_src/images/0933f463-e65d58c7.jpg,snow
/home/ps/Desktop/major_project/data/yolo/bdd_src/images/09416300-af2b5f9f.jpg,fog
/home/ps/Desktop/major_project/data/yolo/bdd_src/images/0947dc75-ecbc776b.jpg,rain
/home/ps/Desktop/major_project/data/yolo/bdd_src/images/09486e3a-538126e6.jpg,night
/home/ps/Desktop/major_project/data/yolo/bdd_src/images/09502657-ae8e855d.jpg,night
/home/ps/Desktop/major_project/data/yolo/bdd_src/images/0957432b-e6f47f8e.jpg,night
/home/ps/Desktop/major_project/data/yolo/bdd_src/images/09855b04-724fd2f2.jpg,fog
/home/ps/Desktop/major_project/data/yolo/bdd_src/images/098aee54-bd3fe086.jpg,rain
/home/ps/Desktop/major_project/data/yolo/bdd_src/images/09955aa4-0b980de8.jpg,rain
/home/ps/Desktop/major_project/data/yolo/bdd_src/images/099ddbb4-57099da2.jpg,rain
/home/ps/Desktop/major_project/data/yolo/bdd_src/images/099f3ab3-96c138a2.jpg,rain
/home/ps/Desktop/major_project/data/yolo/bdd_src/images/09a0c046-c0782473.jpg,night
/home/ps/Desktop/major_project/data/yolo/bdd_src/images/09a1bb0d-24c1ecd4.jpg,rain
/home/ps/Desktop/major_project/data/yolo/bdd_src/images/09a1bb0d-8acc7b23.jpg,snow
/home/ps/Desktop/major_project/data/yolo/bdd_src/images/09ae119b-f8e3d19d.jpg,rain
/home/ps/Desktop/major_project/data/yolo/bdd_src/images/09b52302-e46b65df.jpg,night
/home/ps/Desktop/major_project/data/yolo/bdd_src/images/09b5ab15-d01184c6.jpg,fog
/home/ps/Desktop/major_project/data/yolo/bdd_src/images/09cdd188-3e298702.jpg,night
/home/ps/Desktop/major_project/data/yolo/bdd_src/images/09d6c5f6-2d65cc73.jpg,rain
/home/ps/Desktop/major_project/data/yolo/bdd_src/images/09e105a1-3b70cb81.jpg,night
/home/ps/Desktop/major_project/data/yolo/bdd_src/images/09f30da4-9bece959.jpg,night
/home/ps/Desktop/major_project/data/yolo/bdd_src/images/0a0c3694-4cc8b0e3.jpg,fog
/home/ps/Desktop/major_project/data/yolo/bdd_src/images/0a172b0e-136b7a63.jpg,night
/home/ps/Desktop/major_project/data/yolo/bdd_src/images/0a19489c-120e718b.jpg,night
/home/ps/Desktop/major_project/data/yolo/bdd_src/images/0a1f4fce-f9cac880.jpg,night
/home/ps/Desktop/major_project/data/yolo/bdd_src/images/0a1fca63-8fb09c39.jpg,night
/home/ps/Desktop/major_project/data/yolo/bdd_src/images/0a2b7f2a-bc0ce8da.jpg,fog
/home/ps/Desktop/major_project/data/yolo/bdd_src/images/0a43ee66-24687d98.jpg,fog
/home/ps/Desktop/major_project/data/yolo/bdd_src/images/0a4fd219-3d34b17c.jpg,snow
/home/ps/Desktop/major_project/data/yolo/bdd_src/images/0a687576-fbc0e678.jpg,fog
/home/ps/Desktop/major_project/data/yolo/bdd_src/images/0a7115d2-a4b9a0d8.jpg,fog
/home/ps/Desktop/major_project/data/yolo/bdd_src/images/0a715be4-0064c477.jpg,rain
/home/ps/Desktop/major_project/data/yolo/bdd_src/images/0a715be4-ee5118b4.jpg,night
/home/ps/Desktop/major_project/data/yolo/bdd_src/images/0a7eefe7-83d04ff8.jpg,snow
/home/ps/Desktop/major_project/data/yolo/bdd_src/images/0a800f65-b171d7ac.jpg,rain
/home/ps/Desktop/major_project/data/yolo/bdd_src/images/0a8155a9-57f33092.jpg,snow
/home/ps/Desktop/major_project/data/yolo/bdd_src/images/0a989e4a-adbb9cd9.jpg,rain
/home/ps/Desktop/major_project/data/yolo/bdd_src/images/0aa842d5-212ea6e8.jpg,night
/home/ps/Desktop/major_project/data/yolo/bdd_src/images/0aa842d5-a319d2e2.jpg,fog
/home/ps/Desktop/major_project/data/yolo/bdd_src/images/0aab75aa-0d3bd022.jpg,snow
/home/ps/Desktop/major_project/data/yolo/bdd_src/images/0ab1b9e8-5366e624.jpg,rain
/home/ps/Desktop/major_project/data/yolo/bdd_src/images/0ac0714b-95c0e9b6.jpg,snow
/home/ps/Desktop/major_project/data/yolo/bdd_src/images/0acc0c71-fb703219.jpg,fog
/home/ps/Desktop/major_project/data/yolo/bdd_src/images/0ad67e35-56935819.jpg,night
/home/ps/Desktop/major_project/data/yolo/bdd_src/images/0afb7706-1fddf2a5.jpg,night
/home/ps/Desktop/major_project/data/yolo/bdd_src/images/0b05f0b9-6fb236ee.jpg,rain
/home/ps/Desktop/major_project/data/yolo/bdd_src/images/0b08c1ce-c8ad666b.jpg,snow
/home/ps/Desktop/major_project/data/yolo/bdd_src/images/0b098a3e-492efacf.jpg,rain
/home/ps/Desktop/major_project/data/yolo/bdd_src/images/0b1beb15-18d74ac1.jpg,night
/home/ps/Desktop/major_project/data/yolo/bdd_src/images/0b22ff59-94382c4b.jpg,rain
/home/ps/Desktop/major_project/data/yolo/bdd_src/images/0b2f5d0d-8fddc1fc.jpg,snow
/home/ps/Desktop/major_project/data/yolo/bdd_src/images/0b33a8b1-c2e13b4e.jpg,rain
/home/ps/Desktop/major_project/data/yolo/bdd_src/images/0b351bc5-2b9fd7bd.jpg,night
/home/ps/Desktop/major_project/data/yolo/bdd_src/images/0b351bc5-c895ae48.jpg,fog
/home/ps/Desktop/major_project/data/yolo/bdd_src/images/0b35752b-1ebd3944.jpg,night
/home/ps/Desktop/major_project/data/yolo/bdd_src/images/0b396e6f-06f3ce96.jpg,rain
/home/ps/Desktop/major_project/data/yolo/bdd_src/images/0b39b2ea-ef540472.jpg,snow
/home/ps/Desktop/major_project/data/yolo/bdd_src/images/0b4225f9-bfb10f88.jpg,rain
/home/ps/Desktop/major_project/data/yolo/bdd_src/images/0b4225f9-d29472b4.jpg,snow
/home/ps/Desktop/major_project/data/yolo/bdd_src/images/0b68e992-ac6161ca.jpg,snow
/home/ps/Desktop/major_project/data/yolo/bdd_src/images/0b6c3c8a-c5c55632.jpg,rain
/home/ps/Desktop/major_project/data/yolo/bdd_src/images/0b744ae5-176e0cce.jpg,snow
/home/ps/Desktop/major_project/data/yolo/bdd_src/images/0b84641a-c360bebd.jpg,snow
/home/ps/Desktop/major_project/data/yolo/bdd_src/images/0b8896f8-912fdafb.jpg,rain
/home/ps/Desktop/major_project/data/yolo/bdd_src/images/0b8b0111-01aac1a5.jpg,fog
/home/ps/Desktop/major_project/data/yolo/bdd_src/images/0b9e72e1-2855d45f.jpg,rain
/home/ps/Desktop/major_project/data/yolo/bdd_src/images/0b9fa855-936aae7a.jpg,rain
/home/ps/Desktop/major_project/data/yolo/bdd_src/images/0bc195d8-625d8d27.jpg,rain
/home/ps/Desktop/major_project/data/yolo/bdd_src/images/0bc195d8-b13d1ec3.jpg,night
/home/ps/Desktop/major_project/data/yolo/bdd_src/images/0bc66c92-dfef0a1e.jpg,snow
/home/ps/Desktop/major_project/data/yolo/bdd_src/images/0bca9932-facfb675.jpg,fog
/home/ps/Desktop/major_project/data/yolo/bdd_src/images/0bcc752f-fd302777.jpg,rain
/home/ps/Desktop/major_project/data/yolo/bdd_src/images/0be36567-bee11e9c.jpg,night
/home/ps/Desktop/major_project/data/yolo/bdd_src/images/0bf28365-020515e2.jpg,night
/home/ps/Desktop/major_project/data/yolo/bdd_src/images/0bf2ff3e-19bb5f59.jpg,night
/home/ps/Desktop/major_project/data/yolo/bdd_src/images/0bf2ff3e-58c39471.jpg,snow
/home/ps/Desktop/major_project/data/yolo/bdd_src/images/0bf2ff3e-62c584e1.jpg,rain
/home/ps/Desktop/major_project/data/yolo/bdd_src/images/0c000570-56379e8e.jpg,night
/home/ps/Desktop/major_project/data/yolo/bdd_src/images/0c005860-45e2b557.jpg,rain
/home/ps/Desktop/major_project/data/yolo/bdd_src/images/0c0f3d8e-01cf0018.jpg,fog
/home/ps/Desktop/major_project/data/yolo/bdd_src/images/0c0f3d8e-6bc3e50c.jpg,rain
/home/ps/Desktop/major_project/data/yolo/bdd_src/images/0c0f3d8e-a0b45852.jpg,fog
/home/ps/Desktop/major_project/data/yolo/bdd_src/images/0c140522-190b25a3.jpg,rain
/home/ps/Desktop/major_project/data/yolo/bdd_src/images/0c140522-227e6f11.jpg,rain
/home/ps/Desktop/major_project/data/yolo/bdd_src/images/0c1bf6ee-421df9b4.jpg,night
/home/ps/Desktop/major_project/data/yolo/bdd_src/images/0c378f4f-e2ddeffe.jpg,fog
/home/ps/Desktop/major_project/data/yolo/bdd_src/images/0c37f221-7fffa860.jpg,rain
/home/ps/Desktop/major_project/data/yolo/bdd_src/images/0c50b9d0-ba05a9b5.jpg,night
/home/ps/Desktop/major_project/data/yolo/bdd_src/images/0c50b9d0-ea5f9e1d.jpg,snow
/home/ps/Desktop/major_project/data/yolo/bdd_src/images/0c5ff0c6-b1853637.jpg,fog
/home/ps/Desktop/major_project/data/yolo/bdd_src/images/0c8a2c79-3698cdc3.jpg,snow
/home/ps/Desktop/major_project/data/yolo/bdd_src/images/0c91c363-9e274ad1.jpg,fog
/home/ps/Desktop/major_project/data/yolo/bdd_src/images/0c947849-1dbd3021.jpg,rain
/home/ps/Desktop/major_project/data/yolo/bdd_src/images/0c96e121-5630b866.jpg,rain
/home/ps/Desktop/major_project/data/yolo/bdd_src/images/0ca79ef3-eabeec85.jpg,snow
/home/ps/Desktop/major_project/data/yolo/bdd_src/images/0ca7d4fe-362c775d.jpg,fog
/home/ps/Desktop/major_project/data/yolo/bdd_src/images/0ca7d4fe-b9fc533d.jpg,snow
/home/ps/Desktop/major_project/data/yolo/bdd_src/images/0caba52c-c1431df9.jpg,fog
/home/ps/Desktop/major_project/data/yolo/bdd_src/images/0cb47bfe-691dd68b.jpg,fog
/home/ps/Desktop/major_project/data/yolo/bdd_src/images/0cbb7b3f-fed721c3.jpg,night
/home/ps/Desktop/major_project/data/yolo/bdd_src/images/0cc45408-ce95bf47.jpg,night
/home/ps/Desktop/major_project/data/yolo/bdd_src/images/0cc96b1c-785e141b.jpg,rain
/home/ps/Desktop/major_project/data/yolo/bdd_src/images/0cdde16a-e2d9677e.jpg,snow
/home/ps/Desktop/major_project/data/yolo/bdd_src/images/0ce59f85-38ec2981.jpg,snow
/home/ps/Desktop/major_project/data/yolo/bdd_src/images/0cf7b3ad-55395104.jpg,fog
/home/ps/Desktop/major_project/data/yolo/bdd_src/images/0cfcbb80-015af547.jpg,snow
/home/ps/Desktop/major_project/data/yolo/bdd_src/images/0cfd8c23-3f413569.jpg,rain
/home/ps/Desktop/major_project/data/yolo/bdd_src/images/0cfe8a27-e1d150ba.jpg,night
/home/ps/Desktop/major_project/data/yolo/bdd_src/images/0d028531-293e0682.jpg,snow
/home/ps/Desktop/major_project/data/yolo/bdd_src/images/0d028531-a86d7f7f.jpg,fog
/home/ps/Desktop/major_project/data/yolo/bdd_src/images/0d1e09fe-f692552c.jpg,night
/home/ps/Desktop/major_project/data/yolo/bdd_src/images/0d2c8e1d-aebc65ec.jpg,snow
/home/ps/Desktop/major_project/data/yolo/bdd_src/images/0d405525-3d6d563b.jpg,fog
/home/ps/Desktop/major_project/data/yolo/bdd_src/images/0d4498d3-d983805d.jpg,night
/home/ps/Desktop/major_project/data/yolo/bdd_src/images/0d4b627d-730f3b96.jpg,rain
/home/ps/Desktop/major_project/data/yolo/bdd_src/images/0d4c18ab-3f988978.jpg,rain
/home/ps/Desktop/major_project/data/yolo/bdd_src/images/0d4c18ab-ec5404b2.jpg,night
/home/ps/Desktop/major_project/data/yolo/bdd_src/images/0d4c63e2-b28aa581.jpg,fog
/home/ps/Desktop/major_project/data/yolo/bdd_src/images/0d53c976-44810d29.jpg,snow
/home/ps/Desktop/major_project/data/yolo/bdd_src/images/0d58d15a-6496522e.jpg,night
/home/ps/Desktop/major_project/data/yolo/bdd_src/images/0d5b19b3-95b6f539.jpg,rain
/home/ps/Desktop/major_project/data/yolo/bdd_src/images/0d5b19b3-df617a03.jpg,fog
/home/ps/Desktop/major_project/data/yolo/bdd_src/images/0d5b19b3-e3f51851.jpg,rain
/home/ps/Desktop/major_project/data/yolo/bdd_src/images/0d61234a-542010b2.jpg,night
/home/ps/Desktop/major_project/data/yolo/bdd_src/images/0d62200b-85aeaa3d.jpg,fog
/home/ps/Desktop/major_project/data/yolo/bdd_src/images/0d64bcdd-c4aae9bd.jpg,fog
/home/ps/Desktop/major_project/data/yolo/bdd_src/images/0d6b7f11-1bf62abe.jpg,fog
/home/ps/Desktop/major_project/data/yolo/bdd_src/images/0d7c2668-82602aef.jpg,night
/home/ps/Desktop/major_project/data/yolo/bdd_src/images/0d94fd39-3069549e.jpg,rain
/home/ps/Desktop/major_project/data/yolo/bdd_src/images/0d96212e-ac3558d8.jpg,rain
/home/ps/Desktop/major_project/data/yolo/bdd_src/images/0d9b0c00-fe888361.jpg,snow
/home/ps/Desktop/major_project/data/yolo/bdd_src/images/0d9c20e5-60259d73.jpg,snow
/home/ps/Desktop/major_project/data/yolo/bdd_src/images/0da41df0-26725c58.jpg,night
/home/ps/Desktop/major_project/data/yolo/bdd_src/images/0dc2a2cd-d74ad1a3.jpg,night
/home/ps/Desktop/major_project/data/yolo/bdd_src/images/0dc42039-b1ea3bba.jpg,fog
/home/ps/Desktop/major_project/data/yolo/bdd_src/images/0dce14f9-7de59bf3.jpg,fog
/home/ps/Desktop/major_project/data/yolo/bdd_src/images/0dddacad-edcae9fd.jpg,snow
/home/ps/Desktop/major_project/data/yolo/bdd_src/images/0dde25de-acfadd73.jpg,night
/home/ps/Desktop/major_project/data/yolo/bdd_src/images/0e0e5b2a-840fc2cd.jpg,snow
/home/ps/Desktop/major_project/data/yolo/bdd_src/images/0e1c42db-f6a14072.jpg,snow
/home/ps/Desktop/major_project/data/yolo/bdd_src/images/0e2792db-e4c0ecde.jpg,fog
/home/ps/Desktop/major_project/data/yolo/bdd_src/images/0e280165-1a428b08.jpg,snow
/home/ps/Desktop/major_project/data/yolo/bdd_src/images/0e3df9ca-25411b5d.jpg,night
/home/ps/Desktop/major_project/data/yolo/bdd_src/images/0e4066b2-9b16405b.jpg,snow
/home/ps/Desktop/major_project/data/yolo/bdd_src/images/0e4066b2-ec6d21dc.jpg,snow
/home/ps/Desktop/major_project/data/yolo/bdd_src/images/0e442b65-b17e0b50.jpg,fog
/home/ps/Desktop/major_project/data/yolo/bdd_src/images/0e460dd3-471aad9b.jpg,night
/home/ps/Desktop/major_project/data/yolo/bdd_src/images/0e46a601-c23b5507.jpg,snow
/home/ps/Desktop/major_project/data/yolo/bdd_src/images/0e5c7e92-0d9c60f0.jpg,fog
/home/ps/Desktop/major_project/data/yolo/bdd_src/images/0e60d39e-ae98475c.jpg,snow
/home/ps/Desktop/major_project/data/yolo/bdd_src/images/0e6636be-44d5de17.jpg,fog
/home/ps/Desktop/major_project/data/yolo/bdd_src/images/0e78c3ba-0d03e716.jpg,night
/home/ps/Desktop/major_project/data/yolo/bdd_src/images/0e78c3ba-95b55507.jpg,fog
/home/ps/Desktop/major_project/data/yolo/bdd_src/images/0e78c3ba-f603fddd.jpg,snow
/home/ps/Desktop/major_project/data/yolo/bdd_src/images/0e7aa9b3-866273e9.jpg,rain
/home/ps/Desktop/major_project/data/yolo/bdd_src/images/0e7c1396-6480650e.jpg,snow
/home/ps/Desktop/major_project/data/yolo/bdd_src/images/0e888d6a-85910f38.jpg,rain
/home/ps/Desktop/major_project/data/yolo/bdd_src/images/0e8c2d15-27cabc30.jpg,rain
/home/ps/Desktop/major_project/data/yolo/bdd_src/images/0e8ca76d-740f3b5c.jpg,fog
/home/ps/Desktop/major_project/data/yolo/bdd_src/images/0e90790e-ec3f28c0.jpg,snow
/home/ps/Desktop/major_project/data/yolo/bdd_src/images/0e986032-be848c3a.jpg,fog
/home/ps/Desktop/major_project/data/yolo/bdd_src/images/0eab6f93-c14a1a11.jpg,fog
/home/ps/Desktop/major_project/data/yolo/bdd_src/images/0ec4e1d8-36ec49d5.jpg,night
/home/ps/Desktop/major_project/data/yolo/bdd_src/images/0ecebc1d-0f060556.jpg,fog
/home/ps/Desktop/major_project/data/yolo/bdd_src/images/0ed0d326-5ec5573f.jpg,fog
/home/ps/Desktop/major_project/data/yolo/bdd_src/images/0ed2fa4e-b0ee2c10.jpg,fog
/home/ps/Desktop/major_project/data/yolo/bdd_src/images/0ee5f306-ce195427.jpg,rain
/home/ps/Desktop/major_project/data/yolo/bdd_src/images/0f01f75e-647a7e54.jpg,rain
/home/ps/Desktop/major_project/data/yolo/bdd_src/images/0f01f75e-a7bc5a3b.jpg,fog
/home/ps/Desktop/major_project/data/yolo/bdd_src/images/0f01f75e-e308ae9e.jpg,snow
/home/ps/Desktop/major_project/data/yolo/bdd_src/images/0f11e283-0195cb27.jpg,night
/home/ps/Desktop/major_project/data/yolo/bdd_src/images/0f11e283-ba5f30d7.jpg,night
/home/ps/Desktop/major_project/data/yolo/bdd_src/images/0f2337eb-cd4570b6.jpg,snow
/home/ps/Desktop/major_project/data/yolo/bdd_src/images/0f2db473-353bf74b.jpg,rain
/home/ps/Desktop/major_project/data/yolo/bdd_src/images/0f361ad5-0b6ece93.jpg,night
/home/ps/Desktop/major_project/data/yolo/bdd_src/images/0f40d2e7-3ced87f7.jpg,rain
/home/ps/Desktop/major_project/data/yolo/bdd_src/images/0f54a597-8dd71e48.jpg,snow
/home/ps/Desktop/major_project/data/yolo/bdd_src/images/0f5580fb-4e846aef.jpg,snow
/home/ps/Desktop/major_project/data/yolo/bdd_src/images/0f5fe3a1-19c2b7ed.jpg,fog
/home/ps/Desktop/major_project/data/yolo/bdd_src/images/0f5ff5bb-84f9c79b.jpg,snow
/home/ps/Desktop/major_project/data/yolo/bdd_src/images/0f7542df-677694dc.jpg,rain
/home/ps/Desktop/major_project/data/yolo/bdd_src/images/0fa741ce-689ea4b8.jpg,rain
/home/ps/Desktop/major_project/data/yolo/bdd_src/images/0fa7d0a7-03302fb1.jpg,fog
/home/ps/Desktop/major_project/data/yolo/bdd_src/images/0fa7d0a7-868d8925.jpg,rain
/home/ps/Desktop/major_project/data/yolo/bdd_src/images/0fa7d0a7-d9a853ff.jpg,night
/home/ps/Desktop/major_project/data/yolo/bdd_src/images/0fa8f3a5-29643e01.jpg,night
/home/ps/Desktop/major_project/data/yolo/bdd_src/images/0fc756fc-a8b6aff0.jpg,fog
/home/ps/Desktop/major_project/data/yolo/bdd_src/images/0fcfcf5e-ab8bf480.jpg,rain
/home/ps/Desktop/major_project/data/yolo/bdd_src/images/0fdc7767-5fce17db.jpg,rain
/home/ps/Desktop/major_project/data/yolo/bdd_src/images/0fe16023-e23e01d0.jpg,fog
/home/ps/Desktop/major_project/data/yolo/bdd_src/images/0ff5ca7b-28016d88.jpg,night
/home/ps/Desktop/major_project/data/yolo/bdd_src/images/10096e1c-5420b28b.jpg,snow
/home/ps/Desktop/major_project/data/yolo/bdd_src/images/1011965d-fe6da6ab.jpg,night
/home/ps/Desktop/major_project/data/yolo/bdd_src/images/1012f4eb-cc13162e.jpg,night
/home/ps/Desktop/major_project/data/yolo/bdd_src/images/10189cd7-29a89d7c.jpg,night
/home/ps/Desktop/major_project/data/yolo/bdd_src/images/104409d4-89b60b88.jpg,night
/home/ps/Desktop/major_project/data/yolo/bdd_src/images/10453a95-40759ac3.jpg,night
/home/ps/Desktop/major_project/data/yolo/bdd_src/images/10545e32-2296da36.jpg,rain
/home/ps/Desktop/major_project/data/yolo/bdd_src/images/1064551d-54a4cff2.jpg,snow
/home/ps/Desktop/major_project/data/yolo/bdd_src/images/1072195f-0a161ade.jpg,rain
/home/ps/Desktop/major_project/data/yolo/bdd_src/images/1072195f-6cf88b25.jpg,rain
/home/ps/Desktop/major_project/data/yolo/bdd_src/images/10841e7b-7040143d.jpg,snow
/home/ps/Desktop/major_project/data/yolo/bdd_src/images/10907649-261e95d0.jpg,fog
/home/ps/Desktop/major_project/data/yolo/bdd_src/images/1090b7a8-3d00a65f.jpg,rain
/home/ps/Desktop/major_project/data/yolo/bdd_src/images/10946963-3106c4ee.jpg,snow
/home/ps/Desktop/major_project/data/yolo/bdd_src/images/109fc76c-4981de2c.jpg,fog
/home/ps/Desktop/major_project/data/yolo/bdd_src/images/109fc76c-93620b18.jpg,fog
/home/ps/Desktop/major_project/data/yolo/bdd_src/images/10a103b3-3a42fe0a.jpg,snow
/home/ps/Desktop/major_project/data/yolo/bdd_src/images/10a7fd8d-ee4e4d2f.jpg,snow
/home/ps/Desktop/major_project/data/yolo/bdd_src/images/10bddcb9-4a40d217.jpg,night
/home/ps/Desktop/major_project/data/yolo/bdd_src/images/10c212dd-c2b1a491.jpg,snow
/home/ps/Desktop/major_project/data/yolo/bdd_src/images/10c27164-370783f7.jpg,fog
/home/ps/Desktop/major_project/data/yolo/bdd_src/images/10c27164-e01ef071.jpg,snow
/home/ps/Desktop/major_project/data/yolo/bdd_src/images/10c868d4-e8e36329.jpg,snow
/home/ps/Desktop/major_project/data/yolo/bdd_src/images/10d180d7-7518dcc2.jpg,fog
/home/ps/Desktop/major_project/data/yolo/bdd_src/images/10d36198-c7304768.jpg,snow
/home/ps/Desktop/major_project/data/yolo/bdd_src/images/10db12e7-c4d6b097.jpg,fog
/home/ps/Desktop/major_project/data/yolo/bdd_src/images/10f19d84-386dcffc.jpg,night
/home/ps/Desktop/major_project/data/yolo/bdd_src/images/10f71853-4da52f52.jpg,night
/home/ps/Desktop/major_project/data/yolo/bdd_src/images/1101f6e5-08cc1116.jpg,rain
/home/ps/Desktop/major_project/data/yolo/bdd_src/images/11035230-3b3d1ded.jpg,fog
/home/ps/Desktop/major_project/data/yolo/bdd_src/images/1103db68-8d22b5db.jpg,snow
/home/ps/Desktop/major_project/data/yolo/bdd_src/images/110409ba-9fde6618.jpg,fog
/home/ps/Desktop/major_project/data/yolo/bdd_src/images/110c9575-d76f1d58.jpg,night
/home/ps/Desktop/major_project/data/yolo/bdd_src/images/1125356f-b698b999.jpg,rain
/home/ps/Desktop/major_project/data/yolo/bdd_src/images/11293a61-02d1d404.jpg,fog
/home/ps/Desktop/major_project/data/yolo/bdd_src/images/11318dba-42c73737.jpg,snow
/home/ps/Desktop/major_project/data/yolo/bdd_src/images/1141da4b-5bed4551.jpg,fog
/home/ps/Desktop/major_project/data/yolo/bdd_src/images/114f4b4e-7c04fd03.jpg,night
/home/ps/Desktop/major_project/data/yolo/bdd_src/images/1151d367-218e14b3.jpg,snow
/home/ps/Desktop/major_project/data/yolo/bdd_src/images/1157e87e-861c48b5.jpg,rain
/home/ps/Desktop/major_project/data/yolo/bdd_src/images/115e8e35-652505be.jpg,fog
/home/ps/Desktop/major_project/data/yolo/bdd_src/images/1160dc97-7bb7eb3a.jpg,snow
/home/ps/Desktop/major_project/data/yolo/bdd_src/images/116dea8e-8ed037dd.jpg,rain
/home/ps/Desktop/major_project/data/yolo/bdd_src/images/117f55ba-bf778c91.jpg,rain
/home/ps/Desktop/major_project/data/yolo/bdd_src/images/1183ef80-67676319.jpg,rain
/home/ps/Desktop/major_project/data/yolo/bdd_src/images/1189ae68-1a8ad3c6.jpg,fog
/home/ps/Desktop/major_project/data/yolo/bdd_src/images/118a4edb-20629265.jpg,fog
/home/ps/Desktop/major_project/data/yolo/bdd_src/images/118a4edb-301385f9.jpg,night
/home/ps/Desktop/major_project/data/yolo/bdd_src/images/118a4edb-a6509722.jpg,snow
/home/ps/Desktop/major_project/data/yolo/bdd_src/images/11ade9f0-de072662.jpg,night
/home/ps/Desktop/major_project/data/yolo/bdd_src/images/11d03216-6317db9e.jpg,rain
/home/ps/Desktop/major_project/data/yolo/bdd_src/images/11d0d467-858dbfc8.jpg,rain
/home/ps/Desktop/major_project/data/yolo/bdd_src/images/11d93bf5-4681646e.jpg,snow
/home/ps/Desktop/major_project/data/yolo/bdd_src/images/11ded96e-d01d90e8.jpg,night
/home/ps/Desktop/major_project/data/yolo/bdd_src/images/11efd2de-597d0565.jpg,rain
/home/ps/Desktop/major_project/data/yolo/bdd_src/images/12087a53-6d8f24e8.jpg,rain
/home/ps/Desktop/major_project/data/yolo/bdd_src/images/120b754f-77c28382.jpg,fog
/home/ps/Desktop/major_project/data/yolo/bdd_src/images/1219bbd5-97a9c3e5.jpg,rain
/home/ps/Desktop/major_project/data/yolo/bdd_src/images/121bc0b8-040b7c30.jpg,rain
/home/ps/Desktop/major_project/data/yolo/bdd_src/images/121bc0b8-7a1fe245.jpg,snow
/home/ps/Desktop/major_project/data/yolo/bdd_src/images/121bc0b8-7edcea87.jpg,fog
/home/ps/Desktop/major_project/data/yolo/bdd_src/images/122af8db-bbe0f348.jpg,rain
/home/ps/Desktop/major_project/data/yolo/bdd_src/images/1243f961-478aea57.jpg,snow
/home/ps/Desktop/major_project/data/yolo/bdd_src/images/124b8216-c9a3b07c.jpg,night
/home/ps/Desktop/major_project/data/yolo/bdd_src/images/124c7772-308b13ef.jpg,night
/home/ps/Desktop/major_project/data/yolo/bdd_src/images/124c7772-6b926bba.jpg,rain
/home/ps/Desktop/major_project/data/yolo/bdd_src/images/124c7772-819763b8.jpg,snow
/home/ps/Desktop/major_project/data/yolo/bdd_src/images/124c7772-f480b8f8.jpg,rain
/home/ps/Desktop/major_project/data/yolo/bdd_src/images/125134e5-7dfc45b9.jpg,snow
/home/ps/Desktop/major_project/data/yolo/bdd_src/images/125134e5-bbbfe9a0.jpg,rain
/home/ps/Desktop/major_project/data/yolo/bdd_src/images/12667d0b-df235709.jpg,rain
/home/ps/Desktop/major_project/data/yolo/bdd_src/images/126ab5e4-9de62ccd.jpg,rain
/home/ps/Desktop/major_project/data/yolo/bdd_src/images/1270f3ab-6af5d122.jpg,night
/home/ps/Desktop/major_project/data/yolo/bdd_src/images/12775cd3-5f803a45.jpg,rain
/home/ps/Desktop/major_project/data/yolo/bdd_src/images/127e2f8a-28a7f3ef.jpg,rain
/home/ps/Desktop/major_project/data/yolo/bdd_src/images/128ab62e-822f1321.jpg,fog
/home/ps/Desktop/major_project/data/yolo/bdd_src/images/128ab62e-9104abab.jpg,fog
/home/ps/Desktop/major_project/data/yolo/bdd_src/images/128b3f5b-c2776bb4.jpg,snow
/home/ps/Desktop/major_project/data/yolo/bdd_src/images/129143da-f0f14114.jpg,rain
/home/ps/Desktop/major_project/data/yolo/bdd_src/images/129e0b6d-3e44a33e.jpg,night
/home/ps/Desktop/major_project/data/yolo/bdd_src/images/12bae9ec-3e34fd26.jpg,snow
/home/ps/Desktop/major_project/data/yolo/bdd_src/images/12c1bdb3-fca5f0c4.jpg,rain
/home/ps/Desktop/major_project/data/yolo/bdd_src/images/12dab23b-c8087aa8.jpg,night
/home/ps/Desktop/major_project/data/yolo/bdd_src/images/12dbdd64-ad5ff701.jpg,snow
/home/ps/Desktop/major_project/data/yolo/bdd_src/images/12e54e66-46a36058.jpg,snow
/home/ps/Desktop/major_project/data/yolo/bdd_src/images/12ef2c75-84a7b643.jpg,fog
/home/ps/Desktop/major_project/data/yolo/bdd_src/images/12fee2da-a2d786b7.jpg,night
/home/ps/Desktop/major_project/data/yolo/bdd_src/images/12fee2da-e253d389.jpg,fog
/home/ps/Desktop/major_project/data/yolo/bdd_src/images/1302263d-25fd8fe3.jpg,rain
/home/ps/Desktop/major_project/data/yolo/bdd_src/images/13059030-c7c0492d.jpg,night
/home/ps/Desktop/major_project/data/yolo/bdd_src/images/130a7c58-260fcd28.jpg,rain
/home/ps/Desktop/major_project/data/yolo/bdd_src/images/130db22b-5c2dc23a.jpg,night
/home/ps/Desktop/major_project/data/yolo/bdd_src/images/132bf2eb-b9e75401.jpg,night
/home/ps/Desktop/major_project/data/yolo/bdd_src/images/132f9b4e-f006a92e.jpg,fog
/home/ps/Desktop/major_project/data/yolo/bdd_src/images/13340903-6877dcdc.jpg,snow
/home/ps/Desktop/major_project/data/yolo/bdd_src/images/1334859b-b87436bc.jpg,fog
/home/ps/Desktop/major_project/data/yolo/bdd_src/images/133a443d-108c2154.jpg,night
/home/ps/Desktop/major_project/data/yolo/bdd_src/images/133a443d-c6610735.jpg,snow
/home/ps/Desktop/major_project/data/yolo/bdd_src/images/13494b66-5be39538.jpg,snow
/home/ps/Desktop/major_project/data/yolo/bdd_src/images/135a9354-3c1d7523.jpg,night
/home/ps/Desktop/major_project/data/yolo/bdd_src/images/136f1c91-5737eb93.jpg,fog
/home/ps/Desktop/major_project/data/yolo/bdd_src/images/1370e6a7-81a023bb.jpg,fog
/home/ps/Desktop/major_project/data/yolo/bdd_src/images/1373663f-b5d225d6.jpg,snow
/home/ps/Desktop/major_project/data/yolo/bdd_src/images/137a7cc8-e78a60be.jpg,snow
/home/ps/Desktop/major_project/data/yolo/bdd_src/images/137e6989-1fece512.jpg,snow
/home/ps/Desktop/major_project/data/yolo/bdd_src/images/13813cba-893aa154.jpg,snow
/home/ps/Desktop/major_project/data/yolo/bdd_src/images/138df911-71d9812a.jpg,snow
/home/ps/Desktop/major_project/data/yolo/bdd_src/images/139b0b27-368ffb70.jpg,rain
/home/ps/Desktop/major_project/data/yolo/bdd_src/images/13a4e4da-1e2ce046.jpg,snow
/home/ps/Desktop/major_project/data/yolo/bdd_src/images/13a4e4da-79b560a3.jpg,night
/home/ps/Desktop/major_project/data/yolo/bdd_src/images/13a9b921-c703cd51.jpg,snow
/home/ps/Desktop/major_project/data/yolo/bdd_src/images/13b2db9c-94e82517.jpg,snow
/home/ps/Desktop/major_project/data/yolo/bdd_src/images/13b9c797-b6106308.jpg,night
/home/ps/Desktop/major_project/data/yolo/bdd_src/images/13c95b07-8c756eb7.jpg,snow
/home/ps/Desktop/major_project/data/yolo/bdd_src/images/13dcc2ca-26735c91.jpg,snow
/home/ps/Desktop/major_project/data/yolo/bdd_src/images/13dcc2ca-5e94475c.jpg,snow
/home/ps/Desktop/major_project/data/yolo/bdd_src/images/13e4f851-2ff77fd6.jpg,night
/home/ps/Desktop/major_project/data/yolo/bdd_src/images/13e93fcc-1d77b553.jpg,night
/home/ps/Desktop/major_project/data/yolo/bdd_src/images/13f623b5-3611e0e7.jpg,snow
/home/ps/Desktop/major_project/data/yolo/bdd_src/images/13f6b90e-0bae86ea.jpg,rain
/home/ps/Desktop/major_project/data/yolo/bdd_src/images/13ff2e36-a904e9fe.jpg,fog
/home/ps/Desktop/major_project/data/yolo/bdd_src/images/1404fa63-f047c348.jpg,rain
/home/ps/Desktop/major_project/data/yolo/bdd_src/images/1434a72c-655e983f.jpg,snow
/home/ps/Desktop/major_project/data/yolo/bdd_src/images/1446c27b-fb7bfac0.jpg,snow
/home/ps/Desktop/major_project/data/yolo/bdd_src/images/14486aa2-38c931d5.jpg,fog
/home/ps/Desktop/major_project/data/yolo/bdd_src/images/144bd77c-0a461478.jpg,snow
/home/ps/Desktop/major_project/data/yolo/bdd_src/images/144ddd02-b8f6bd11.jpg,snow
/home/ps/Desktop/major_project/data/yolo/bdd_src/images/14540082-7a61ca45.jpg,fog
/home/ps/Desktop/major_project/data/yolo/bdd_src/images/1463dea8-2a4b01d0.jpg,snow
/home/ps/Desktop/major_project/data/yolo/bdd_src/images/1465630c-b2f431a0.jpg,fog
/home/ps/Desktop/major_project/data/yolo/bdd_src/images/14665c9a-83b354f9.jpg,rain
/home/ps/Desktop/major_project/data/yolo/bdd_src/images/146e3c43-9db14daf.jpg,fog
/home/ps/Desktop/major_project/data/yolo/bdd_src/images/148b9b8a-8771d802.jpg,snow
/home/ps/Desktop/major_project/data/yolo/bdd_src/images/14968e59-32fa4a40.jpg,night
/home/ps/Desktop/major_project/data/yolo/bdd_src/images/149efa88-df78e615.jpg,rain
/home/ps/Desktop/major_project/data/yolo/bdd_src/images/14b50a39-3b4b1a24.jpg,fog
/home/ps/Desktop/major_project/data/yolo/bdd_src/images/14bdf1b4-de55061c.jpg,snow
/home/ps/Desktop/major_project/data/yolo/bdd_src/images/14c1653b-326e543a.jpg,fog
/home/ps/Desktop/major_project/data/yolo/bdd_src/images/14c70f45-11a9e977.jpg,snow
/home/ps/Desktop/major_project/data/yolo/bdd_src/images/14c70f45-7f6e8b2f.jpg,night
/home/ps/Desktop/major_project/data/yolo/bdd_src/images/14db0738-febf0b87.jpg,rain
/home/ps/Desktop/major_project/data/yolo/bdd_src/images/14df900d-b8d58747.jpg,rain
/home/ps/Desktop/major_project/data/yolo/bdd_src/images/14df900d-bdfe5ec0.jpg,snow
/home/ps/Desktop/major_project/data/yolo/bdd_src/images/14df900d-f97805a4.jpg,fog
/home/ps/Desktop/major_project/data/yolo/bdd_src/images/14eace5a-ddf3b303.jpg,fog
/home/ps/Desktop/major_project/data/yolo/bdd_src/images/1508d098-3404ad5e.jpg,rain
/home/ps/Desktop/major_project/data/yolo/bdd_src/images/150dd10e-be09713c.jpg,rain
/home/ps/Desktop/major_project/data/yolo/bdd_src/images/15204b23-f88a70b4.jpg,rain
/home/ps/Desktop/major_project/data/yolo/bdd_src/images/1526086b-9347cfb1.jpg,snow
/home/ps/Desktop/major_project/data/yolo/bdd_src/images/1526fcea-143a68fc.jpg,rain
/home/ps/Desktop/major_project/data/yolo/bdd_src/images/152b261b-776bfbb0.jpg,fog
/home/ps/Desktop/major_project/data/yolo/bdd_src/images/152d526c-b3a18e36.jpg,night
/home/ps/Desktop/major_project/data/yolo/bdd_src/images/152d526c-dc9e4520.jpg,rain
/home/ps/Desktop/major_project/data/yolo/bdd_src/images/15321f2c-a05c47b7.jpg,night
/home/ps/Desktop/major_project/data/yolo/bdd_src/images/153459a4-9513439c.jpg,rain
/home/ps/Desktop/major_project/data/yolo/bdd_src/images/1544026f-dffe91fb.jpg,night
/home/ps/Desktop/major_project/data/yolo/bdd_src/images/154b309d-257885d1.jpg,snow
/home/ps/Desktop/major_project/data/yolo/bdd_src/images/155b407c-bcc83f98.jpg,rain
/home/ps/Desktop/major_project/data/yolo/bdd_src/images/15613f9b-a7f9fc19.jpg,snow
/home/ps/Desktop/major_project/data/yolo/bdd_src/images/1564e2fc-22ff58fc.jpg,snow
/home/ps/Desktop/major_project/data/yolo/bdd_src/images/1564ef78-bfeaa3b9.jpg,rain
/home/ps/Desktop/major_project/data/yolo/bdd_src/images/156c2189-192e8942.jpg,fog
/home/ps/Desktop/major_project/data/yolo/bdd_src/images/156c2189-98a8400a.jpg,rain
/home/ps/Desktop/major_project/data/yolo/bdd_src/images/156c456c-ec98abeb.jpg,fog
/home/ps/Desktop/major_project/data/yolo/bdd_src/images/157a9cee-15c955a7.jpg,snow
/home/ps/Desktop/major_project/data/yolo/bdd_src/images/157a9cee-205b25aa.jpg,snow
/home/ps/Desktop/major_project/data/yolo/bdd_src/images/157c2b67-a8007367.jpg,night
/home/ps/Desktop/major_project/data/yolo/bdd_src/images/15906867-294d8dcd.jpg,rain
/home/ps/Desktop/major_project/data/yolo/bdd_src/images/1598acd3-9cb894c9.jpg,rain
/home/ps/Desktop/major_project/data/yolo/bdd_src/images/15baeed7-5b09b407.jpg,night
/home/ps/Desktop/major_project/data/yolo/bdd_src/images/15becb15-9e2adfcd.jpg,rain
/home/ps/Desktop/major_project/data/yolo/bdd_src/images/15c3af5f-d8c85f4d.jpg,fog
/home/ps/Desktop/major_project/data/yolo/bdd_src/images/15c3f8f1-e943a63d.jpg,fog
/home/ps/Desktop/major_project/data/yolo/bdd_src/images/15c70e70-e3b6a249.jpg,rain
/home/ps/Desktop/major_project/data/yolo/bdd_src/images/15c96be0-3f77418c.jpg,snow
/home/ps/Desktop/major_project/data/yolo/bdd_src/images/15c96be0-81a6ee48.jpg,rain
/home/ps/Desktop/major_project/data/yolo/bdd_src/images/15dd7f54-2250b8de.jpg,snow
/home/ps/Desktop/major_project/data/yolo/bdd_src/images/15e09ff1-23649760.jpg,night
/home/ps/Desktop/major_project/data/yolo/bdd_src/images/15e6b650-e855b334.jpg,fog
/home/ps/Desktop/major_project/data/yolo/bdd_src/images/15ebcd62-2ce06d2f.jpg,rain
/home/ps/Desktop/major_project/data/yolo/bdd_src/images/160174f1-2f3deff0.jpg,night
/home/ps/Desktop/major_project/data/yolo/bdd_src/images/1608cfe7-0806c4c7.jpg,fog
/home/ps/Desktop/major_project/data/yolo/bdd_src/images/1608cfe7-113afa74.jpg,fog
/home/ps/Desktop/major_project/data/yolo/bdd_src/images/1608cfe7-32da2c5d.jpg,night
/home/ps/Desktop/major_project/data/yolo/bdd_src/images/1608cfe7-3da3b444.jpg,fog
/home/ps/Desktop/major_project/data/yolo/bdd_src/images/1608cfe7-af5106a0.jpg,night
/home/ps/Desktop/major_project/data/yolo/bdd_src/images/160db6b8-bb0e841b.jpg,rain
/home/ps/Desktop/major_project/data/yolo/bdd_src/images/160f6a0b-85d4230f.jpg,snow
/home/ps/Desktop/major_project/data/yolo/bdd_src/images/161386ee-5e3437b6.jpg,rain
/home/ps/Desktop/major_project/data/yolo/bdd_src/images/161386ee-a7326d9c.jpg,snow
/home/ps/Desktop/major_project/data/yolo/bdd_src/images/1615c8af-5a9f17ff.jpg,night
/home/ps/Desktop/major_project/data/yolo/bdd_src/images/161a66fe-457d72e9.jpg,fog
/home/ps/Desktop/major_project/data/yolo/bdd_src/images/161e680f-3607d151.jpg,rain
/home/ps/Desktop/major_project/data/yolo/bdd_src/images/162995f1-c0af8a1c.jpg,fog
/home/ps/Desktop/major_project/data/yolo/bdd_src/images/16330b51-d822909e.jpg,rain
/home/ps/Desktop/major_project/data/yolo/bdd_src/images/1652cc22-d45c05b5.jpg,snow
/home/ps/Desktop/major_project/data/yolo/bdd_src/images/165a8caf-e1ce6f38.jpg,rain
/home/ps/Desktop/major_project/data/yolo/bdd_src/images/165fd452-cf58c843.jpg,rain
/home/ps/Desktop/major_project/data/yolo/bdd_src/images/166502f9-ab43a86b.jpg,snow
/home/ps/Desktop/major_project/data/yolo/bdd_src/images/166bf91f-57025e08.jpg,fog
/home/ps/Desktop/major_project/data/yolo/bdd_src/images/167fa56d-071dd01b.jpg,snow
/home/ps/Desktop/major_project/data/yolo/bdd_src/images/16847a7a-19a5d9bf.jpg,night
/home/ps/Desktop/major_project/data/yolo/bdd_src/images/168943ee-06992b43.jpg,snow
/home/ps/Desktop/major_project/data/yolo/bdd_src/images/168c3687-fdc027c9.jpg,night
/home/ps/Desktop/major_project/data/yolo/bdd_src/images/16a87210-ead84786.jpg,night
/home/ps/Desktop/major_project/data/yolo/bdd_src/images/16a98dc3-c4e841ab.jpg,rain
/home/ps/Desktop/major_project/data/yolo/bdd_src/images/16ab84df-64df23f6.jpg,rain
/home/ps/Desktop/major_project/data/yolo/bdd_src/images/16b0973f-d310add6.jpg,snow
/home/ps/Desktop/major_project/data/yolo/bdd_src/images/16b3b870-5c6bb095.jpg,fog
/home/ps/Desktop/major_project/data/yolo/bdd_src/images/16b8b1ad-040b953a.jpg,night
/home/ps/Desktop/major_project/data/yolo/bdd_src/images/16b97566-fe1986fa.jpg,fog
/home/ps/Desktop/major_project/data/yolo/bdd_src/images/16c045e2-9e88bd5d.jpg,night
/home/ps/Desktop/major_project/data/yolo/bdd_src/images/16dce9f0-a914a65e.jpg,snow
/home/ps/Desktop/major_project/data/yolo/bdd_src/images/16dd5e70-4c08081a.jpg,snow
/home/ps/Desktop/major_project/data/yolo/bdd_src/images/16df479d-348db332.jpg,fog
/home/ps/Desktop/major_project/data/yolo/bdd_src/images/16eb68f7-772fb108.jpg,snow
/home/ps/Desktop/major_project/data/yolo/bdd_src/images/16ed72eb-e89f2ad8.jpg,rain
/home/ps/Desktop/major_project/data/yolo/bdd_src/images/16f26e4b-038bc7b6.jpg,fog
/home/ps/Desktop/major_project/data/yolo/bdd_src/images/1705aa50-8cffb1dc.jpg,fog
/home/ps/Desktop/major_project/data/yolo/bdd_src/images/170e3051-62c20666.jpg,night
/home/ps/Desktop/major_project/data/yolo/bdd_src/images/170f07b2-1b9dc2e5.jpg,rain
/home/ps/Desktop/major_project/data/yolo/bdd_src/images/17199913-20a5f37d.jpg,night
/home/ps/Desktop/major_project/data/yolo/bdd_src/images/1720f5b0-439cebb0.jpg,night
/home/ps/Desktop/major_project/data/yolo/bdd_src/images/17356806-0bb2d95e.jpg,snow
/home/ps/Desktop/major_project/data/yolo/bdd_src/images/1738fee9-b1481579.jpg,rain
/home/ps/Desktop/major_project/data/yolo/bdd_src/images/173a9b33-55f4fe08.jpg,fog
/home/ps/Desktop/major_project/data/yolo/bdd_src/images/175366ff-905a2215.jpg,fog
/home/ps/Desktop/major_project/data/yolo/bdd_src/images/176348dc-6fa14aef.jpg,night
/home/ps/Desktop/major_project/data/yolo/bdd_src/images/1766ce0c-5c8e2311.jpg,night
/home/ps/Desktop/major_project/data/yolo/bdd_src/images/17788687-5444fe2d.jpg,snow
/home/ps/Desktop/major_project/data/yolo/bdd_src/images/1784d67b-6b223914.jpg,rain
/home/ps/Desktop/major_project/data/yolo/bdd_src/images/178758a1-1016fb96.jpg,night
/home/ps/Desktop/major_project/data/yolo/bdd_src/images/178e47e1-c61bda09.jpg,rain
/home/ps/Desktop/major_project/data/yolo/bdd_src/images/178e47e1-dd196521.jpg,night
/home/ps/Desktop/major_project/data/yolo/bdd_src/images/1791ed67-bba461e5.jpg,fog
/home/ps/Desktop/major_project/data/yolo/bdd_src/images/1797ecb1-84ee3c11.jpg,night
/home/ps/Desktop/major_project/data/yolo/bdd_src/images/1797ecb1-d3260b6f.jpg,snow
/home/ps/Desktop/major_project/data/yolo/bdd_src/images/1797ecb1-da1c104f.jpg,fog
/home/ps/Desktop/major_project/data/yolo/bdd_src/images/1798c5d9-0e584ef1.jpg,snow
/home/ps/Desktop/major_project/data/yolo/bdd_src/images/17cc4c34-2d23045f.jpg,snow
/home/ps/Desktop/major_project/data/yolo/bdd_src/images/17d4f1b8-aaa10d26.jpg,rain
/home/ps/Desktop/major_project/data/yolo/bdd_src/images/17da591c-7bccf941.jpg,fog
/home/ps/Desktop/major_project/data/yolo/bdd_src/images/17da591c-992072b4.jpg,fog
/home/ps/Desktop/major_project/data/yolo/bdd_src/images/17dd182d-1df6245c.jpg,snow
/home/ps/Desktop/major_project/data/yolo/bdd_src/images/17f92c7b-d9e85445.jpg,night
/home/ps/Desktop/major_project/data/yolo/bdd_src/images/17fe4e68-b412023b.jpg,rain
/home/ps/Desktop/major_project/data/yolo/bdd_src/images/180e2832-41216079.jpg,fog
/home/ps/Desktop/major_project/data/yolo/bdd_src/images/181032f3-9203227f.jpg,fog
/home/ps/Desktop/major_project/data/yolo/bdd_src/images/18368c9a-41a3fda9.jpg,rain
/home/ps/Desktop/major_project/data/yolo/bdd_src/images/18368c9a-b3082f11.jpg,rain
/home/ps/Desktop/major_project/data/yolo/bdd_src/images/18401214-b79f1dab.jpg,fog
/home/ps/Desktop/major_project/data/yolo/bdd_src/images/184ebe9e-b16fa814.jpg,snow
/home/ps/Desktop/major_project/data/yolo/bdd_src/images/186663a5-c2d88fdc.jpg,rain
/home/ps/Desktop/major_project/data/yolo/bdd_src/images/186ca5af-0f2d3069.jpg,fog
/home/ps/Desktop/major_project/data/yolo/bdd_src/images/186ca5af-63613442.jpg,snow
/home/ps/Desktop/major_project/data/yolo/bdd_src/images/186ca5af-9c1c6524.jpg,rain
/home/ps/Desktop/major_project/data/yolo/bdd_src/images/186de1d0-887d548f.jpg,rain
/home/ps/Desktop/major_project/data/yolo/bdd_src/images/187631f3-fa0ac1b1.jpg,fog
/home/ps/Desktop/major_project/data/yolo/bdd_src/images/1878a76c-b31e857c.jpg,fog
/home/ps/Desktop/major_project/data/yolo/bdd_src/images/188c58f3-792afc71.jpg,snow
/home/ps/Desktop/major_project/data/yolo/bdd_src/images/188f6f0c-3066d074.jpg,night
/home/ps/Desktop/major_project/data/yolo/bdd_src/images/18c35ee9-3d188842.jpg,snow
/home/ps/Desktop/major_project/data/yolo/bdd_src/images/18c4d009-23fa8e73.jpg,night
/home/ps/Desktop/major_project/data/yolo/bdd_src/images/18c4d009-ff11950d.jpg,snow
/home/ps/Desktop/major_project/data/yolo/bdd_src/images/18c628fe-3de76152.jpg,fog
/home/ps/Desktop/major_project/data/yolo/bdd_src/images/18d8d035-ac7fd26d.jpg,fog
/home/ps/Desktop/major_project/data/yolo/bdd_src/images/18f3a1ee-e2576552.jpg,night
/home/ps/Desktop/major_project/data/yolo/bdd_src/images/18fab195-e00e5b41.jpg,rain
/home/ps/Desktop/major_project/data/yolo/bdd_src/images/18ffa547-583926f2.jpg,fog
/home/ps/Desktop/major_project/data/yolo/bdd_src/images/1901fa79-ef189940.jpg,night
/home/ps/Desktop/major_project/data/yolo/bdd_src/images/19075a39-5e46ddf4.jpg,fog
/home/ps/Desktop/major_project/data/yolo/bdd_src/images/19075a39-683ac1f6.jpg,fog
/home/ps/Desktop/major_project/data/yolo/bdd_src/images/19075a39-bde4acc2.jpg,fog
/home/ps/Desktop/major_project/data/yolo/bdd_src/images/19125ea4-2960ca39.jpg,night
/home/ps/Desktop/major_project/data/yolo/bdd_src/images/19146696-e35f3f33.jpg,fog
/home/ps/Desktop/major_project/data/yolo/bdd_src/images/19247328-465a4620.jpg,night
/home/ps/Desktop/major_project/data/yolo/bdd_src/images/192c097e-cc4072b9.jpg,night
/home/ps/Desktop/major_project/data/yolo/bdd_src/images/193fbaca-8e3aaa2a.jpg,night
/home/ps/Desktop/major_project/data/yolo/bdd_src/images/194058b0-ac0616a6.jpg,night
/home/ps/Desktop/major_project/data/yolo/bdd_src/images/19547e93-ad0d9b91.jpg,snow
/home/ps/Desktop/major_project/data/yolo/bdd_src/images/195bdf74-54506d65.jpg,rain
/home/ps/Desktop/major_project/data/yolo/bdd_src/images/1972b0b1-6e2c13ed.jpg,rain
/home/ps/Desktop/major_project/data/yolo/bdd_src/images/1979d6e6-1cdab452.jpg,rain
/home/ps/Desktop/major_project/data/yolo/bdd_src/images/19855dcc-896af21d.jpg,fog
/home/ps/Desktop/major_project/data/yolo/bdd_src/images/1989c447-0db38c5b.jpg,fog
/home/ps/Desktop/major_project/data/yolo/bdd_src/images/1989c447-c88760b5.jpg,rain
/home/ps/Desktop/major_project/data/yolo/bdd_src/images/198a70bf-7c19933f.jpg,snow
/home/ps/Desktop/major_project/data/yolo/bdd_src/images/1990abd7-b8dccca7.jpg,rain
/home/ps/Desktop/major_project/data/yolo/bdd_src/images/1995546e-1a151441.jpg,rain
/home/ps/Desktop/major_project/data/yolo/bdd_src/images/1995546e-74a5f248.jpg,snow
/home/ps/Desktop/major_project/data/yolo/bdd_src/images/19a966c6-052e8cd7.jpg,snow
/home/ps/Desktop/major_project/data/yolo/bdd_src/images/19ace893-ecedd60a.jpg,night
/home/ps/Desktop/major_project/data/yolo/bdd_src/images/19b8e16d-0e3fbc75.jpg,fog
/home/ps/Desktop/major_project/data/yolo/bdd_src/images/19bd3229-cb6de8f9.jpg,night
/home/ps/Desktop/major_project/data/yolo/bdd_src/images/19c24a08-6a6c388f.jpg,night
/home/ps/Desktop/major_project/data/yolo/bdd_src/images/19ca7914-cef03921.jpg,night
/home/ps/Desktop/major_project/data/yolo/bdd_src/images/19cec3a6-a2a9e531.jpg,fog
/home/ps/Desktop/major_project/data/yolo/bdd_src/images/19d1a281-5bc26ff2.jpg,night
/home/ps/Desktop/major_project/data/yolo/bdd_src/images/19d76936-5534076d.jpg,snow
/home/ps/Desktop/major_project/data/yolo/bdd_src/images/19e56249-09c4bbc6.jpg,fog
/home/ps/Desktop/major_project/data/yolo/bdd_src/images/19ec0fe4-2a9358a7.jpg,fog
/home/ps/Desktop/major_project/data/yolo/bdd_src/images/19eda71d-9e1c3bf2.jpg,snow
/home/ps/Desktop/major_project/data/yolo/bdd_src/images/19eda71d-a726fc5a.jpg,night
/home/ps/Desktop/major_project/data/yolo/bdd_src/images/19fc85f7-cc8a5835.jpg,night
/home/ps/Desktop/major_project/data/yolo/bdd_src/images/1a026423-b3b0d785.jpg,snow
/home/ps/Desktop/major_project/data/yolo/bdd_src/images/1a065e0a-cf163192.jpg,snow
/home/ps/Desktop/major_project/data/yolo/bdd_src/images/1a2e36d4-7f3e8a9c.jpg,snow
/home/ps/Desktop/major_project/data/yolo/bdd_src/images/1a2f950b-6289c313.jpg,snow
/home/ps/Desktop/major_project/data/yolo/bdd_src/images/1a378e0c-a52a3b7c.jpg,night
/home/ps/Desktop/major_project/data/yolo/bdd_src/images/1a47322a-72fb7390.jpg,snow
/home/ps/Desktop/major_project/data/yolo/bdd_src/images/1a4d08f6-aec85e96.jpg,night
/home/ps/Desktop/major_project/data/yolo/bdd_src/images/1a747661-4e1be05e.jpg,fog
/home/ps/Desktop/major_project/data/yolo/bdd_src/images/1a7bb587-77cda973.jpg,night
/home/ps/Desktop/major_project/data/yolo/bdd_src/images/1a8286c2-11ffd7b4.jpg,rain
/home/ps/Desktop/major_project/data/yolo/bdd_src/images/1a8286c2-8d848a85.jpg,snow
/home/ps/Desktop/major_project/data/yolo/bdd_src/images/1a82e710-1c75ddb7.jpg,fog
/home/ps/Desktop/major_project/data/yolo/bdd_src/images/1a8d12f7-82d13d55.jpg,fog
/home/ps/Desktop/major_project/data/yolo/bdd_src/images/1aa6dd36-8feb5194.jpg,fog
/home/ps/Desktop/major_project/data/yolo/bdd_src/images/1aaeea6e-dcbc4e45.jpg,fog
/home/ps/Desktop/major_project/data/yolo/bdd_src/images/1abddd47-92116c54.jpg,rain
/home/ps/Desktop/major_project/data/yolo/bdd_src/images/1ac0178c-02ddd606.jpg,snow
/home/ps/Desktop/major_project/data/yolo/bdd_src/images/1ac0178c-0b259360.jpg,night
/home/ps/Desktop/major_project/data/yolo/bdd_src/images/1ac08670-1be8adf8.jpg,night
/home/ps/Desktop/major_project/data/yolo/bdd_src/images/1ac141cf-7c4ac16f.jpg,rain
/home/ps/Desktop/major_project/data/yolo/bdd_src/images/1ac17070-a796f6de.jpg,rain
/home/ps/Desktop/major_project/data/yolo/bdd_src/images/1ac6f2f2-31ee3927.jpg,night
/home/ps/Desktop/major_project/data/yolo/bdd_src/images/1ada33f6-3b1ed6c2.jpg,night
/home/ps/Desktop/major_project/data/yolo/bdd_src/images/1ae2d17c-7606a0ea.jpg,night
/home/ps/Desktop/major_project/data/yolo/bdd_src/images/1b002152-03520d81.jpg,rain
/home/ps/Desktop/major_project/data/yolo/bdd_src/images/1b1c23cd-ce98edeb.jpg,rain
/home/ps/Desktop/major_project/data/yolo/bdd_src/images/1b1d23cb-8ebdbbb2.jpg,night
/home/ps/Desktop/major_project/data/yolo/bdd_src/images/1b1e2a5f-7b1c5747.jpg,night
/home/ps/Desktop/major_project/data/yolo/bdd_src/images/1b25e371-4672e226.jpg,night
/home/ps/Desktop/major_project/data/yolo/bdd_src/images/1b2ae45a-b7eea392.jpg,night
/home/ps/Desktop/major_project/data/yolo/bdd_src/images/1b30f76f-242c723b.jpg,snow
/home/ps/Desktop/major_project/data/yolo/bdd_src/images/1b30f76f-95aa8a06.jpg,fog
/home/ps/Desktop/major_project/data/yolo/bdd_src/images/1b3ce4e0-dead29eb.jpg,snow
/home/ps/Desktop/major_project/data/yolo/bdd_src/images/1b42cfb0-8a52b3a2.jpg,night
/home/ps/Desktop/major_project/data/yolo/bdd_src/images/1b494861-dddd08c5.jpg,night
/home/ps/Desktop/major_project/data/yolo/bdd_src/images/1b508ef4-69e01351.jpg,rain
/home/ps/Desktop/major_project/data/yolo/bdd_src/images/1b508ef4-79a56787.jpg,fog
/home/ps/Desktop/major_project/data/yolo/bdd_src/images/1b657c93-e616b559.jpg,fog
/home/ps/Desktop/major_project/data/yolo/bdd_src/images/1b6d28e7-c44c054b.jpg,night
/home/ps/Desktop/major_project/data/yolo/bdd_src/images/1b72216a-f6a15455.jpg,night
/home/ps/Desktop/major_project/data/yolo/bdd_src/images/1b7581a0-199de0d8.jpg,snow
/home/ps/Desktop/major_project/data/yolo/bdd_src/images/1b86fca6-7f67bde5.jpg,night
/home/ps/Desktop/major_project/data/yolo/bdd_src/images/1b8ec7c5-453d823a.jpg,rain
/home/ps/Desktop/major_project/data/yolo/bdd_src/images/1ba5f2b7-9546246a.jpg,fog
/home/ps/Desktop/major_project/data/yolo/bdd_src/images/1baa9fb6-4f4245fa.jpg,snow
/home/ps/Desktop/major_project/data/yolo/bdd_src/images/1bd46dc9-95eb67b4.jpg,fog
/home/ps/Desktop/major_project/data/yolo/bdd_src/images/1beb4677-77bb3de4.jpg,rain
/home/ps/Desktop/major_project/data/yolo/bdd_src/images/1beb4677-9ddda3c0.jpg,fog
/home/ps/Desktop/major_project/data/yolo/bdd_src/images/1bf7f3d2-47b83ab9.jpg,night
/home/ps/Desktop/major_project/data/yolo/bdd_src/images/1c1dce27-b464948b.jpg,night
/home/ps/Desktop/major_project/data/yolo/bdd_src/images/1c1dce27-c1ff9a6f.jpg,snow
/home/ps/Desktop/major_project/data/yolo/bdd_src/images/1c1f20ab-1a3318b3.jpg,fog
/home/ps/Desktop/major_project/data/yolo/bdd_src/images/1c1f20ab-8de2110e.jpg,night
/home/ps/Desktop/major_project/data/yolo/bdd_src/images/1c20ca7a-e39e2f8a.jpg,snow
/home/ps/Desktop/major_project/data/yolo/bdd_src/images/1c227a12-ec67af93.jpg,rain
/home/ps/Desktop/major_project/data/yolo/bdd_src/images/1c22af9e-47800ae3.jpg,rain
/home/ps/Desktop/major_project/data/yolo/bdd_src/images/1c22af9e-ea98b1d5.jpg,night
/home/ps/Desktop/major_project/data/yolo/bdd_src/images/1c26e0ec-05ede6ac.jpg,snow
/home/ps/Desktop/major_project/data/yolo/bdd_src/images/1c29669f-11476c35.jpg,night
/home/ps/Desktop/major_project/data/yolo/bdd_src/images/1c29669f-1237cc57.jpg,night
/home/ps/Desktop/major_project/data/yolo/bdd_src/images/1c2a60fd-683437fc.jpg,snow
/home/ps/Desktop/major_project/data/yolo/bdd_src/images/1c46b12a-d1a97c8d.jpg,snow
/home/ps/Desktop/major_project/data/yolo/bdd_src/images/1c5408e3-7f24349b.jpg,fog
/home/ps/Desktop/major_project/data/yolo/bdd_src/images/1c5bbed0-83891ea7.jpg,rain
/home/ps/Desktop/major_project/data/yolo/bdd_src/images/1c5e9657-2e2a2863.jpg,fog
/home/ps/Desktop/major_project/data/yolo/bdd_src/images/1c85ae6e-42a5340a.jpg,snow
/home/ps/Desktop/major_project/data/yolo/bdd_src/images/1ca3eb6c-9762c5e1.jpg,night
/home/ps/Desktop/major_project/data/yolo/bdd_src/images/1ca62c7d-9a870383.jpg,night
/home/ps/Desktop/major_project/data/yolo/bdd_src/images/1cbaad00-0d1ec921.jpg,fog
/home/ps/Desktop/major_project/data/yolo/bdd_src/images/1cbc711c-c0f3fc39.jpg,fog
/home/ps/Desktop/major_project/data/yolo/bdd_src/images/1cc17cef-2eb3926c.jpg,night
/home/ps/Desktop/major_project/data/yolo/bdd_src/images/1cc4bae8-8e41cd48.jpg,fog
/home/ps/Desktop/major_project/data/yolo/bdd_src/images/1cc4bae8-9e755850.jpg,snow
/home/ps/Desktop/major_project/data/yolo/bdd_src/images/1cc81e2d-0abbbc44.jpg,rain
/home/ps/Desktop/major_project/data/yolo/bdd_src/images/1cf54809-c6daa5a9.jpg,fog
/home/ps/Desktop/major_project/data/yolo/bdd_src/images/1cfa6c63-c97511b6.jpg,snow
/home/ps/Desktop/major_project/data/yolo/bdd_src/images/1d05318d-0faca852.jpg,fog
/home/ps/Desktop/major_project/data/yolo/bdd_src/images/1d175644-e479d702.jpg,snow
/home/ps/Desktop/major_project/data/yolo/bdd_src/images/1d20db39-1e1e61c2.jpg,snow
/home/ps/Desktop/major_project/data/yolo/bdd_src/images/1d23c2dd-969184f5.jpg,night
/home/ps/Desktop/major_project/data/yolo/bdd_src/images/1d288842-2221aa63.jpg,snow
/home/ps/Desktop/major_project/data/yolo/bdd_src/images/1d3f777c-090513bd.jpg,night
/home/ps/Desktop/major_project/data/yolo/bdd_src/images/1d469911-17955eba.jpg,night
/home/ps/Desktop/major_project/data/yolo/bdd_src/images/1d5d3b01-e3b28f8f.jpg,fog
/home/ps/Desktop/major_project/data/yolo/bdd_src/images/1d5d5507-96e6de2c.jpg,fog
/home/ps/Desktop/major_project/data/yolo/bdd_src/images/1d5e05f8-5020f67d.jpg,night
/home/ps/Desktop/major_project/data/yolo/bdd_src/images/1d61720e-1f7969df.jpg,snow
/home/ps/Desktop/major_project/data/yolo/bdd_src/images/1d707fb3-9c1fd08e.jpg,rain
/home/ps/Desktop/major_project/data/yolo/bdd_src/images/1d73551a-80b89246.jpg,night
/home/ps/Desktop/major_project/data/yolo/bdd_src/images/1d741c1a-5eb43a99.jpg,night
/home/ps/Desktop/major_project/data/yolo/bdd_src/images/1d80128f-d295dcf5.jpg,night
/home/ps/Desktop/major_project/data/yolo/bdd_src/images/1d817150-467e4322.jpg,fog
/home/ps/Desktop/major_project/data/yolo/bdd_src/images/1d943703-eebd6e07.jpg,fog
/home/ps/Desktop/major_project/data/yolo/bdd_src/images/1daa3709-d30c33e0.jpg,night
/home/ps/Desktop/major_project/data/yolo/bdd_src/images/1dc05de2-e262d86b.jpg,snow
/home/ps/Desktop/major_project/data/yolo/bdd_src/images/1ddc4424-e21ddea8.jpg,fog
/home/ps/Desktop/major_project/data/yolo/bdd_src/images/1de119a0-3668f28a.jpg,night
/home/ps/Desktop/major_project/data/yolo/bdd_src/images/1de119a0-f155a957.jpg,fog
/home/ps/Desktop/major_project/data/yolo/bdd_src/images/1e094903-383e03e3.jpg,fog
/home/ps/Desktop/major_project/data/yolo/bdd_src/images/1e0b7f40-ba59e660.jpg,night
/home/ps/Desktop/major_project/data/yolo/bdd_src/images/1e0ede7d-56d8db86.jpg,night
/home/ps/Desktop/major_project/data/yolo/bdd_src/images/1e0f054a-b4813169.jpg,rain
/home/ps/Desktop/major_project/data/yolo/bdd_src/images/1e112eab-439c9c17.jpg,snow
/home/ps/Desktop/major_project/data/yolo/bdd_src/images/1e112eab-e6a93758.jpg,rain
/home/ps/Desktop/major_project/data/yolo/bdd_src/images/1e1812c3-72b00b9f.jpg,night
/home/ps/Desktop/major_project/data/yolo/bdd_src/images/1e1da166-62a511d0.jpg,night
/home/ps/Desktop/major_project/data/yolo/bdd_src/images/1e2d42a4-1941b31d.jpg,rain
/home/ps/Desktop/major_project/data/yolo/bdd_src/images/1e3d9f83-acb146e9.jpg,fog
/home/ps/Desktop/major_project/data/yolo/bdd_src/images/1e511f2a-020a611c.jpg,night
/home/ps/Desktop/major_project/data/yolo/bdd_src/images/1e5658e1-1b46d458.jpg,snow
/home/ps/Desktop/major_project/data/yolo/bdd_src/images/1e5658e1-77979865.jpg,fog
/home/ps/Desktop/major_project/data/yolo/bdd_src/images/1e6d853a-ce238a0e.jpg,snow
/home/ps/Desktop/major_project/data/yolo/bdd_src/images/1e9fa196-3896a6a2.jpg,fog
/home/ps/Desktop/major_project/data/yolo/bdd_src/images/1ea051e1-196a437d.jpg,fog
/home/ps/Desktop/major_project/data/yolo/bdd_src/images/1ea3082f-72d261ef.jpg,snow
/home/ps/Desktop/major_project/data/yolo/bdd_src/images/1ea8d607-f6b81294.jpg,rain
/home/ps/Desktop/major_project/data/yolo/bdd_src/images/1ebff716-d0a1e759.jpg,rain
/home/ps/Desktop/major_project/data/yolo/bdd_src/images/1ec10b7e-fa3453dc.jpg,night
/home/ps/Desktop/major_project/data/yolo/bdd_src/images/1ec8e760-de40ab77.jpg,rain
/home/ps/Desktop/major_project/data/yolo/bdd_src/images/1edfce9c-234eca18.jpg,rain
/home/ps/Desktop/major_project/data/yolo/bdd_src/images/1edfce9c-46dd3483.jpg,rain
/home/ps/Desktop/major_project/data/yolo/bdd_src/images/1ee15aed-5ba3eb35.jpg,rain
/home/ps/Desktop/major_project/data/yolo/bdd_src/images/1ee59ed5-ddd976e2.jpg,rain
/home/ps/Desktop/major_project/data/yolo/bdd_src/images/1efaaad8-036f052a.jpg,snow
/home/ps/Desktop/major_project/data/yolo/bdd_src/images/1f082727-d2d0ba27.jpg,fog
/home/ps/Desktop/major_project/data/yolo/bdd_src/images/1f0b3fdd-b0875990.jpg,fog
/home/ps/Desktop/major_project/data/yolo/bdd_src/images/1f0d91cf-3b10867b.jpg,snow
/home/ps/Desktop/major_project/data/yolo/bdd_src/images/1f0fbe36-11ab1a97.jpg,snow
/home/ps/Desktop/major_project/data/yolo/bdd_src/images/1f20c88b-d7a6e554.jpg,night
/home/ps/Desktop/major_project/data/yolo/bdd_src/images/1f20c88b-ffc3c75c.jpg,fog
/home/ps/Desktop/major_project/data/yolo/bdd_src/images/1f296f3a-1389ffbf.jpg,night
/home/ps/Desktop/major_project/data/yolo/bdd_src/images/1f296f3a-4b8a9932.jpg,fog
/home/ps/Desktop/major_project/data/yolo/bdd_src/images/1f296f3a-fc0d3d95.jpg,night
/home/ps/Desktop/major_project/data/yolo/bdd_src/images/1f2c63be-1bdf2164.jpg,snow
/home/ps/Desktop/major_project/data/yolo/bdd_src/images/1f3c521a-e7b84fcc.jpg,fog
/home/ps/Desktop/major_project/data/yolo/bdd_src/images/1f44d8f2-6feb2c27.jpg,snow
/home/ps/Desktop/major_project/data/yolo/bdd_src/images/1f5d6bf1-7e1eadf0.jpg,snow
/home/ps/Desktop/major_project/data/yolo/bdd_src/images/1f697490-c4a2e9b5.jpg,night
/home/ps/Desktop/major_project/data/yolo/bdd_src/images/1f77fb7b-b2957aa2.jpg,fog
/home/ps/Desktop/major_project/data/yolo/bdd_src/images/1f97c58b-2ad7fce2.jpg,night
/home/ps/Desktop/major_project/data/yolo/bdd_src/images/1f99697b-655d0329.jpg,fog
/home/ps/Desktop/major_project/data/yolo/bdd_src/images/1f99697b-e5640969.jpg,rain
/home/ps/Desktop/major_project/data/yolo/bdd_src/images/1f99697b-f0202c9c.jpg,night
/home/ps/Desktop/major_project/data/yolo/bdd_src/images/1fa65acf-d43367bc.jpg,night
/home/ps/Desktop/major_project/data/yolo/bdd_src/images/1fc816f9-95d97c3a.jpg,snow
/home/ps/Desktop/major_project/data/yolo/bdd_src/images/1fd45411-ee177210.jpg,rain
/home/ps/Desktop/major_project/data/yolo/bdd_src/images/1fd67a9c-676382b7.jpg,fog
/home/ps/Desktop/major_project/data/yolo/bdd_src/images/1fd73f56-cdc9a21a.jpg,rain
/home/ps/Desktop/major_project/data/yolo/bdd_src/images/1fdf9217-47d61d91.jpg,fog
/home/ps/Desktop/major_project/data/yolo/bdd_src/images/1ffbc682-25c9e5d8.jpg,night
/home/ps/Desktop/major_project/data/yolo/bdd_src/images/200646db-e9fba9dd.jpg,snow
/home/ps/Desktop/major_project/data/yolo/bdd_src/images/2032bc98-e3827882.jpg,snow
/home/ps/Desktop/major_project/data/yolo/bdd_src/images/20480609-bb48851d.jpg,fog
/home/ps/Desktop/major_project/data/yolo/bdd_src/images/204a2a93-7ee0c2d2.jpg,fog
/home/ps/Desktop/major_project/data/yolo/bdd_src/images/204e35f4-add7f143.jpg,snow
/home/ps/Desktop/major_project/data/yolo/bdd_src/images/2059dcd1-a3c22ba3.jpg,fog
/home/ps/Desktop/major_project/data/yolo/bdd_src/images/205d934f-af939109.jpg,rain
/home/ps/Desktop/major_project/data/yolo/bdd_src/images/205fa425-12e46da9.jpg,rain
/home/ps/Desktop/major_project/data/yolo/bdd_src/images/205ffabb-165c8beb.jpg,night
/home/ps/Desktop/major_project/data/yolo/bdd_src/images/205ffabb-6c541db0.jpg,rain
/home/ps/Desktop/major_project/data/yolo/bdd_src/images/206a28b8-e4154a94.jpg,fog
/home/ps/Desktop/major_project/data/yolo/bdd_src/images/2078fbf2-fb7caeed.jpg,rain
/home/ps/Desktop/major_project/data/yolo/bdd_src/images/2081ca78-89ca7e40.jpg,snow
/home/ps/Desktop/major_project/data/yolo/bdd_src/images/20890376-99c52818.jpg,night
/home/ps/Desktop/major_project/data/yolo/bdd_src/images/20931284-0db2abda.jpg,rain
/home/ps/Desktop/major_project/data/yolo/bdd_src/images/20931284-0ffdabc0.jpg,rain
/home/ps/Desktop/major_project/data/yolo/bdd_src/images/20931284-3683998c.jpg,night
/home/ps/Desktop/major_project/data/yolo/bdd_src/images/20931284-54468367.jpg,snow
/home/ps/Desktop/major_project/data/yolo/bdd_src/images/20931284-d4b0d688.jpg,fog
/home/ps/Desktop/major_project/data/yolo/bdd_src/images/209a9827-5936cdd0.jpg,snow
/home/ps/Desktop/major_project/data/yolo/bdd_src/images/209f828f-97b77405.jpg,rain
/home/ps/Desktop/major_project/data/yolo/bdd_src/images/20a9d23f-f43e0dfd.jpg,fog
/home/ps/Desktop/major_project/data/yolo/bdd_src/images/20b07991-554011b3.jpg,snow
/home/ps/Desktop/major_project/data/yolo/bdd_src/images/20b3b81c-0ae81a55.jpg,rain
/home/ps/Desktop/major_project/data/yolo/bdd_src/images/20b732fc-f8066520.jpg,night
/home/ps/Desktop/major_project/data/yolo/bdd_src/images/20bab8d3-d46202ce.jpg,snow
/home/ps/Desktop/major_project/data/yolo/bdd_src/images/20c37f6a-36f84788.jpg,snow
/home/ps/Desktop/major_project/data/yolo/bdd_src/images/20ceee16-817c575c.jpg,fog
/home/ps/Desktop/major_project/data/yolo/bdd_src/images/20cfadfa-47711496.jpg,snow
/home/ps/Desktop/major_project/data/yolo/bdd_src/images/20e98ba5-9b26eb14.jpg,night
/home/ps/Desktop/major_project/data/yolo/bdd_src/images/20f33ce8-d25d3455.jpg,snow
/home/ps/Desktop/major_project/data/yolo/bdd_src/images/20f7845d-19a10d9d.jpg,fog
/home/ps/Desktop/major_project/data/yolo/bdd_src/images/20f7845d-e340ef85.jpg,snow
/home/ps/Desktop/major_project/data/yolo/bdd_src/images/20f9b961-0265642d.jpg,snow
/home/ps/Desktop/major_project/data/yolo/bdd_src/images/20fc599e-b0a8c92f.jpg,night
/home/ps/Desktop/major_project/data/yolo/bdd_src/images/2100be1f-b497e082.jpg,snow
/home/ps/Desktop/major_project/data/yolo/bdd_src/images/210f343d-8bc5d020.jpg,night
/home/ps/Desktop/major_project/data/yolo/bdd_src/images/2118d97b-3d7bd5d7.jpg,snow
/home/ps/Desktop/major_project/data/yolo/bdd_src/images/2126ed81-8aafecc2.jpg,night
/home/ps/Desktop/major_project/data/yolo/bdd_src/images/213bfba3-d2008c40.jpg,snow
/home/ps/Desktop/major_project/data/yolo/bdd_src/images/2143d41a-e88cb702.jpg,night
/home/ps/Desktop/major_project/data/yolo/bdd_src/images/2147a42b-f9e45cc6.jpg,rain
/home/ps/Desktop/major_project/data/yolo/bdd_src/images/214e3ee5-39a88238.jpg,rain
/home/ps/Desktop/major_project/data/yolo/bdd_src/images/21575924-6dcb9f33.jpg,fog
/home/ps/Desktop/major_project/data/yolo/bdd_src/images/215b7b34-864de34f.jpg,fog
/home/ps/Desktop/major_project/data/yolo/bdd_src/images/2163d684-5706e745.jpg,snow
/home/ps/Desktop/major_project/data/yolo/bdd_src/images/21700632-44fd3011.jpg,rain
/home/ps/Desktop/major_project/data/yolo/bdd_src/images/217772f3-a452e7a6.jpg,night
/home/ps/Desktop/major_project/data/yolo/bdd_src/images/217772f3-b0c3b134.jpg,fog
/home/ps/Desktop/major_project/data/yolo/bdd_src/images/2179b834-60b985e3.jpg,snow
/home/ps/Desktop/major_project/data/yolo/bdd_src/images/21825b6e-004096be.jpg,snow
/home/ps/Desktop/major_project/data/yolo/bdd_src/images/21825b6e-67047ea3.jpg,fog
/home/ps/Desktop/major_project/data/yolo/bdd_src/images/21977686-33a4bbae.jpg,night
/home/ps/Desktop/major_project/data/yolo/bdd_src/images/219a4590-38a440c7.jpg,rain
/home/ps/Desktop/major_project/data/yolo/bdd_src/images/21aa3c8e-00798dab.jpg,rain
/home/ps/Desktop/major_project/data/yolo/bdd_src/images/21add42a-374bf438.jpg,snow
/home/ps/Desktop/major_project/data/yolo/bdd_src/images/21ae72a5-34d3c25d.jpg,fog
/home/ps/Desktop/major_project/data/yolo/bdd_src/images/21ae72a5-502c7347.jpg,rain
/home/ps/Desktop/major_project/data/yolo/bdd_src/images/21be1bce-fe30fa3f.jpg,snow
/home/ps/Desktop/major_project/data/yolo/bdd_src/images/21d96559-16df7608.jpg,snow
/home/ps/Desktop/major_project/data/yolo/bdd_src/images/21da347b-679df204.jpg,rain
/home/ps/Desktop/major_project/data/yolo/bdd_src/images/21de859a-202af88a.jpg,rain
/home/ps/Desktop/major_project/data/yolo/bdd_src/images/21e57f5b-d14eaea9.jpg,rain
/home/ps/Desktop/major_project/data/yolo/bdd_src/images/21f694da-7811d771.jpg,night
/home/ps/Desktop/major_project/data/yolo/bdd_src/images/21f9ad35-74dbf9e1.jpg,rain
/home/ps/Desktop/major_project/data/yolo/bdd_src/images/221a7d5f-dc7b2f54.jpg,fog
/home/ps/Desktop/major_project/data/yolo/bdd_src/images/221fa2a1-4b37bd43.jpg,night
/home/ps/Desktop/major_project/data/yolo/bdd_src/images/2221f76d-dd28886e.jpg,snow
/home/ps/Desktop/major_project/data/yolo/bdd_src/images/22221942-56af1064.jpg,rain
/home/ps/Desktop/major_project/data/yolo/bdd_src/images/2224c461-351255b4.jpg,night
/home/ps/Desktop/major_project/data/yolo/bdd_src/images/22260cc0-36a80738.jpg,snow
/home/ps/Desktop/major_project/data/yolo/bdd_src/images/22260cc0-4713ac56.jpg,fog
/home/ps/Desktop/major_project/data/yolo/bdd_src/images/2235195b-71d0963d.jpg,night
/home/ps/Desktop/major_project/data/yolo/bdd_src/images/2235195b-8c4e5067.jpg,rain
/home/ps/Desktop/major_project/data/yolo/bdd_src/images/224699e0-8aedadd2.jpg,snow
/home/ps/Desktop/major_project/data/yolo/bdd_src/images/224cc4f0-aa51554f.jpg,rain
/home/ps/Desktop/major_project/data/yolo/bdd_src/images/22519a03-6f928622.jpg,snow
/home/ps/Desktop/major_project/data/yolo/bdd_src/images/225646cd-88d8a1d3.jpg,night
/home/ps/Desktop/major_project/data/yolo/bdd_src/images/225a1858-69ad5248.jpg,rain
/home/ps/Desktop/major_project/data/yolo/bdd_src/images/22713ff8-45b06033.jpg,snow
/home/ps/Desktop/major_project/data/yolo/bdd_src/images/227c4a9a-8b7606f8.jpg,rain
/home/ps/Desktop/major_project/data/yolo/bdd_src/images/22973247-a26dc13f.jpg,rain
/home/ps/Desktop/major_project/data/yolo/bdd_src/images/22a06018-5416e80b.jpg,snow
/home/ps/Desktop/major_project/data/yolo/bdd_src/images/22a06018-5a16bff5.jpg,fog
/home/ps/Desktop/major_project/data/yolo/bdd_src/images/22a3d2eb-724f3baf.jpg,rain
/home/ps/Desktop/major_project/data/yolo/bdd_src/images/22b9d238-9c4de992.jpg,rain
/home/ps/Desktop/major_project/data/yolo/bdd_src/images/22be2f14-59fbdca0.jpg,fog
/home/ps/Desktop/major_project/data/yolo/bdd_src/images/22c0b4e8-0c9206a7.jpg,night
/home/ps/Desktop/major_project/data/yolo/bdd_src/images/22d32d28-3a43ae2e.jpg,snow
/home/ps/Desktop/major_project/data/yolo/bdd_src/images/22ede244-f25eefc1.jpg,fog
/home/ps/Desktop/major_project/data/yolo/bdd_src/images/22f238b0-5943e9ef.jpg,night
/home/ps/Desktop/major_project/data/yolo/bdd_src/images/22f8a518-25986fe2.jpg,rain
/home/ps/Desktop/major_project/data/yolo/bdd_src/images/23061206-852042e5.jpg,fog
/home/ps/Desktop/major_project/data/yolo/bdd_src/images/230e84bf-5a21bf61.jpg,night
/home/ps/Desktop/major_project/data/yolo/bdd_src/images/23112889-a8ce8bc7.jpg,night
/home/ps/Desktop/major_project/data/yolo/bdd_src/images/2311e352-58852849.jpg,night
/home/ps/Desktop/major_project/data/yolo/bdd_src/images/23168fa7-fd5e7cfc.jpg,fog
/home/ps/Desktop/major_project/data/yolo/bdd_src/images/2317a54f-676f942d.jpg,rain
/home/ps/Desktop/major_project/data/yolo/bdd_src/images/2326b725-4afbb2b1.jpg,fog
/home/ps/Desktop/major_project/data/yolo/bdd_src/images/233ce678-c7a2185e.jpg,fog
/home/ps/Desktop/major_project/data/yolo/bdd_src/images/235376b3-53485875.jpg,fog
/home/ps/Desktop/major_project/data/yolo/bdd_src/images/235376b3-e8cef7eb.jpg,night
/home/ps/Desktop/major_project/data/yolo/bdd_src/images/2354bb99-338bca25.jpg,rain
/home/ps/Desktop/major_project/data/yolo/bdd_src/images/2357db00-55751c6f.jpg,rain
/home/ps/Desktop/major_project/data/yolo/bdd_src/images/23589c13-5e64b087.jpg,rain
/home/ps/Desktop/major_project/data/yolo/bdd_src/images/2360dc23-2ef08b67.jpg,fog
/home/ps/Desktop/major_project/data/yolo/bdd_src/images/2367ebef-b853d69a.jpg,snow
/home/ps/Desktop/major_project/data/yolo/bdd_src/images/236e681e-3fe83ea1.jpg,fog
/home/ps/Desktop/major_project/data/yolo/bdd_src/images/236f64ee-02ec6396.jpg,snow
/home/ps/Desktop/major_project/data/yolo/bdd_src/images/236f64ee-9cfbabf7.jpg,fog
/home/ps/Desktop/major_project/data/yolo/bdd_src/images/238d2b00-340de702.jpg,snow
/home/ps/Desktop/major_project/data/yolo/bdd_src/images/238d2b00-9d16bbea.jpg,night
/home/ps/Desktop/major_project/data/yolo/bdd_src/images/238d4825-1d51b4dd.jpg,snow
/home/ps/Desktop/major_project/data/yolo/bdd_src/images/238e53a1-5e653d02.jpg,fog
/home/ps/Desktop/major_project/data/yolo/bdd_src/images/23a3b139-cc73a28c.jpg,snow
/home/ps/Desktop/major_project/data/yolo/bdd_src/images/23d43164-4fe584ca.jpg,fog
/home/ps/Desktop/major_project/data/yolo/bdd_src/images/23d99463-079e249f.jpg,night
/home/ps/Desktop/major_project/data/yolo/bdd_src/images/23d99463-1334c060.jpg,fog
/home/ps/Desktop/major_project/data/yolo/bdd_src/images/23d99463-559d39b3.jpg,snow
/home/ps/Desktop/major_project/data/yolo/bdd_src/images/23d99463-71953572.jpg,fog
/home/ps/Desktop/major_project/data/yolo/bdd_src/images/23df146f-b720d23b.jpg,rain
/home/ps/Desktop/major_project/data/yolo/bdd_src/images/23dfa637-bed90829.jpg,night
/home/ps/Desktop/major_project/data/yolo/bdd_src/images/23e04b0c-081a0db2.jpg,snow
/home/ps/Desktop/major_project/data/yolo/bdd_src/images/23e6e46f-99f95dff.jpg,night
/home/ps/Desktop/major_project/data/yolo/bdd_src/images/23ea79d6-360d7e39.jpg,snow
/home/ps/Desktop/major_project/data/yolo/bdd_src/images/23ecad38-13ab5b0a.jpg,rain
/home/ps/Desktop/major_project/data/yolo/bdd_src/images/2400a762-13e6bced.jpg,rain
/home/ps/Desktop/major_project/data/yolo/bdd_src/images/2400a762-9f38fc21.jpg,fog
/home/ps/Desktop/major_project/data/yolo/bdd_src/images/24034eca-73f742ae.jpg,snow
/home/ps/Desktop/major_project/data/yolo/bdd_src/images/240a7217-4891b7c6.jpg,fog
/home/ps/Desktop/major_project/data/yolo/bdd_src/images/240ef20d-dc15a654.jpg,snow
/home/ps/Desktop/major_project/data/yolo/bdd_src/images/24179c38-b8325990.jpg,night
/home/ps/Desktop/major_project/data/yolo/bdd_src/images/241aa53c-f24ad767.jpg,snow
/home/ps/Desktop/major_project/data/yolo/bdd_src/images/241ba264-60cd49c7.jpg,snow
/home/ps/Desktop/major_project/data/yolo/bdd_src/images/241d1a1e-0f2e10e4.jpg,rain
/home/ps/Desktop/major_project/data/yolo/bdd_src/images/242d9992-eda5b5f1.jpg,night
/home/ps/Desktop/major_project/data/yolo/bdd_src/images/242e3248-722afb06.jpg,rain
/home/ps/Desktop/major_project/data/yolo/bdd_src/images/242f73d4-325f020c.jpg,fog
/home/ps/Desktop/major_project/data/yolo/bdd_src/images/24392d7c-9800e401.jpg,rain
/home/ps/Desktop/major_project/data/yolo/bdd_src/images/2439c8bb-cc224bf7.jpg,snow
/home/ps/Desktop/major_project/data/yolo/bdd_src/images/2439c8bb-fb467f26.jpg,snow
/home/ps/Desktop/major_project/data/yolo/bdd_src/images/2444d434-fcdc16bd.jpg,night
/home/ps/Desktop/major_project/data/yolo/bdd_src/images/24596759-4bcc0b09.jpg,night
/home/ps/Desktop/major_project/data/yolo/bdd_src/images/246053e0-58b74cd3.jpg,night
/home/ps/Desktop/major_project/data/yolo/bdd_src/images/246e5e7f-6d13e5e6.jpg,night
/home/ps/Desktop/major_project/data/yolo/bdd_src/images/2474d626-6387d123.jpg,fog
/home/ps/Desktop/major_project/data/yolo/bdd_src/images/247941f7-0d669844.jpg,fog
/home/ps/Desktop/major_project/data/yolo/bdd_src/images/24894c5f-0c40d845.jpg,night
/home/ps/Desktop/major_project/data/yolo/bdd_src/images/24894c5f-781f0bd8.jpg,night
/home/ps/Desktop/major_project/data/yolo/bdd_src/images/24894c5f-bb572090.jpg,fog
/home/ps/Desktop/major_project/data/yolo/bdd_src/images/248dab6f-6690e23b.jpg,night
/home/ps/Desktop/major_project/data/yolo/bdd_src/images/24a6f8cd-10a0c668.jpg,night
/home/ps/Desktop/major_project/data/yolo/bdd_src/images/24b4c65d-0292f002.jpg,fog
/home/ps/Desktop/major_project/data/yolo/bdd_src/images/24bb3cad-63bdd487.jpg,fog
/home/ps/Desktop/major_project/data/yolo/bdd_src/images/24bbe915-b82a3c2d.jpg,rain
/home/ps/Desktop/major_project/data/yolo/bdd_src/images/24cef2ba-e7e7f9e6.jpg,night
/home/ps/Desktop/major_project/data/yolo/bdd_src/images/24cf6a1f-08e1854c.jpg,night
/home/ps/Desktop/major_project/data/yolo/bdd_src/images/24cf6a1f-1a894ea0.jpg,fog
/home/ps/Desktop/major_project/data/yolo/bdd_src/images/24cf6a1f-9f53e91d.jpg,fog
/home/ps/Desktop/major_project/data/yolo/bdd_src/images/24d48016-f08a26fc.jpg,snow
/home/ps/Desktop/major_project/data/yolo/bdd_src/images/24e101fe-02adfcab.jpg,snow
/home/ps/Desktop/major_project/data/yolo/bdd_src/images/24f43441-d9d62b52.jpg,snow
/home/ps/Desktop/major_project/data/yolo/bdd_src/images/24f64352-577188db.jpg,fog
/home/ps/Desktop/major_project/data/yolo/bdd_src/images/24fabe36-f77bf9fc.jpg,fog
/home/ps/Desktop/major_project/data/yolo/bdd_src/images/2502aea4-ac8efc26.jpg,fog
/home/ps/Desktop/major_project/data/yolo/bdd_src/images/250e3ae9-fa9659fd.jpg,fog
/home/ps/Desktop/major_project/data/yolo/bdd_src/images/251ebff6-aa93e941.jpg,fog
/home/ps/Desktop/major_project/data/yolo/bdd_src/images/252bc951-8abd7cd0.jpg,fog
/home/ps/Desktop/major_project/data/yolo/bdd_src/images/2532100b-a300ef4f.jpg,night
/home/ps/Desktop/major_project/data/yolo/bdd_src/images/2532100b-d24f237f.jpg,night
/home/ps/Desktop/major_project/data/yolo/bdd_src/images/2532100b-e3a8d68c.jpg,rain
/home/ps/Desktop/major_project/data/yolo/bdd_src/images/2532100b-e5e84370.jpg,snow
/home/ps/Desktop/major_project/data/yolo/bdd_src/images/25383dc7-38877a02.jpg,rain
/home/ps/Desktop/major_project/data/yolo/bdd_src/images/253de07c-0f78a3b1.jpg,snow
/home/ps/Desktop/major_project/data/yolo/bdd_src/images/253de07c-b7ce073b.jpg,rain
/home/ps/Desktop/major_project/data/yolo/bdd_src/images/25472b9d-1ee06ba8.jpg,rain
/home/ps/Desktop/major_project/data/yolo/bdd_src/images/2550017d-67e2f647.jpg,fog
/home/ps/Desktop/major_project/data/yolo/bdd_src/images/2550017d-c843f7af.jpg,fog
/home/ps/Desktop/major_project/data/yolo/bdd_src/images/25504afa-1c7a1175.jpg,night
/home/ps/Desktop/major_project/data/yolo/bdd_src/images/25681502-2fc3af06.jpg,fog
/home/ps/Desktop/major_project/data/yolo/bdd_src/images/256a0fc7-82d64b7f.jpg,snow
/home/ps/Desktop/major_project/data/yolo/bdd_src/images/2577e0bf-4f34cd11.jpg,night
/home/ps/Desktop/major_project/data/yolo/bdd_src/images/257b3085-fd346fc9.jpg,night
/home/ps/Desktop/major_project/data/yolo/bdd_src/images/258575c6-c0fa3c49.jpg,rain
/home/ps/Desktop/major_project/data/yolo/bdd_src/images/2586c43f-1c64f70b.jpg,fog
/home/ps/Desktop/major_project/data/yolo/bdd_src/images/259bde00-7b72c93e.jpg,night
/home/ps/Desktop/major_project/data/yolo/bdd_src/images/25abdc75-cb22a8ce.jpg,night
/home/ps/Desktop/major_project/data/yolo/bdd_src/images/25b0b582-aba89595.jpg,night
/home/ps/Desktop/major_project/data/yolo/bdd_src/images/25b6fde2-ad21a1c3.jpg,snow
/home/ps/Desktop/major_project/data/yolo/bdd_src/images/25bcd385-39f9d45b.jpg,night
/home/ps/Desktop/major_project/data/yolo/bdd_src/images/25c289ee-d5491d3f.jpg,fog
/home/ps/Desktop/major_project/data/yolo/bdd_src/images/25c73b20-45395ebd.jpg,night
/home/ps/Desktop/major_project/data/yolo/bdd_src/images/25cc626e-f95f549a.jpg,night
/home/ps/Desktop/major_project/data/yolo/bdd_src/images/25df72b2-6a6fe32d.jpg,fog
/home/ps/Desktop/major_project/data/yolo/bdd_src/images/25e5b712-88cddf7a.jpg,fog
/home/ps/Desktop/major_project/data/yolo/bdd_src/images/25ffab7f-4396364d.jpg,fog
/home/ps/Desktop/major_project/data/yolo/bdd_src/images/26059667-4784d2c2.jpg,fog
/home/ps/Desktop/major_project/data/yolo/bdd_src/images/2609eaad-4308bc49.jpg,fog
/home/ps/Desktop/major_project/data/yolo/bdd_src/images/260d06b0-470e24f4.jpg,rain
/home/ps/Desktop/major_project/data/yolo/bdd_src/images/2615bbbb-998b46b1.jpg,snow
/home/ps/Desktop/major_project/data/yolo/bdd_src/images/26172e4b-5e6e39f3.jpg,rain
/home/ps/Desktop/major_project/data/yolo/bdd_src/images/26291d5e-68be35d8.jpg,night
/home/ps/Desktop/major_project/data/yolo/bdd_src/images/26296652-ab4bd532.jpg,rain
/home/ps/Desktop/major_project/data/yolo/bdd_src/images/263343cb-0d2c250d.jpg,fog
/home/ps/Desktop/major_project/data/yolo/bdd_src/images/2668d1f0-04fc283e.jpg,snow
/home/ps/Desktop/major_project/data/yolo/bdd_src/images/266a937c-3b948235.jpg,rain
/home/ps/Desktop/major_project/data/yolo/bdd_src/images/266a937c-af3ba66d.jpg,snow
/home/ps/Desktop/major_project/data/yolo/bdd_src/images/266e9515-93171855.jpg,rain
/home/ps/Desktop/major_project/data/yolo/bdd_src/images/26743589-1a93616c.jpg,rain
/home/ps/Desktop/major_project/data/yolo/bdd_src/images/26748861-426ce8dc.jpg,fog
/home/ps/Desktop/major_project/data/yolo/bdd_src/images/26838583-e0ebccd6.jpg,fog
/home/ps/Desktop/major_project/data/yolo/bdd_src/images/2699ae4a-c84ae674.jpg,fog
/home/ps/Desktop/major_project/data/yolo/bdd_src/images/269b0ada-91797057.jpg,snow
/home/ps/Desktop/major_project/data/yolo/bdd_src/images/269c224d-b68af293.jpg,rain
/home/ps/Desktop/major_project/data/yolo/bdd_src/images/26a3aaa7-d86aa1c5.jpg,rain
/home/ps/Desktop/major_project/data/yolo/bdd_src/images/26ac4dfd-598e7321.jpg,night
/home/ps/Desktop/major_project/data/yolo/bdd_src/images/26b804bd-26709aed.jpg,fog
/home/ps/Desktop/major_project/data/yolo/bdd_src/images/26bd4851-59c5f9be.jpg,night
/home/ps/Desktop/major_project/data/yolo/bdd_src/images/26bf80eb-3b8686e0.jpg,rain
/home/ps/Desktop/major_project/data/yolo/bdd_src/images/26c68a23-6b954d0b.jpg,fog
/home/ps/Desktop/major_project/data/yolo/bdd_src/images/26ce6f0d-142c4303.jpg,night
/home/ps/Desktop/major_project/data/yolo/bdd_src/images/26d4fcc6-b28a6606.jpg,snow
/home/ps/Desktop/major_project/data/yolo/bdd_src/images/26e2ae72-b950561a.jpg,fog
/home/ps/Desktop/major_project/data/yolo/bdd_src/images/26e4858a-5797e2e0.jpg,rain
/home/ps/Desktop/major_project/data/yolo/bdd_src/images/26e7f143-3b2cadcb.jpg,night
/home/ps/Desktop/major_project/data/yolo/bdd_src/images/26e7f143-7c7d83bf.jpg,fog
/home/ps/Desktop/major_project/data/yolo/bdd_src/images/26f4afd7-1a274a26.jpg,fog
/home/ps/Desktop/major_project/data/yolo/bdd_src/images/26f56822-1c6ca30b.jpg,fog
/home/ps/Desktop/major_project/data/yolo/bdd_src/images/2701b1e2-aef31b5e.jpg,fog
/home/ps/Desktop/major_project/data/yolo/bdd_src/images/270ed800-2798aa34.jpg,rain
/home/ps/Desktop/major_project/data/yolo/bdd_src/images/27132266-73575a3f.jpg,rain
/home/ps/Desktop/major_project/data/yolo/bdd_src/images/271ddb0a-7edfd8d2.jpg,snow
/home/ps/Desktop/major_project/data/yolo/bdd_src/images/2739a1a1-f8e21276.jpg,fog
/home/ps/Desktop/major_project/data/yolo/bdd_src/images/273baddf-9b671d37.jpg,snow
/home/ps/Desktop/major_project/data/yolo/bdd_src/images/2757a957-7f73b6b9.jpg,night
/home/ps/Desktop/major_project/data/yolo/bdd_src/images/2758598b-1c25deb8.jpg,fog
/home/ps/Desktop/major_project/data/yolo/bdd_src/images/275b3e50-31e233c6.jpg,snow
/home/ps/Desktop/major_project/data/yolo/bdd_src/images/27617ad7-dc3ecad5.jpg,fog
/home/ps/Desktop/major_project/data/yolo/bdd_src/images/27645526-f038b033.jpg,night
/home/ps/Desktop/major_project/data/yolo/bdd_src/images/2773af6f-23e23a6b.jpg,fog
/home/ps/Desktop/major_project/data/yolo/bdd_src/images/2778ff9b-01f0f42b.jpg,rain
/home/ps/Desktop/major_project/data/yolo/bdd_src/images/2793cd68-5d28d9cd.jpg,night
/home/ps/Desktop/major_project/data/yolo/bdd_src/images/2796cfe3-fab72c31.jpg,rain
/home/ps/Desktop/major_project/data/yolo/bdd_src/images/279ceb3d-d097f4a2.jpg,fog
/home/ps/Desktop/major_project/data/yolo/bdd_src/images/27a9c8fe-76617986.jpg,fog
/home/ps/Desktop/major_project/data/yolo/bdd_src/images/27c2b3af-492b985b.jpg,night
/home/ps/Desktop/major_project/data/yolo/bdd_src/images/27c2b3af-e0bdf021.jpg,rain
/home/ps/Desktop/major_project/data/yolo/bdd_src/images/27d7087a-07ac3356.jpg,night
/home/ps/Desktop/major_project/data/yolo/bdd_src/images/27f5a0bf-0ff58109.jpg,rain
/home/ps/Desktop/major_project/data/yolo/bdd_src/images/27f635b5-0893ff34.jpg,fog
/home/ps/Desktop/major_project/data/yolo/bdd_src/images/27fbbb54-a746716b.jpg,fog
/home/ps/Desktop/major_project/data/yolo/bdd_src/images/28134401-fe263511.jpg,rain
/home/ps/Desktop/major_project/data/yolo/bdd_src/images/282c502e-36041701.jpg,night
/home/ps/Desktop/major_project/data/yolo/bdd_src/images/28320f81-69610e0b.jpg,snow
/home/ps/Desktop/major_project/data/yolo/bdd_src/images/283253a1-b7277c5c.jpg,fog
/home/ps/Desktop/major_project/data/yolo/bdd_src/images/283c4da9-7d365b6f.jpg,rain
/home/ps/Desktop/major_project/data/yolo/bdd_src/images/283c4da9-fc243274.jpg,fog
/home/ps/Desktop/major_project/data/yolo/bdd_src/images/2844a516-eec3e23f.jpg,rain
/home/ps/Desktop/major_project/data/yolo/bdd_src/images/284dd256-bd8c79d0.jpg,snow
/home/ps/Desktop/major_project/data/yolo/bdd_src/images/288874ba-568faa6f.jpg,rain
/home/ps/Desktop/major_project/data/yolo/bdd_src/images/2890344b-4377e24b.jpg,snow
/home/ps/Desktop/major_project/data/yolo/bdd_src/images/28977da4-381e8a65.jpg,fog
/home/ps/Desktop/major_project/data/yolo/bdd_src/images/28b984c6-70784901.jpg,night
/home/ps/Desktop/major_project/data/yolo/bdd_src/images/28c472d9-9b6eb8c3.jpg,rain
/home/ps/Desktop/major_project/data/yolo/bdd_src/images/28c625d6-5464506b.jpg,night
/home/ps/Desktop/major_project/data/yolo/bdd_src/images/28c8c1d3-f88149cc.jpg,snow
/home/ps/Desktop/major_project/data/yolo/bdd_src/images/28cd4bae-f9f2b133.jpg,snow
/home/ps/Desktop/major_project/data/yolo/bdd_src/images/28f314e4-54060598.jpg,night
/home/ps/Desktop/major_project/data/yolo/bdd_src/images/28f35f00-d8311d86.jpg,rain
/home/ps/Desktop/major_project/data/yolo/bdd_src/images/28f89523-ae5d138e.jpg,fog
/home/ps/Desktop/major_project/data/yolo/bdd_src/images/28f89523-afb6c0da.jpg,rain
/home/ps/Desktop/major_project/data/yolo/bdd_src/images/29168c6d-11e6bea3.jpg,rain
/home/ps/Desktop/major_project/data/yolo/bdd_src/images/291dee4f-11ce12fa.jpg,snow
/home/ps/Desktop/major_project/data/yolo/bdd_src/images/29223e21-4958037e.jpg,rain
/home/ps/Desktop/major_project/data/yolo/bdd_src/images/292e0757-114dc786.jpg,rain
/home/ps/Desktop/major_project/data/yolo/bdd_src/images/29327306-7ae3838f.jpg,fog
/home/ps/Desktop/major_project/data/yolo/bdd_src/images/293e4359-1a29844a.jpg,rain
/home/ps/Desktop/major_project/data/yolo/bdd_src/images/295007d8-975ea171.jpg,rain
/home/ps/Desktop/major_project/data/yolo/bdd_src/images/29525520-571f6daf.jpg,fog
/home/ps/Desktop/major_project/data/yolo/bdd_src/images/2954b457-0e800fa3.jpg,night
/home/ps/Desktop/major_project/data/yolo/bdd_src/images/2954b457-6f3da7fc.jpg,night
/home/ps/Desktop/major_project/data/yolo/bdd_src/images/2954b457-c58e8b45.jpg,rain
/home/ps/Desktop/major_project/data/yolo/bdd_src/images/295fdca8-62a8f0c0.jpg,fog
/home/ps/Desktop/major_project/data/yolo/bdd_src/images/29610d9a-ba94b154.jpg,fog
/home/ps/Desktop/major_project/data/yolo/bdd_src/images/29676002-7d24b60e.jpg,fog
/home/ps/Desktop/major_project/data/yolo/bdd_src/images/2974e5a6-6ccbacaa.jpg,fog
/home/ps/Desktop/major_project/data/yolo/bdd_src/images/298185ad-c2694478.jpg,fog
/home/ps/Desktop/major_project/data/yolo/bdd_src/images/298185ad-e881f3e7.jpg,fog
/home/ps/Desktop/major_project/data/yolo/bdd_src/images/298726c9-a4add63c.jpg,fog
/home/ps/Desktop/major_project/data/yolo/bdd_src/images/298726c9-b28ea492.jpg,snow
/home/ps/Desktop/major_project/data/yolo/bdd_src/images/2988a2b2-727da079.jpg,night
/home/ps/Desktop/major_project/data/yolo/bdd_src/images/29892d76-77332b01.jpg,rain
/home/ps/Desktop/major_project/data/yolo/bdd_src/images/29adce0d-36edd5b8.jpg,night
/home/ps/Desktop/major_project/data/yolo/bdd_src/images/29c9ca26-7d1c3cf1.jpg,night
/home/ps/Desktop/major_project/data/yolo/bdd_src/images/29e4cf0e-b03f569e.jpg,fog
/home/ps/Desktop/major_project/data/yolo/bdd_src/images/29e4cf0e-d006876b.jpg,snow
/home/ps/Desktop/major_project/data/yolo/bdd_src/images/29e54439-2d148355.jpg,snow
/home/ps/Desktop/major_project/data/yolo/bdd_src/images/29ede712-0dd0a1eb.jpg,snow
/home/ps/Desktop/major_project/data/yolo/bdd_src/images/29ede712-6d290bbf.jpg,rain
/home/ps/Desktop/major_project/data/yolo/bdd_src/images/29ede712-8c0b0a0b.jpg,snow
/home/ps/Desktop/major_project/data/yolo/bdd_src/images/29f3efe3-56c1bdd6.jpg,night
/home/ps/Desktop/major_project/data/yolo/bdd_src/images/29f913a7-82581f53.jpg,snow
/home/ps/Desktop/major_project/data/yolo/bdd_src/images/29fea058-12db88e7.jpg,fog
/home/ps/Desktop/major_project/data/yolo/bdd_src/images/2a02db81-581e1c04.jpg,night
/home/ps/Desktop/major_project/data/yolo/bdd_src/images/2a0a45df-c9b3e94c.jpg,night
/home/ps/Desktop/major_project/data/yolo/bdd_src/images/2a0b6bf3-f82efefc.jpg,snow
/home/ps/Desktop/major_project/data/yolo/bdd_src/images/2a28eafc-52c6d3e5.jpg,rain
/home/ps/Desktop/major_project/data/yolo/bdd_src/images/2a2a9478-16fcffe7.jpg,rain
/home/ps/Desktop/major_project/data/yolo/bdd_src/images/2a490157-1d9c56ae.jpg,snow
/home/ps/Desktop/major_project/data/yolo/bdd_src/images/2a4e0cee-22af1f68.jpg,snow
/home/ps/Desktop/major_project/data/yolo/bdd_src/images/2a67f924-292e5767.jpg,snow
/home/ps/Desktop/major_project/data/yolo/bdd_src/images/2a6eb4e6-3ee7c199.jpg,fog
/home/ps/Desktop/major_project/data/yolo/bdd_src/images/2a6f5a98-4872732c.jpg,night
/home/ps/Desktop/major_project/data/yolo/bdd_src/images/2a74b9ed-08246257.jpg,snow
/home/ps/Desktop/major_project/data/yolo/bdd_src/images/2a762aa1-f7147908.jpg,snow
/home/ps/Desktop/major_project/data/yolo/bdd_src/images/2a7a4866-1e19484c.jpg,rain
/home/ps/Desktop/major_project/data/yolo/bdd_src/images/2a7a4866-9200460f.jpg,rain
/home/ps/Desktop/major_project/data/yolo/bdd_src/images/2a7a4866-fec3ee73.jpg,fog
/home/ps/Desktop/major_project/data/yolo/bdd_src/images/2a88b02c-d494b2f3.jpg,night
/home/ps/Desktop/major_project/data/yolo/bdd_src/images/2a9017bf-764909c4.jpg,night
/home/ps/Desktop/major_project/data/yolo/bdd_src/images/2a9c24e9-49b4fe10.jpg,fog
/home/ps/Desktop/major_project/data/yolo/bdd_src/images/2ab88494-fbe22e04.jpg,rain
/home/ps/Desktop/major_project/data/yolo/bdd_src/images/2ac70663-71f7f9db.jpg,rain
/home/ps/Desktop/major_project/data/yolo/bdd_src/images/2ad075e2-3e6d2125.jpg,snow
/home/ps/Desktop/major_project/data/yolo/bdd_src/images/2ad8324d-3993e716.jpg,night
/home/ps/Desktop/major_project/data/yolo/bdd_src/images/2ad8324d-615a893e.jpg,snow
/home/ps/Desktop/major_project/data/yolo/bdd_src/images/2ad8324d-7ca116b6.jpg,fog
/home/ps/Desktop/major_project/data/yolo/bdd_src/images/2ae19e0a-e6f943c7.jpg,fog
/home/ps/Desktop/major_project/data/yolo/bdd_src/images/2aed40d3-89139b4f.jpg,rain
/home/ps/Desktop/major_project/data/yolo/bdd_src/images/2b05ceba-0a201fdd.jpg,night
/home/ps/Desktop/major_project/data/yolo/bdd_src/images/2b136cb2-cd971223.jpg,snow
/home/ps/Desktop/major_project/data/yolo/bdd_src/images/2b28acca-016db464.jpg,fog
/home/ps/Desktop/major_project/data/yolo/bdd_src/images/2b3794c6-4abcfd94.jpg,night
/home/ps/Desktop/major_project/data/yolo/bdd_src/images/2b3d87f8-a6641499.jpg,rain
/home/ps/Desktop/major_project/data/yolo/bdd_src/images/2b4b9fa9-4221e1bb.jpg,snow
/home/ps/Desktop/major_project/data/yolo/bdd_src/images/2b50e905-7d6f54db.jpg,fog
/home/ps/Desktop/major_project/data/yolo/bdd_src/images/2b563809-7e2f6f8a.jpg,snow
/home/ps/Desktop/major_project/data/yolo/bdd_src/images/2b56f542-4cff4465.jpg,night
/home/ps/Desktop/major_project/data/yolo/bdd_src/images/2b5f0ec4-4167d7b4.jpg,fog
/home/ps/Desktop/major_project/data/yolo/bdd_src/images/2b7c1d3f-44359f3e.jpg,snow
/home/ps/Desktop/major_project/data/yolo/bdd_src/images/2b82651f-ae4877d2.jpg,snow
/home/ps/Desktop/major_project/data/yolo/bdd_src/images/2b88c907-1b5d88f6.jpg,snow
/home/ps/Desktop/major_project/data/yolo/bdd_src/images/2b901de6-4708b6ea.jpg,night
/home/ps/Desktop/major_project/data/yolo/bdd_src/images/2b92915d-347aa3a6.jpg,rain
/home/ps/Desktop/major_project/data/yolo/bdd_src/images/2b92915d-4e0f18b9.jpg,night
/home/ps/Desktop/major_project/data/yolo/bdd_src/images/2b92915d-72c85cc0.jpg,night
/home/ps/Desktop/major_project/data/yolo/bdd_src/images/2b92915d-801012cb.jpg,night
/home/ps/Desktop/major_project/data/yolo/bdd_src/images/2b9e683c-90a19964.jpg,fog
/home/ps/Desktop/major_project/data/yolo/bdd_src/images/2bb74555-9574ad4e.jpg,rain
/home/ps/Desktop/major_project/data/yolo/bdd_src/images/2bd3413f-1203f67c.jpg,snow
/home/ps/Desktop/major_project/data/yolo/bdd_src/images/2c02054a-4bbc2225.jpg,night
/home/ps/Desktop/major_project/data/yolo/bdd_src/images/2c02054a-e5b84dee.jpg,rain
/home/ps/Desktop/major_project/data/yolo/bdd_src/images/2c20f167-2b54cdab.jpg,night
/home/ps/Desktop/major_project/data/yolo/bdd_src/images/2c272437-0f087e85.jpg,snow
/home/ps/Desktop/major_project/data/yolo/bdd_src/images/2c272437-250ddee3.jpg,snow
/home/ps/Desktop/major_project/data/yolo/bdd_src/images/2c272437-48622ce1.jpg,rain
/home/ps/Desktop/major_project/data/yolo/bdd_src/images/2c2c7cef-e9999898.jpg,snow
/home/ps/Desktop/major_project/data/yolo/bdd_src/images/2c3171e6-4217ab81.jpg,fog
/home/ps/Desktop/major_project/data/yolo/bdd_src/images/2c4bb31f-f46bce71.jpg,rain
/home/ps/Desktop/major_project/data/yolo/bdd_src/images/2c4d0e3f-2584dcc8.jpg,rain
/home/ps/Desktop/major_project/data/yolo/bdd_src/images/2c4e4802-722b21ea.jpg,fog
/home/ps/Desktop/major_project/data/yolo/bdd_src/images/2c4e4802-bfbb9299.jpg,snow
/home/ps/Desktop/major_project/data/yolo/bdd_src/images/2c61087d-36569610.jpg,fog
/home/ps/Desktop/major_project/data/yolo/bdd_src/images/2c66a9f7-fb420465.jpg,fog
/home/ps/Desktop/major_project/data/yolo/bdd_src/images/2c691209-4a14272c.jpg,rain
/home/ps/Desktop/major_project/data/yolo/bdd_src/images/2c69812f-aedc1b89.jpg,night
/home/ps/Desktop/major_project/data/yolo/bdd_src/images/2c6c3bf2-142780c1.jpg,fog
/home/ps/Desktop/major_project/data/yolo/bdd_src/images/2c6d83c6-ea3c3d75.jpg,rain
/home/ps/Desktop/major_project/data/yolo/bdd_src/images/2c769192-6645531f.jpg,rain
/home/ps/Desktop/major_project/data/yolo/bdd_src/images/2c77bd4b-dbee3c2c.jpg,night
/home/ps/Desktop/major_project/data/yolo/bdd_src/images/2c87e51d-aa7a8031.jpg,snow
/home/ps/Desktop/major_project/data/yolo/bdd_src/images/2c8d8db2-a9237f49.jpg,fog
/home/ps/Desktop/major_project/data/yolo/bdd_src/images/2c90dfd5-140baca2.jpg,rain
/home/ps/Desktop/major_project/data/yolo/bdd_src/images/2c91ad18-d67645c3.jpg,rain
/home/ps/Desktop/major_project/data/yolo/bdd_src/images/2ca868dc-04499f4c.jpg,snow
/home/ps/Desktop/major_project/data/yolo/bdd_src/images/2cd3eeaf-bcbd36ce.jpg,rain
/home/ps/Desktop/major_project/data/yolo/bdd_src/images/2cd74998-bd1bf22a.jpg,night
/home/ps/Desktop/major_project/data/yolo/bdd_src/images/2ce5e0fc-1772f36a.jpg,snow
/home/ps/Desktop/major_project/data/yolo/bdd_src/images/2ce77259-01692be5.jpg,fog
/home/ps/Desktop/major_project/data/yolo/bdd_src/images/2ce7d369-b77fb3d8.jpg,fog
/home/ps/Desktop/major_project/data/yolo/bdd_src/images/2cf343a9-7f7f97a7.jpg,snow
/home/ps/Desktop/major_project/data/yolo/bdd_src/images/2cf343a9-c2028048.jpg,fog
/home/ps/Desktop/major_project/data/yolo/bdd_src/images/2cf9429d-16c2f177.jpg,rain
/home/ps/Desktop/major_project/data/yolo/bdd_src/images/2cf976a2-479cd46b.jpg,snow
/home/ps/Desktop/major_project/data/yolo/bdd_src/images/2cfec20e-f8a864dc.jpg,night
/home/ps/Desktop/major_project/data/yolo/bdd_src/images/2d2b2e0a-2b2af3db.jpg,snow
/home/ps/Desktop/major_project/data/yolo/bdd_src/images/2d3c5c52-c8746568.jpg,rain
/home/ps/Desktop/major_project/data/yolo/bdd_src/images/2d5838f8-0e6b52e1.jpg,night
/home/ps/Desktop/major_project/data/yolo/bdd_src/images/2d5aa536-f59d9400.jpg,night
/home/ps/Desktop/major_project/data/yolo/bdd_src/images/2d678938-52a178e4.jpg,night
/home/ps/Desktop/major_project/data/yolo/bdd_src/images/2d71ca4e-a0a8af09.jpg,fog
/home/ps/Desktop/major_project/data/yolo/bdd_src/images/2d86b379-c3a6e578.jpg,snow
/home/ps/Desktop/major_project/data/yolo/bdd_src/images/2d89f625-f01fdcad.jpg,snow
/home/ps/Desktop/major_project/data/yolo/bdd_src/images/2d92d8cf-77ebf4e0.jpg,rain
/home/ps/Desktop/major_project/data/yolo/bdd_src/images/2d9bdff1-fe071977.jpg,night
/home/ps/Desktop/major_project/data/yolo/bdd_src/images/2dc745eb-238a8ba6.jpg,snow
/home/ps/Desktop/major_project/data/yolo/bdd_src/images/2dc83489-04162e69.jpg,night
/home/ps/Desktop/major_project/data/yolo/bdd_src/images/2dc83489-d56ac338.jpg,rain
/home/ps/Desktop/major_project/data/yolo/bdd_src/images/2dd6a89d-b6574ee9.jpg,snow
/home/ps/Desktop/major_project/data/yolo/bdd_src/images/2de6e6db-4906be8c.jpg,night
/home/ps/Desktop/major_project/data/yolo/bdd_src/images/2dee29aa-162ab124.jpg,night
/home/ps/Desktop/major_project/data/yolo/bdd_src/images/2df1f136-92a69045.jpg,night
/home/ps/Desktop/major_project/data/yolo/bdd_src/images/2dfbbe90-ef3b134e.jpg,fog
/home/ps/Desktop/major_project/data/yolo/bdd_src/images/2e03779c-dae512e7.jpg,rain
/home/ps/Desktop/major_project/data/yolo/bdd_src/images/2e23e76a-f15a70c1.jpg,rain
/home/ps/Desktop/major_project/data/yolo/bdd_src/images/2e27b2af-59106bdf.jpg,snow
/home/ps/Desktop/major_project/data/yolo/bdd_src/images/2e2ad53a-91f1b501.jpg,fog
/home/ps/Desktop/major_project/data/yolo/bdd_src/images/2e2fae77-b7497ca0.jpg,rain
/home/ps/Desktop/major_project/data/yolo/bdd_src/images/2e3061c1-30f33573.jpg,night
/home/ps/Desktop/major_project/data/yolo/bdd_src/images/2e3061c1-ee55001b.jpg,rain
/home/ps/Desktop/major_project/data/yolo/bdd_src/images/2e3e1281-8ba88bd9.jpg,night
/home/ps/Desktop/major_project/data/yolo/bdd_src/images/2e48c02c-61077eac.jpg,snow
/home/ps/Desktop/major_project/data/yolo/bdd_src/images/2e4ba639-cb47a4e6.jpg,night
/home/ps/Desktop/major_project/data/yolo/bdd_src/images/2e51558a-2e3724cc.jpg,night
/home/ps/Desktop/major_project/data/yolo/bdd_src/images/2e5398bc-a96d4995.jpg,rain
/home/ps/Desktop/major_project/data/yolo/bdd_src/images/2e54034d-5fb9a7f7.jpg,night
/home/ps/Desktop/major_project/data/yolo/bdd_src/images/2e5a625e-190b3904.jpg,snow
/home/ps/Desktop/major_project/data/yolo/bdd_src/images/2e5d02f0-6f202ad0.jpg,fog
/home/ps/Desktop/major_project/data/yolo/bdd_src/images/2e684669-446b12d4.jpg,rain
/home/ps/Desktop/major_project/data/yolo/bdd_src/images/2e7128c1-15fd8a55.jpg,snow
/home/ps/Desktop/major_project/data/yolo/bdd_src/images/2e71f7e9-ae6500d5.jpg,snow
/home/ps/Desktop/major_project/data/yolo/bdd_src/images/2e71f7e9-f04463f0.jpg,night
/home/ps/Desktop/major_project/data/yolo/bdd_src/images/2e71f7e9-f86b16e9.jpg,fog
/home/ps/Desktop/major_project/data/yolo/bdd_src/images/2e776fd4-3b6e064d.jpg,fog
/home/ps/Desktop/major_project/data/yolo/bdd_src/images/2e7cbf8e-3f583897.jpg,night
/home/ps/Desktop/major_project/data/yolo/bdd_src/images/2e8c8d05-c73ab153.jpg,night
/home/ps/Desktop/major_project/data/yolo/bdd_src/images/2e9210db-a7047a87.jpg,snow
/home/ps/Desktop/major_project/data/yolo/bdd_src/images/2e9d2f92-05d818a4.jpg,fog
/home/ps/Desktop/major_project/data/yolo/bdd_src/images/2ea7ca3d-2ddc2638.jpg,night
/home/ps/Desktop/major_project/data/yolo/bdd_src/images/2eaca1db-0cbd9d42.jpg,snow
/home/ps/Desktop/major_project/data/yolo/bdd_src/images/2eaca1db-26a9f9e8.jpg,night
/home/ps/Desktop/major_project/data/yolo/bdd_src/images/2ead8042-2493c03f.jpg,snow
/home/ps/Desktop/major_project/data/yolo/bdd_src/images/2ead8042-98e1c545.jpg,fog
/home/ps/Desktop/major_project/data/yolo/bdd_src/images/2eb775ea-4149895d.jpg,snow
/home/ps/Desktop/major_project/data/yolo/bdd_src/images/2eb9234e-2651f4ff.jpg,night
/home/ps/Desktop/major_project/data/yolo/bdd_src/images/2ec0aa6c-5ccebcf1.jpg,fog
/home/ps/Desktop/major_project/data/yolo/bdd_src/images/2ec0b931-752c91e7.jpg,snow
/home/ps/Desktop/major_project/data/yolo/bdd_src/images/2ee0e392-6b08a335.jpg,fog
/home/ps/Desktop/major_project/data/yolo/bdd_src/images/2ee2b405-d21cc091.jpg,rain
/home/ps/Desktop/major_project/data/yolo/bdd_src/images/2ee2d1f6-93cbcc6c.jpg,night
/home/ps/Desktop/major_project/data/yolo/bdd_src/images/2ee9ee70-700a1100.jpg,snow
/home/ps/Desktop/major_project/data/yolo/bdd_src/images/2f08fdcf-992d43ee.jpg,fog
/home/ps/Desktop/major_project/data/yolo/bdd_src/images/2f0eccda-d0b65a9a.jpg,night
/home/ps/Desktop/major_project/data/yolo/bdd_src/images/2f0ef16b-ed8f541e.jpg,night
/home/ps/Desktop/major_project/data/yolo/bdd_src/images/2f17cfc3-d881a89f.jpg,rain
/home/ps/Desktop/major_project/data/yolo/bdd_src/images/2f1864c1-1a17d11c.jpg,fog
/home/ps/Desktop/major_project/data/yolo/bdd_src/images/2f1864c1-d62a0153.jpg,night
/home/ps/Desktop/major_project/data/yolo/bdd_src/images/2f1b8329-5d19372f.jpg,snow
/home/ps/Desktop/major_project/data/yolo/bdd_src/images/2f25399c-2ecdc373.jpg,night
/home/ps/Desktop/major_project/data/yolo/bdd_src/images/2f31ec89-7c6d9cb0.jpg,rain
/home/ps/Desktop/major_project/data/yolo/bdd_src/images/2f48d14f-823a4400.jpg,snow
/home/ps/Desktop/major_project/data/yolo/bdd_src/images/2f48d14f-9cd277be.jpg,night
/home/ps/Desktop/major_project/data/yolo/bdd_src/images/2f58f7ed-3cc6d427.jpg,rain
/home/ps/Desktop/major_project/data/yolo/bdd_src/images/2f5b65f6-a449be4a.jpg,rain
/home/ps/Desktop/major_project/data/yolo/bdd_src/images/2f612db4-4063183a.jpg,rain
/home/ps/Desktop/major_project/data/yolo/bdd_src/images/2f7bed99-51b78b7f.jpg,fog
/home/ps/Desktop/major_project/data/yolo/bdd_src/images/2f97ca3c-20d6deac.jpg,fog
/home/ps/Desktop/major_project/data/yolo/bdd_src/images/2f9b296d-1d8c27bd.jpg,fog
/home/ps/Desktop/major_project/data/yolo/bdd_src/images/2f9d52f9-6a6a0897.jpg,rain
/home/ps/Desktop/major_project/data/yolo/bdd_src/images/2fa86336-6e170c24.jpg,fog
/home/ps/Desktop/major_project/data/yolo/bdd_src/images/2fb3272c-979b02a7.jpg,night
/home/ps/Desktop/major_project/data/yolo/bdd_src/images/2fbe84b7-713425a6.jpg,rain
/home/ps/Desktop/major_project/data/yolo/bdd_src/images/2fc9ad1e-63a5b922.jpg,snow
/home/ps/Desktop/major_project/data/yolo/bdd_src/images/2fc9ad1e-9e5ff544.jpg,fog
/home/ps/Desktop/major_project/data/yolo/bdd_src/images/2fc9ad1e-bbd52966.jpg,night
/home/ps/Desktop/major_project/data/yolo/bdd_src/images/2fcf91ff-ea90842b.jpg,rain
/home/ps/Desktop/major_project/data/yolo/bdd_src/images/2fd60f5d-44559e40.jpg,night
/home/ps/Desktop/major_project/data/yolo/bdd_src/images/2fdcceaa-488a3a47.jpg,rain
/home/ps/Desktop/major_project/data/yolo/bdd_src/images/2fdcceaa-6fd41954.jpg,night
/home/ps/Desktop/major_project/data/yolo/bdd_src/images/2fdcceaa-cb6559fe.jpg,fog
/home/ps/Desktop/major_project/data/yolo/bdd_src/images/2fdcceaa-fff89b2a.jpg,rain
/home/ps/Desktop/major_project/data/yolo/bdd_src/images/2fdf38d0-c852cd7e.jpg,fog
/home/ps/Desktop/major_project/data/yolo/bdd_src/images/3010d4be-e0fd23d4.jpg,night
/home/ps/Desktop/major_project/data/yolo/bdd_src/images/30168ef2-7b547868.jpg,rain
/home/ps/Desktop/major_project/data/yolo/bdd_src/images/301961be-02e85105.jpg,snow
/home/ps/Desktop/major_project/data/yolo/bdd_src/images/3019c693-5815bbe0.jpg,snow
/home/ps/Desktop/major_project/data/yolo/bdd_src/images/30278c32-6fbf3f68.jpg,rain
/home/ps/Desktop/major_project/data/yolo/bdd_src/images/3038ef57-6f279d48.jpg,fog
/home/ps/Desktop/major_project/data/yolo/bdd_src/images/303d5b4d-9cf71ef0.jpg,snow
/home/ps/Desktop/major_project/data/yolo/bdd_src/images/3056395e-f0f232bb.jpg,rain
/home/ps/Desktop/major_project/data/yolo/bdd_src/images/305d597f-e51dde8e.jpg,night
/home/ps/Desktop/major_project/data/yolo/bdd_src/images/308c35c0-566512c7.jpg,rain
/home/ps/Desktop/major_project/data/yolo/bdd_src/images/30a0a9e1-adce5a52.jpg,fog
/home/ps/Desktop/major_project/data/yolo/bdd_src/images/30a1afd5-b05e3644.jpg,night
/home/ps/Desktop/major_project/data/yolo/bdd_src/images/30a98b38-fa69f028.jpg,rain
/home/ps/Desktop/major_project/data/yolo/bdd_src/images/30ab8f70-65631954.jpg,night
/home/ps/Desktop/major_project/data/yolo/bdd_src/images/30ab8f70-fe717d15.jpg,fog
/home/ps/Desktop/major_project/data/yolo/bdd_src/images/30b6cf22-0c9574ea.jpg,rain
/home/ps/Desktop/major_project/data/yolo/bdd_src/images/30bccc7f-d39d86f6.jpg,fog
/home/ps/Desktop/major_project/data/yolo/bdd_src/images/30cbf134-41ca2bc1.jpg,snow
/home/ps/Desktop/major_project/data/yolo/bdd_src/images/30cc60f2-6e7c6d72.jpg,rain
/home/ps/Desktop/major_project/data/yolo/bdd_src/images/30ff6387-2beb3581.jpg,night
/home/ps/Desktop/major_project/data/yolo/bdd_src/images/3100e8a0-baaeb277.jpg,fog
/home/ps/Desktop/major_project/data/yolo/bdd_src/images/3103aaf8-9b46f263.jpg,fog
/home/ps/Desktop/major_project/data/yolo/bdd_src/images/3103d1b2-ed19c894.jpg,rain
/home/ps/Desktop/major_project/data/yolo/bdd_src/images/3103e438-2aa1fd29.jpg,fog
/home/ps/Desktop/major_project/data/yolo/bdd_src/images/310e749e-e83c5d9d.jpg,night
/home/ps/Desktop/major_project/data/yolo/bdd_src/images/311f507d-fab656e6.jpg,fog
/home/ps/Desktop/major_project/data/yolo/bdd_src/images/31437cc4-2ff33ea4.jpg,night
/home/ps/Desktop/major_project/data/yolo/bdd_src/images/3144b325-c1f560ec.jpg,rain
/home/ps/Desktop/major_project/data/yolo/bdd_src/images/314cc010-3eab5c90.jpg,rain
/home/ps/Desktop/major_project/data/yolo/bdd_src/images/31592d2c-3ed7db81.jpg,rain
/home/ps/Desktop/major_project/data/yolo/bdd_src/images/315e26f6-32ed9eb0.jpg,rain
/home/ps/Desktop/major_project/data/yolo/bdd_src/images/31675833-6267f57c.jpg,snow
/home/ps/Desktop/major_project/data/yolo/bdd_src/images/3167c7cf-68f07810.jpg,night
/home/ps/Desktop/major_project/data/yolo/bdd_src/images/316dcb72-1319dd74.jpg,rain
/home/ps/Desktop/major_project/data/yolo/bdd_src/images/31817fbb-0db6510f.jpg,rain
/home/ps/Desktop/major_project/data/yolo/bdd_src/images/31817fbb-e7a8d925.jpg,fog
/home/ps/Desktop/major_project/data/yolo/bdd_src/images/3198a12f-5346e8a7.jpg,night
/home/ps/Desktop/major_project/data/yolo/bdd_src/images/31a9e4c6-4e732f45.jpg,night
/home/ps/Desktop/major_project/data/yolo/bdd_src/images/31c13fad-b6e9ea37.jpg,night
/home/ps/Desktop/major_project/data/yolo/bdd_src/images/31c1e0de-77e6f8ba.jpg,snow
/home/ps/Desktop/major_project/data/yolo/bdd_src/images/31c6e31c-1a665cde.jpg,night
/home/ps/Desktop/major_project/data/yolo/bdd_src/images/31c82271-9b426b9c.jpg,snow
/home/ps/Desktop/major_project/data/yolo/bdd_src/images/31e4471d-930a4fa4.jpg,night
/home/ps/Desktop/major_project/data/yolo/bdd_src/images/31f4bca4-a95a9f8a.jpg,fog
/home/ps/Desktop/major_project/data/yolo/bdd_src/images/31f9eb70-45e4cdc2.jpg,rain
/home/ps/Desktop/major_project/data/yolo/bdd_src/images/32089941-4061e848.jpg,fog
/home/ps/Desktop/major_project/data/yolo/bdd_src/images/320f488b-eb3b9d4c.jpg,fog
/home/ps/Desktop/major_project/data/yolo/bdd_src/images/321d08e1-f2f45440.jpg,rain
/home/ps/Desktop/major_project/data/yolo/bdd_src/images/323a3e5f-09d270e4.jpg,rain
/home/ps/Desktop/major_project/data/yolo/bdd_src/images/323a3e5f-9d906ca9.jpg,fog
/home/ps/Desktop/major_project/data/yolo/bdd_src/images/323a3e5f-a70f4d22.jpg,rain
/home/ps/Desktop/major_project/data/yolo/bdd_src/images/325886f4-bb2f51bf.jpg,snow
/home/ps/Desktop/major_project/data/yolo/bdd_src/images/325a8deb-6063cd3a.jpg,night
/home/ps/Desktop/major_project/data/yolo/bdd_src/images/326b7a6d-496c22d0.jpg,rain
/home/ps/Desktop/major_project/data/yolo/bdd_src/images/3278b26f-e4d0f5ba.jpg,rain
/home/ps/Desktop/major_project/data/yolo/bdd_src/images/3279d0f9-5f415695.jpg,rain
/home/ps/Desktop/major_project/data/yolo/bdd_src/images/3279d0f9-bda21087.jpg,snow
/home/ps/Desktop/major_project/data/yolo/bdd_src/images/327bcc3a-27886972.jpg,rain
/home/ps/Desktop/major_project/data/yolo/bdd_src/images/327e2f77-91f87922.jpg,snow
/home/ps/Desktop/major_project/data/yolo/bdd_src/images/327e2f77-99160976.jpg,snow
/home/ps/Desktop/major_project/data/yolo/bdd_src/images/32876d94-f65066d5.jpg,rain
/home/ps/Desktop/major_project/data/yolo/bdd_src/images/328a2d8a-806ebec4.jpg,rain
/home/ps/Desktop/major_project/data/yolo/bdd_src/images/328a2d8a-ccb84065.jpg,fog
/home/ps/Desktop/major_project/data/yolo/bdd_src/images/328e2c2d-0b1d0e47.jpg,fog
/home/ps/Desktop/major_project/data/yolo/bdd_src/images/32b0a8c8-9d35b30a.jpg,rain
/home/ps/Desktop/major_project/data/yolo/bdd_src/images/32b33022-49cb0996.jpg,fog
/home/ps/Desktop/major_project/data/yolo/bdd_src/images/32b33022-df9404a3.jpg,snow
/home/ps/Desktop/major_project/data/yolo/bdd_src/images/32cf0c44-f2e2aa9e.jpg,rain
/home/ps/Desktop/major_project/data/yolo/bdd_src/images/32deaadb-00125e43.jpg,fog
/home/ps/Desktop/major_project/data/yolo/bdd_src/images/32e59504-5f2a8163.jpg,fog
/home/ps/Desktop/major_project/data/yolo/bdd_src/images/32e89c7b-b2e4fae2.jpg,night
/home/ps/Desktop/major_project/data/yolo/bdd_src/images/32f19445-16a3cf09.jpg,night
/home/ps/Desktop/major_project/data/yolo/bdd_src/images/3307d834-053bed77.jpg,night
/home/ps/Desktop/major_project/data/yolo/bdd_src/images/3308ade3-ad27b0ec.jpg,night
/home/ps/Desktop/major_project/data/yolo/bdd_src/images/3319242a-65c78db3.jpg,fog
/home/ps/Desktop/major_project/data/yolo/bdd_src/images/3335c6f0-122c32e1.jpg,night
/home/ps/Desktop/major_project/data/yolo/bdd_src/images/3335c6f0-89a09723.jpg,fog
/home/ps/Desktop/major_project/data/yolo/bdd_src/images/3335c6f0-cd68b11d.jpg,night
/home/ps/Desktop/major_project/data/yolo/bdd_src/images/3335c6f0-ce8128c3.jpg,snow
/home/ps/Desktop/major_project/data/yolo/bdd_src/images/3367391e-7950da7d.jpg,snow
/home/ps/Desktop/major_project/data/yolo/bdd_src/images/33832400-b49be4e7.jpg,night
/home/ps/Desktop/major_project/data/yolo/bdd_src/images/33869d62-58889c1d.jpg,fog
/home/ps/Desktop/major_project/data/yolo/bdd_src/images/33a6d315-116e0637.jpg,fog
/home/ps/Desktop/major_project/data/yolo/bdd_src/images/33ac7be1-656dfb40.jpg,rain
/home/ps/Desktop/major_project/data/yolo/bdd_src/images/33ac83ac-3f0d3a59.jpg,snow
/home/ps/Desktop/major_project/data/yolo/bdd_src/images/33ade6d3-c0ca0881.jpg,snow
/home/ps/Desktop/major_project/data/yolo/bdd_src/images/33c2731c-3f491a4d.jpg,snow
/home/ps/Desktop/major_project/data/yolo/bdd_src/images/33c64ad7-cc3c0134.jpg,night
/home/ps/Desktop/major_project/data/yolo/bdd_src/images/33e8a6e9-d4e93aec.jpg,night
/home/ps/Desktop/major_project/data/yolo/bdd_src/images/33eb69c7-d23f6c6b.jpg,night
/home/ps/Desktop/major_project/data/yolo/bdd_src/images/33ecb4a1-2822d82b.jpg,night
/home/ps/Desktop/major_project/data/yolo/bdd_src/images/33fbca34-1f18826d.jpg,night
/home/ps/Desktop/major_project/data/yolo/bdd_src/images/33fbca34-6996c09b.jpg,night
/home/ps/Desktop/major_project/data/yolo/bdd_src/images/340257de-cfb1836e.jpg,rain
/home/ps/Desktop/major_project/data/yolo/bdd_src/images/34033bcb-0ae14e40.jpg,rain
/home/ps/Desktop/major_project/data/yolo/bdd_src/images/34033bcb-9b853e08.jpg,fog
/home/ps/Desktop/major_project/data/yolo/bdd_src/images/340aa945-4e926a18.jpg,rain
/home/ps/Desktop/major_project/data/yolo/bdd_src/images/34370e14-1b8c2ff4.jpg,night
/home/ps/Desktop/major_project/data/yolo/bdd_src/images/3447e66a-8c28a9f3.jpg,rain
/home/ps/Desktop/major_project/data/yolo/bdd_src/images/3447e66a-c5221ce4.jpg,rain
/home/ps/Desktop/major_project/data/yolo/bdd_src/images/34484b77-df3b7699.jpg,rain
/home/ps/Desktop/major_project/data/yolo/bdd_src/images/3476e246-34972b53.jpg,snow
/home/ps/Desktop/major_project/data/yolo/bdd_src/images/347d4175-38c25222.jpg,snow
/home/ps/Desktop/major_project/data/yolo/bdd_src/images/347f5d1b-87d6360e.jpg,fog
/home/ps/Desktop/major_project/data/yolo/bdd_src/images/348b0361-ab256b74.jpg,snow
/home/ps/Desktop/major_project/data/yolo/bdd_src/images/34955e92-837f7093.jpg,snow
/home/ps/Desktop/major_project/data/yolo/bdd_src/images/349d7a53-ac3edcd7.jpg,rain
/home/ps/Desktop/major_project/data/yolo/bdd_src/images/34a9ab65-d01fe791.jpg,fog
/home/ps/Desktop/major_project/data/yolo/bdd_src/images/34b2b58a-ba9b54ad.jpg,rain
/home/ps/Desktop/major_project/data/yolo/bdd_src/images/34cbfd92-77b10b17.jpg,night
/home/ps/Desktop/major_project/data/yolo/bdd_src/images/34ed9e34-7b88ba53.jpg,snow
/home/ps/Desktop/major_project/data/yolo/bdd_src/images/34f06372-2a105906.jpg,night
/home/ps/Desktop/major_project/data/yolo/bdd_src/images/34f3e55f-14c15ac6.jpg,night
/home/ps/Desktop/major_project/data/yolo/bdd_src/images/3502f8fd-07c7c01b.jpg,rain
/home/ps/Desktop/major_project/data/yolo/bdd_src/images/350334d0-7c7c1937.jpg,snow
/home/ps/Desktop/major_project/data/yolo/bdd_src/images/350334d0-f2110e3a.jpg,fog
/home/ps/Desktop/major_project/data/yolo/bdd_src/images/351cc137-56cdf74c.jpg,rain
/home/ps/Desktop/major_project/data/yolo/bdd_src/images/352752be-eb1c77e7.jpg,fog
/home/ps/Desktop/major_project/data/yolo/bdd_src/images/352dd68d-21fa3b7e.jpg,night
/home/ps/Desktop/major_project/data/yolo/bdd_src/images/3530814b-831845e0.jpg,snow
/home/ps/Desktop/major_project/data/yolo/bdd_src/images/3539c279-0451e3fb.jpg,snow
/home/ps/Desktop/major_project/data/yolo/bdd_src/images/353c68ef-1e225e29.jpg,rain
/home/ps/Desktop/major_project/data/yolo/bdd_src/images/353c68ef-9eb2431f.jpg,rain
/home/ps/Desktop/major_project/data/yolo/bdd_src/images/353c68ef-da54f795.jpg,rain
/home/ps/Desktop/major_project/data/yolo/bdd_src/images/354702d7-c01f7816.jpg,rain
/home/ps/Desktop/major_project/data/yolo/bdd_src/images/354702d7-d35b21a4.jpg,snow
/home/ps/Desktop/major_project/data/yolo/bdd_src/images/35554ca4-b6fd1648.jpg,snow
/home/ps/Desktop/major_project/data/yolo/bdd_src/images/355ad13c-874481b9.jpg,rain
/home/ps/Desktop/major_project/data/yolo/bdd_src/images/355f56e4-40157793.jpg,fog
/home/ps/Desktop/major_project/data/yolo/bdd_src/images/35627f1d-814eaa94.jpg,fog
/home/ps/Desktop/major_project/data/yolo/bdd_src/images/356ca0ae-17b6afd2.jpg,fog
/home/ps/Desktop/major_project/data/yolo/bdd_src/images/357c75e1-11f73022.jpg,rain
/home/ps/Desktop/major_project/data/yolo/bdd_src/images/3596ca26-f7d3ab6b.jpg,snow
/home/ps/Desktop/major_project/data/yolo/bdd_src/images/3599eaf6-6e05c900.jpg,snow
/home/ps/Desktop/major_project/data/yolo/bdd_src/images/359c8000-2be329f0.jpg,night
/home/ps/Desktop/major_project/data/yolo/bdd_src/images/35a198ba-30eda86e.jpg,snow
/home/ps/Desktop/major_project/data/yolo/bdd_src/images/35a5b99f-70a4e580.jpg,rain
/home/ps/Desktop/major_project/data/yolo/bdd_src/images/35a6a1aa-5cb6907b.jpg,snow
/home/ps/Desktop/major_project/data/yolo/bdd_src/images/35ba00ee-41eccdf1.jpg,snow
/home/ps/Desktop/major_project/data/yolo/bdd_src/images/35bb1bdb-17716b31.jpg,rain
/home/ps/Desktop/major_project/data/yolo/bdd_src/images/35be1429-4ab03975.jpg,fog
/home/ps/Desktop/major_project/data/yolo/bdd_src/images/35be44c0-e6712573.jpg,fog
/home/ps/Desktop/major_project/data/yolo/bdd_src/images/35c0d4f6-0d5bd656.jpg,rain
/home/ps/Desktop/major_project/data/yolo/bdd_src/images/35d6cefc-bf08f6a8.jpg,rain
/home/ps/Desktop/major_project/data/yolo/bdd_src/images/35e450c2-52508456.jpg,rain
/home/ps/Desktop/major_project/data/yolo/bdd_src/images/35e450c2-b91d7425.jpg,rain
/home/ps/Desktop/major_project/data/yolo/bdd_src/images/35f3725f-beb5b546.jpg,night
/home/ps/Desktop/major_project/data/yolo/bdd_src/images/35f3d50a-7fa422d0.jpg,rain
/home/ps/Desktop/major_project/data/yolo/bdd_src/images/35f4dc75-b251c24e.jpg,fog
/home/ps/Desktop/major_project/data/yolo/bdd_src/images/35f95308-8122abde.jpg,rain
/home/ps/Desktop/major_project/data/yolo/bdd_src/images/35f95308-c5641366.jpg,fog
/home/ps/Desktop/major_project/data/yolo/bdd_src/images/35f97d7c-c09e0579.jpg,snow
/home/ps/Desktop/major_project/data/yolo/bdd_src/images/35ffa090-b4326a3e.jpg,snow
/home/ps/Desktop/major_project/data/yolo/bdd_src/images/3612de65-3119dab2.jpg,night
/home/ps/Desktop/major_project/data/yolo/bdd_src/images/36218e0d-ba2cc99c.jpg,night
/home/ps/Desktop/major_project/data/yolo/bdd_src/images/362929a8-5b6b8a87.jpg,fog
/home/ps/Desktop/major_project/data/yolo/bdd_src/images/36299ad1-2bde4d98.jpg,rain
/home/ps/Desktop/major_project/data/yolo/bdd_src/images/36299ad1-901ae750.jpg,night
/home/ps/Desktop/major_project/data/yolo/bdd_src/images/363a5e58-0f8ac016.jpg,rain
/home/ps/Desktop/major_project/data/yolo/bdd_src/images/363c6845-0feecca3.jpg,rain
/home/ps/Desktop/major_project/data/yolo/bdd_src/images/3643641b-4d825efc.jpg,night
/home/ps/Desktop/major_project/data/yolo/bdd_src/images/364b9828-4f5188db.jpg,snow
/home/ps/Desktop/major_project/data/yolo/bdd_src/images/364b9828-870f948a.jpg,night
/home/ps/Desktop/major_project/data/yolo/bdd_src/images/3660d219-16cadd9c.jpg,fog
/home/ps/Desktop/major_project/data/yolo/bdd_src/images/3660d219-3f90a359.jpg,fog
/home/ps/Desktop/major_project/data/yolo/bdd_src/images/366bcd7f-fc7d7d1c.jpg,night
/home/ps/Desktop/major_project/data/yolo/bdd_src/images/367389d3-57fd059a.jpg,fog
/home/ps/Desktop/major_project/data/yolo/bdd_src/images/367389d3-e2eaab3a.jpg,fog
/home/ps/Desktop/major_project/data/yolo/bdd_src/images/3675ba80-686a4a62.jpg,fog
/home/ps/Desktop/major_project/data/yolo/bdd_src/images/3684e3c1-0e8e3cfe.jpg,night
/home/ps/Desktop/major_project/data/yolo/bdd_src/images/3684e3c1-973169ba.jpg,fog
/home/ps/Desktop/major_project/data/yolo/bdd_src/images/3687f008-28112ecb.jpg,snow
/home/ps/Desktop/major_project/data/yolo/bdd_src/images/368cd624-10119420.jpg,snow
/home/ps/Desktop/major_project/data/yolo/bdd_src/images/368cd624-c812a009.jpg,snow
/home/ps/Desktop/major_project/data/yolo/bdd_src/images/3699592e-27b861de.jpg,snow
/home/ps/Desktop/major_project/data/yolo/bdd_src/images/36a40359-ee84ed76.jpg,snow
/home/ps/Desktop/major_project/data/yolo/bdd_src/images/36a7cad4-656411b7.jpg,snow
/home/ps/Desktop/major_project/data/yolo/bdd_src/images/36a97b4c-ca109ea7.jpg,snow
/home/ps/Desktop/major_project/data/yolo/bdd_src/images/36b29d5d-a1609685.jpg,snow
/home/ps/Desktop/major_project/data/yolo/bdd_src/images/36be0013-0a86856b.jpg,fog
/home/ps/Desktop/major_project/data/yolo/bdd_src/images/36d863a3-ca2d5f65.jpg,rain
/home/ps/Desktop/major_project/data/yolo/bdd_src/images/36daa0e4-b8a3bb24.jpg,snow
/home/ps/Desktop/major_project/data/yolo/bdd_src/images/36e47798-62f1302f.jpg,snow
/home/ps/Desktop/major_project/data/yolo/bdd_src/images/36e47798-e0b715e0.jpg,fog
/home/ps/Desktop/major_project/data/yolo/bdd_src/images/36e63558-f8216159.jpg,rain
/home/ps/Desktop/major_project/data/yolo/bdd_src/images/36ebf488-d07b0d29.jpg,snow
/home/ps/Desktop/major_project/data/yolo/bdd_src/images/36efc15d-d647f103.jpg,fog
/home/ps/Desktop/major_project/data/yolo/bdd_src/images/36f29dc3-544e6557.jpg,snow
/home/ps/Desktop/major_project/data/yolo/bdd_src/images/370d9b00-e9782684.jpg,night
/home/ps/Desktop/major_project/data/yolo/bdd_src/images/37125086-e9ed8de2.jpg,rain
/home/ps/Desktop/major_project/data/yolo/bdd_src/images/3715d3de-94df3a24.jpg,rain
/home/ps/Desktop/major_project/data/yolo/bdd_src/images/371e9fbc-63a78023.jpg,snow
/home/ps/Desktop/major_project/data/yolo/bdd_src/images/372126ea-d8c77bac.jpg,night
/home/ps/Desktop/major_project/data/yolo/bdd_src/images/372babfe-a904a175.jpg,snow
/home/ps/Desktop/major_project/data/yolo/bdd_src/images/372e0b1e-f76f40b7.jpg,fog
/home/ps/Desktop/major_project/data/yolo/bdd_src/images/37394007-5724d064.jpg,night
/home/ps/Desktop/major_project/data/yolo/bdd_src/images/3740cd4f-ff1d423d.jpg,fog
/home/ps/Desktop/major_project/data/yolo/bdd_src/images/3747c3d5-2eacc24e.jpg,snow
/home/ps/Desktop/major_project/data/yolo/bdd_src/images/374aaaff-bf8efc14.jpg,snow
/home/ps/Desktop/major_project/data/yolo/bdd_src/images/375824a5-3c09b724.jpg,rain
/home/ps/Desktop/major_project/data/yolo/bdd_src/images/375abba2-9f2ed56c.jpg,rain
/home/ps/Desktop/major_project/data/yolo/bdd_src/images/377044b5-40ba6739.jpg,rain
/home/ps/Desktop/major_project/data/yolo/bdd_src/images/37723e55-31730cf5.jpg,rain
/home/ps/Desktop/major_project/data/yolo/bdd_src/images/377ddebc-0167b7f1.jpg,night
/home/ps/Desktop/major_project/data/yolo/bdd_src/images/377ddebc-eecbad5e.jpg,night
/home/ps/Desktop/major_project/data/yolo/bdd_src/images/3786fa23-8d9b9ff0.jpg,fog
/home/ps/Desktop/major_project/data/yolo/bdd_src/images/37a1995b-38d8756d.jpg,snow
/home/ps/Desktop/major_project/data/yolo/bdd_src/images/37a1995b-427c5723.jpg,snow
/home/ps/Desktop/major_project/data/yolo/bdd_src/images/37a1995b-512c4a39.jpg,snow
/home/ps/Desktop/major_project/data/yolo/bdd_src/images/37af0bb7-45e1835c.jpg,night
/home/ps/Desktop/major_project/data/yolo/bdd_src/images/37cc1085-fe64f173.jpg,fog
/home/ps/Desktop/major_project/data/yolo/bdd_src/images/37d449a3-9114cdef.jpg,night
/home/ps/Desktop/major_project/data/yolo/bdd_src/images/37e0af02-a9e1926d.jpg,fog
/home/ps/Desktop/major_project/data/yolo/bdd_src/images/37e3c3af-e6e275b6.jpg,fog
/home/ps/Desktop/major_project/data/yolo/bdd_src/images/37e92dd3-2a566380.jpg,night
/home/ps/Desktop/major_project/data/yolo/bdd_src/images/37ee820f-aa0429d1.jpg,rain
/home/ps/Desktop/major_project/data/yolo/bdd_src/images/37ef14f8-3054551c.jpg,night
/home/ps/Desktop/major_project/data/yolo/bdd_src/images/37f740a6-b078a58a.jpg,night
/home/ps/Desktop/major_project/data/yolo/bdd_src/images/37fbe72b-1aefda44.jpg,night
/home/ps/Desktop/major_project/data/yolo/bdd_src/images/380040db-7f1d02d0.jpg,fog
/home/ps/Desktop/major_project/data/yolo/bdd_src/images/3807135c-720ad77f.jpg,night
/home/ps/Desktop/major_project/data/yolo/bdd_src/images/380f75b9-b8d067b2.jpg,rain
/home/ps/Desktop/major_project/data/yolo/bdd_src/images/3820baf8-35ba08a1.jpg,night
/home/ps/Desktop/major_project/data/yolo/bdd_src/images/38265e6d-b6c63f75.jpg,night
/home/ps/Desktop/major_project/data/yolo/bdd_src/images/382b0c2b-1a0fc2b3.jpg,night
/home/ps/Desktop/major_project/data/yolo/bdd_src/images/382b0c2b-474cd884.jpg,rain
/home/ps/Desktop/major_project/data/yolo/bdd_src/images/383aa5ac-c7603c6f.jpg,rain
/home/ps/Desktop/major_project/data/yolo/bdd_src/images/383d2998-a6647436.jpg,fog
/home/ps/Desktop/major_project/data/yolo/bdd_src/images/3849c911-0a90de43.jpg,fog
/home/ps/Desktop/major_project/data/yolo/bdd_src/images/385b0f61-1aee12ef.jpg,rain
/home/ps/Desktop/major_project/data/yolo/bdd_src/images/3865fea7-b4fe472d.jpg,snow
/home/ps/Desktop/major_project/data/yolo/bdd_src/images/386c078e-de80e61b.jpg,fog
/home/ps/Desktop/major_project/data/yolo/bdd_src/images/386db9bc-987da5de.jpg,snow
/home/ps/Desktop/major_project/data/yolo/bdd_src/images/3871c3c2-75ed04ee.jpg,fog
/home/ps/Desktop/major_project/data/yolo/bdd_src/images/38737842-e8ab738d.jpg,rain
/home/ps/Desktop/major_project/data/yolo/bdd_src/images/38948b5b-94b6e173.jpg,night
/home/ps/Desktop/major_project/data/yolo/bdd_src/images/38a1702d-766ebfb5.jpg,snow
/home/ps/Desktop/major_project/data/yolo/bdd_src/images/38a3c35e-0de7c399.jpg,snow
/home/ps/Desktop/major_project/data/yolo/bdd_src/images/38a7d76b-d6380589.jpg,fog
/home/ps/Desktop/major_project/data/yolo/bdd_src/images/38c300ef-e3a529ec.jpg,rain
/home/ps/Desktop/major_project/data/yolo/bdd_src/images/38e561dd-4b878911.jpg,snow
/home/ps/Desktop/major_project/data/yolo/bdd_src/images/38ed8d8d-fa50400c.jpg,night
/home/ps/Desktop/major_project/data/yolo/bdd_src/images/38f57611-eac67ac6.jpg,rain
/home/ps/Desktop/major_project/data/yolo/bdd_src/images/38f6348a-9c3e53fa.jpg,snow
/home/ps/Desktop/major_project/data/yolo/bdd_src/images/38fd0fe3-ef0726e9.jpg,snow
/home/ps/Desktop/major_project/data/yolo/bdd_src/images/3900906d-83161048.jpg,snow
/home/ps/Desktop/major_project/data/yolo/bdd_src/images/3900ad8c-8834019f.jpg,rain
/home/ps/Desktop/major_project/data/yolo/bdd_src/images/391518ac-c526dafc.jpg,snow
/home/ps/Desktop/major_project/data/yolo/bdd_src/images/39165768-a26dad86.jpg,night
/home/ps/Desktop/major_project/data/yolo/bdd_src/images/392fdd23-9af0c0ea.jpg,snow
/home/ps/Desktop/major_project/data/yolo/bdd_src/images/3930cfe1-d536d6d6.jpg,snow
/home/ps/Desktop/major_project/data/yolo/bdd_src/images/3942022e-cb626c96.jpg,fog
/home/ps/Desktop/major_project/data/yolo/bdd_src/images/394859a3-3946a608.jpg,fog
/home/ps/Desktop/major_project/data/yolo/bdd_src/images/394bb334-18115adb.jpg,night
/home/ps/Desktop/major_project/data/yolo/bdd_src/images/3953e382-0de3e848.jpg,rain
/home/ps/Desktop/major_project/data/yolo/bdd_src/images/395b6a26-f90150c8.jpg,night
/home/ps/Desktop/major_project/data/yolo/bdd_src/images/395bc4b6-282259f1.jpg,rain
/home/ps/Desktop/major_project/data/yolo/bdd_src/images/396529be-f57c6a0e.jpg,rain
/home/ps/Desktop/major_project/data/yolo/bdd_src/images/3967bc84-7e641e9d.jpg,fog
/home/ps/Desktop/major_project/data/yolo/bdd_src/images/396eea49-607d6984.jpg,fog
/home/ps/Desktop/major_project/data/yolo/bdd_src/images/397521f0-e0decdef.jpg,rain
/home/ps/Desktop/major_project/data/yolo/bdd_src/images/397c390c-7737bc59.jpg,rain
/home/ps/Desktop/major_project/data/yolo/bdd_src/images/39938fb0-4da64a78.jpg,night
/home/ps/Desktop/major_project/data/yolo/bdd_src/images/3995b456-d3bee363.jpg,snow
/home/ps/Desktop/major_project/data/yolo/bdd_src/images/39964421-3c6bddd0.jpg,fog
/home/ps/Desktop/major_project/data/yolo/bdd_src/images/3998d29f-c6c33042.jpg,fog
/home/ps/Desktop/major_project/data/yolo/bdd_src/images/3998ebd0-de7adefc.jpg,fog
/home/ps/Desktop/major_project/data/yolo/bdd_src/images/399a82bd-a3caf341.jpg,rain
/home/ps/Desktop/major_project/data/yolo/bdd_src/images/39a2dffb-34cead5a.jpg,fog
/home/ps/Desktop/major_project/data/yolo/bdd_src/images/39bd30d2-17a542ed.jpg,fog
/home/ps/Desktop/major_project/data/yolo/bdd_src/images/39c2de15-bb9efbff.jpg,fog
/home/ps/Desktop/major_project/data/yolo/bdd_src/images/39ce20ec-75227552.jpg,night
/home/ps/Desktop/major_project/data/yolo/bdd_src/images/39d55d20-7901752c.jpg,rain
/home/ps/Desktop/major_project/data/yolo/bdd_src/images/39ddb110-04604b9c.jpg,night
/home/ps/Desktop/major_project/data/yolo/bdd_src/images/39ee335d-a15ae795.jpg,fog
/home/ps/Desktop/major_project/data/yolo/bdd_src/images/39f0c0e4-bbdbdeb9.jpg,rain
/home/ps/Desktop/major_project/data/yolo/bdd_src/images/39fc6d1c-6155351d.jpg,night
/home/ps/Desktop/major_project/data/yolo/bdd_src/images/3a01c498-57c03193.jpg,fog
/home/ps/Desktop/major_project/data/yolo/bdd_src/images/3a032f95-6e4843fd.jpg,fog
/home/ps/Desktop/major_project/data/yolo/bdd_src/images/3a06f4db-d88d10bb.jpg,rain
/home/ps/Desktop/major_project/data/yolo/bdd_src/images/3a0e4c38-1f5a7e6b.jpg,night
/home/ps/Desktop/major_project/data/yolo/bdd_src/images/3a14058d-e09a65d2.jpg,fog
/home/ps/Desktop/major_project/data/yolo/bdd_src/images/3a16e686-5cc63642.jpg,rain
/home/ps/Desktop/major_project/data/yolo/bdd_src/images/3a209be1-3d2242e8.jpg,snow
/home/ps/Desktop/major_project/data/yolo/bdd_src/images/3a209be1-b107916b.jpg,fog
/home/ps/Desktop/major_project/data/yolo/bdd_src/images/3a3407a2-8b028fe7.jpg,night
/home/ps/Desktop/major_project/data/yolo/bdd_src/images/3a3660d3-e50c6f0c.jpg,night
/home/ps/Desktop/major_project/data/yolo/bdd_src/images/3a55cb74-14d4c355.jpg,snow
/home/ps/Desktop/major_project/data/yolo/bdd_src/images/3a6ad793-4c5ecfce.jpg,snow
/home/ps/Desktop/major_project/data/yolo/bdd_src/images/3a9ef105-2f6bcf39.jpg,snow
/home/ps/Desktop/major_project/data/yolo/bdd_src/images/3a9fd603-d872c8da.jpg,rain
/home/ps/Desktop/major_project/data/yolo/bdd_src/images/3ab8273f-69e0ed29.jpg,fog
/home/ps/Desktop/major_project/data/yolo/bdd_src/images/3ab828fb-d55d7e66.jpg,night
/home/ps/Desktop/major_project/data/yolo/bdd_src/images/3ace9111-e335d485.jpg,rain
/home/ps/Desktop/major_project/data/yolo/bdd_src/images/3ace9111-f3c626a2.jpg,fog
/home/ps/Desktop/major_project/data/yolo/bdd_src/images/3ae7ea7c-237f3a0a.jpg,snow
/home/ps/Desktop/major_project/data/yolo/bdd_src/images/3af28c80-6750877e.jpg,rain
/home/ps/Desktop/major_project/data/yolo/bdd_src/images/3af9b86e-bde99ec4.jpg,fog
/home/ps/Desktop/major_project/data/yolo/bdd_src/images/3b0a54ab-8adf22d8.jpg,rain
/home/ps/Desktop/major_project/data/yolo/bdd_src/images/3b1e1bc1-ee64e36e.jpg,fog
/home/ps/Desktop/major_project/data/yolo/bdd_src/images/3b257f46-947f1618.jpg,night
/home/ps/Desktop/major_project/data/yolo/bdd_src/images/3b27c49f-c8573cc6.jpg,night
/home/ps/Desktop/major_project/data/yolo/bdd_src/images/3b2a43e4-a4c2fbe9.jpg,night
/home/ps/Desktop/major_project/data/yolo/bdd_src/images/3b35fed6-cbf1590b.jpg,snow
/home/ps/Desktop/major_project/data/yolo/bdd_src/images/3b371baf-12b2216f.jpg,fog
/home/ps/Desktop/major_project/data/yolo/bdd_src/images/3b44ef5a-41909d11.jpg,night
/home/ps/Desktop/major_project/data/yolo/bdd_src/images/3b44ef5a-4805bf9a.jpg,night
/home/ps/Desktop/major_project/data/yolo/bdd_src/images/3b44ef5a-90db270d.jpg,rain
/home/ps/Desktop/major_project/data/yolo/bdd_src/images/3b44ef5a-9942bfed.jpg,rain
/home/ps/Desktop/major_project/data/yolo/bdd_src/images/3b44ef5a-ab822e49.jpg,night
/home/ps/Desktop/major_project/data/yolo/bdd_src/images/3b44ef5a-c09e8479.jpg,snow
/home/ps/Desktop/major_project/data/yolo/bdd_src/images/3b44ef5a-c4998953.jpg,night
/home/ps/Desktop/major_project/data/yolo/bdd_src/images/3b44ef5a-ebfef038.jpg,rain
/home/ps/Desktop/major_project/data/yolo/bdd_src/images/3b4cab64-fbfb37fd.jpg,fog
/home/ps/Desktop/major_project/data/yolo/bdd_src/images/3b53f269-cb870838.jpg,night
/home/ps/Desktop/major_project/data/yolo/bdd_src/images/3b53f269-f94d6edc.jpg,snow
/home/ps/Desktop/major_project/data/yolo/bdd_src/images/3b703992-d839c82f.jpg,fog
/home/ps/Desktop/major_project/data/yolo/bdd_src/images/3b7725ae-6f1e1357.jpg,snow
/home/ps/Desktop/major_project/data/yolo/bdd_src/images/3b7f7078-16dcdaa8.jpg,snow
/home/ps/Desktop/major_project/data/yolo/bdd_src/images/3b7f7078-d09dfc43.jpg,rain
/home/ps/Desktop/major_project/data/yolo/bdd_src/images/3b9077f7-cd7095a0.jpg,fog
/home/ps/Desktop/major_project/data/yolo/bdd_src/images/3b90b898-1d0e28e6.jpg,night
/home/ps/Desktop/major_project/data/yolo/bdd_src/images/3b90b898-c1d6897d.jpg,rain
/home/ps/Desktop/major_project/data/yolo/bdd_src/images/3babcd52-f02f1423.jpg,fog
/home/ps/Desktop/major_project/data/yolo/bdd_src/images/3bac2ba2-ba7185cd.jpg,fog
/home/ps/Desktop/major_project/data/yolo/bdd_src/images/3bb3e5c4-218f21b3.jpg,fog
/home/ps/Desktop/major_project/data/yolo/bdd_src/images/3bb9c697-740cbc15.jpg,rain
/home/ps/Desktop/major_project/data/yolo/bdd_src/images/3bbf47b8-d06b158e.jpg,night
/home/ps/Desktop/major_project/data/yolo/bdd_src/images/3bda94d4-813dab9f.jpg,rain
/home/ps/Desktop/major_project/data/yolo/bdd_src/images/3be5b2a0-763569e4.jpg,night
/home/ps/Desktop/major_project/data/yolo/bdd_src/images/3be7ea59-0c16cdf0.jpg,rain
/home/ps/Desktop/major_project/data/yolo/bdd_src/images/3be86893-30a3ebd8.jpg,rain
/home/ps/Desktop/major_project/data/yolo/bdd_src/images/3bf201fd-a5e56a54.jpg,snow
/home/ps/Desktop/major_project/data/yolo/bdd_src/images/3bfa0071-e3eea22d.jpg,night
/home/ps/Desktop/major_project/data/yolo/bdd_src/images/3c03b0d0-79b08615.jpg,night
/home/ps/Desktop/major_project/data/yolo/bdd_src/images/3c0852b7-2ca22442.jpg,rain
/home/ps/Desktop/major_project/data/yolo/bdd_src/images/3c2c2bd9-3294b138.jpg,snow
/home/ps/Desktop/major_project/data/yolo/bdd_src/images/3c2e6c27-875c8bdd.jpg,snow
/home/ps/Desktop/major_project/data/yolo/bdd_src/images/3c610203-27c03f09.jpg,fog
/home/ps/Desktop/major_project/data/yolo/bdd_src/images/3c65d2b4-971e2255.jpg,night
/home/ps/Desktop/major_project/data/yolo/bdd_src/images/3c69140a-c0c599b1.jpg,rain
/home/ps/Desktop/major_project/data/yolo/bdd_src/images/3c71cf91-1ee28f20.jpg,snow
/home/ps/Desktop/major_project/data/yolo/bdd_src/images/3c71cf91-5630426c.jpg,night
/home/ps/Desktop/major_project/data/yolo/bdd_src/images/3c74c963-405ac113.jpg,fog
/home/ps/Desktop/major_project/data/yolo/bdd_src/images/3c8656f1-5b60c57e.jpg,snow
/home/ps/Desktop/major_project/data/yolo/bdd_src/images/3c8b8d73-0fdf037d.jpg,fog
/home/ps/Desktop/major_project/data/yolo/bdd_src/images/3c8b8d73-33e5ae57.jpg,fog
/home/ps/Desktop/major_project/data/yolo/bdd_src/images/3c8b8d73-d10c65db.jpg,night
/home/ps/Desktop/major_project/data/yolo/bdd_src/images/3c902778-6bd3f140.jpg,rain
/home/ps/Desktop/major_project/data/yolo/bdd_src/images/3c95ae26-30d63579.jpg,snow
/home/ps/Desktop/major_project/data/yolo/bdd_src/images/3c95ae26-e2c7d246.jpg,rain
/home/ps/Desktop/major_project/data/yolo/bdd_src/images/3c96951d-933e41b3.jpg,snow
/home/ps/Desktop/major_project/data/yolo/bdd_src/images/3c99e1c5-6ef658b7.jpg,rain
/home/ps/Desktop/major_project/data/yolo/bdd_src/images/3ca01b60-567b7ddb.jpg,snow
/home/ps/Desktop/major_project/data/yolo/bdd_src/images/3cc141e5-0895f6f9.jpg,rain
/home/ps/Desktop/major_project/data/yolo/bdd_src/images/3cc9c269-fa61b815.jpg,night
/home/ps/Desktop/major_project/data/yolo/bdd_src/images/3cce1850-b50ad55e.jpg,fog
/home/ps/Desktop/major_project/data/yolo/bdd_src/images/3cdc84e7-d19e807a.jpg,snow
/home/ps/Desktop/major_project/data/yolo/bdd_src/images/3d112ff5-01bd0f58.jpg,night
/home/ps/Desktop/major_project/data/yolo/bdd_src/images/3d1b4ec2-ab9b151a.jpg,night
/home/ps/Desktop/major_project/data/yolo/bdd_src/images/3d247ac9-6dbe0b94.jpg,fog
/home/ps/Desktop/major_project/data/yolo/bdd_src/images/3d27f886-08a3f144.jpg,rain
/home/ps/Desktop/major_project/data/yolo/bdd_src/images/3d2cb24c-5613fb51.jpg,snow
/home/ps/Desktop/major_project/data/yolo/bdd_src/images/3d46ebc7-43221184.jpg,fog
/home/ps/Desktop/major_project/data/yolo/bdd_src/images/3d46ebc7-f7c70a0f.jpg,rain
/home/ps/Desktop/major_project/data/yolo/bdd_src/images/3d4b125d-04319b0c.jpg,night
/home/ps/Desktop/major_project/data/yolo/bdd_src/images/3d541cc5-5a5d0978.jpg,snow
/home/ps/Desktop/major_project/data/yolo/bdd_src/images/3d6a517c-a96be131.jpg,snow
/home/ps/Desktop/major_project/data/yolo/bdd_src/images/3d860ec4-707b28eb.jpg,snow
/home/ps/Desktop/major_project/data/yolo/bdd_src/images/3d860ec4-7e52e5d3.jpg,fog
/home/ps/Desktop/major_project/data/yolo/bdd_src/images/3d860ec4-d7102e99.jpg,fog
/home/ps/Desktop/major_project/data/yolo/bdd_src/images/3d91d352-851694a3.jpg,snow
/home/ps/Desktop/major_project/data/yolo/bdd_src/images/3d9b1c8e-c6e6ea92.jpg,fog
/home/ps/Desktop/major_project/data/yolo/bdd_src/images/3da87eb1-f49c1be8.jpg,rain
/home/ps/Desktop/major_project/data/yolo/bdd_src/images/3dc0b377-5c7d0b94.jpg,rain
/home/ps/Desktop/major_project/data/yolo/bdd_src/images/3dce0f54-2bae8494.jpg,fog
/home/ps/Desktop/major_project/data/yolo/bdd_src/images/3de202c6-d80480dd.jpg,rain
/home/ps/Desktop/major_project/data/yolo/bdd_src/images/3dedc61b-058ef4d6.jpg,rain
/home/ps/Desktop/major_project/data/yolo/bdd_src/images/3dee24a6-f96310c5.jpg,rain
/home/ps/Desktop/major_project/data/yolo/bdd_src/images/3dfcb005-3a975175.jpg,snow
/home/ps/Desktop/major_project/data/yolo/bdd_src/images/3e00bab2-a735d990.jpg,snow
/home/ps/Desktop/major_project/data/yolo/bdd_src/images/3e00bab2-db6d13d3.jpg,rain
/home/ps/Desktop/major_project/data/yolo/bdd_src/images/3e0ad77d-66c1b120.jpg,fog
/home/ps/Desktop/major_project/data/yolo/bdd_src/images/3e27565c-faf0b576.jpg,fog
/home/ps/Desktop/major_project/data/yolo/bdd_src/images/3e416c87-7113f86f.jpg,rain
/home/ps/Desktop/major_project/data/yolo/bdd_src/images/3e4c613d-0b4a34b8.jpg,fog
/home/ps/Desktop/major_project/data/yolo/bdd_src/images/3e4c613d-682fc3fb.jpg,night
/home/ps/Desktop/major_project/data/yolo/bdd_src/images/3e5c9400-4bf667a9.jpg,fog
/home/ps/Desktop/major_project/data/yolo/bdd_src/images/3e5d1ff4-84c55d86.jpg,snow
/home/ps/Desktop/major_project/data/yolo/bdd_src/images/3e64ace6-9e6aa641.jpg,fog
/home/ps/Desktop/major_project/data/yolo/bdd_src/images/3e824138-a18f6095.jpg,fog
/home/ps/Desktop/major_project/data/yolo/bdd_src/images/3e8726da-4d3cd4e5.jpg,night
/home/ps/Desktop/major_project/data/yolo/bdd_src/images/3e8726da-b9dd198c.jpg,fog
/home/ps/Desktop/major_project/data/yolo/bdd_src/images/3e8726da-bdffce1d.jpg,snow
/home/ps/Desktop/major_project/data/yolo/bdd_src/images/3e9639ec-781e797a.jpg,fog
/home/ps/Desktop/major_project/data/yolo/bdd_src/images/3ea01312-91a6c02a.jpg,fog
/home/ps/Desktop/major_project/data/yolo/bdd_src/images/3eaf0060-4954ce6d.jpg,night
/home/ps/Desktop/major_project/data/yolo/bdd_src/images/3eaff7e5-3f9fd522.jpg,rain
/home/ps/Desktop/major_project/data/yolo/bdd_src/images/3ebef51a-b9569dc6.jpg,fog
/home/ps/Desktop/major_project/data/yolo/bdd_src/images/3ebef51a-f2c85c45.jpg,snow
/home/ps/Desktop/major_project/data/yolo/bdd_src/images/3ec3648e-186cd847.jpg,rain
/home/ps/Desktop/major_project/data/yolo/bdd_src/images/3ed0e937-5902fd3e.jpg,snow
/home/ps/Desktop/major_project/data/yolo/bdd_src/images/3ed67640-070dd272.jpg,rain
/home/ps/Desktop/major_project/data/yolo/bdd_src/images/3ed89892-302a04b0.jpg,fog
/home/ps/Desktop/major_project/data/yolo/bdd_src/images/3ed89892-592c340b.jpg,rain
/home/ps/Desktop/major_project/data/yolo/bdd_src/images/3ed95ba5-2621dee9.jpg,rain
/home/ps/Desktop/major_project/data/yolo/bdd_src/images/3ee5787d-021bda99.jpg,night
/home/ps/Desktop/major_project/data/yolo/bdd_src/images/3ee5787d-140c47d1.jpg,snow
/home/ps/Desktop/major_project/data/yolo/bdd_src/images/3ee5787d-b7370418.jpg,snow
/home/ps/Desktop/major_project/data/yolo/bdd_src/images/3ee74e23-5286a60b.jpg,rain
/home/ps/Desktop/major_project/data/yolo/bdd_src/images/3ee763a0-4892b9b5.jpg,rain
/home/ps/Desktop/major_project/data/yolo/bdd_src/images/3ef7bb72-2a6f4434.jpg,fog
/home/ps/Desktop/major_project/data/yolo/bdd_src/images/3f291ac3-0a08fa5e.jpg,snow
/home/ps/Desktop/major_project/data/yolo/bdd_src/images/3f291ac3-1b3789c6.jpg,snow
/home/ps/Desktop/major_project/data/yolo/bdd_src/images/3f291ac3-53bdc4d2.jpg,fog
/home/ps/Desktop/major_project/data/yolo/bdd_src/images/3f42dbd8-219c7877.jpg,snow
/home/ps/Desktop/major_project/data/yolo/bdd_src/images/3f42e7c9-a10056f9.jpg,rain
/home/ps/Desktop/major_project/data/yolo/bdd_src/images/3f4eb6a6-9eee52f9.jpg,rain
/home/ps/Desktop/major_project/data/yolo/bdd_src/images/3f554260-fce1346f.jpg,fog
/home/ps/Desktop/major_project/data/yolo/bdd_src/images/3f55b260-3883d101.jpg,snow
/home/ps/Desktop/major_project/data/yolo/bdd_src/images/3f56363a-dd3ef4b9.jpg,snow
/home/ps/Desktop/major_project/data/yolo/bdd_src/images/3f764719-234c46e6.jpg,snow
/home/ps/Desktop/major_project/data/yolo/bdd_src/images/3f7d27c0-e3a17c63.jpg,snow
/home/ps/Desktop/major_project/data/yolo/bdd_src/images/3f8e3982-81c4132e.jpg,fog
/home/ps/Desktop/major_project/data/yolo/bdd_src/images/3f97bf23-4987256c.jpg,fog
/home/ps/Desktop/major_project/data/yolo/bdd_src/images/3fb19921-67f13ecc.jpg,snow
/home/ps/Desktop/major_project/data/yolo/bdd_src/images/3fb5dd12-b63b23c9.jpg,rain
/home/ps/Desktop/major_project/data/yolo/bdd_src/images/3fb6c94b-422ac2f2.jpg,rain
/home/ps/Desktop/major_project/data/yolo/bdd_src/images/3fc6197a-c3430a6b.jpg,fog
/home/ps/Desktop/major_project/data/yolo/bdd_src/images/3fc6dc94-358b37a6.jpg,fog
/home/ps/Desktop/major_project/data/yolo/bdd_src/images/3fc6dc94-ae1c491d.jpg,rain
/home/ps/Desktop/major_project/data/yolo/bdd_src/images/3fd2d2aa-d5767d9d.jpg,snow
/home/ps/Desktop/major_project/data/yolo/bdd_src/images/3fdda304-7cfb4a49.jpg,snow
/home/ps/Desktop/major_project/data/yolo/bdd_src/images/3fe1feaa-10126fec.jpg,snow
/home/ps/Desktop/major_project/data/yolo/bdd_src/images/3feb848a-55097d2f.jpg,rain
/home/ps/Desktop/major_project/data/yolo/bdd_src/images/400e072c-9a8228a2.jpg,rain
/home/ps/Desktop/major_project/data/yolo/bdd_src/images/4016c36e-30c6bb74.jpg,fog
/home/ps/Desktop/major_project/data/yolo/bdd_src/images/401bcd91-194eee2c.jpg,snow
/home/ps/Desktop/major_project/data/yolo/bdd_src/images/4027c10d-41d54e9b.jpg,snow
/home/ps/Desktop/major_project/data/yolo/bdd_src/images/4027c10d-990230be.jpg,rain
/home/ps/Desktop/major_project/data/yolo/bdd_src/images/403a7187-be085729.jpg,night
/home/ps/Desktop/major_project/data/yolo/bdd_src/images/403cca69-009fd0be.jpg,fog
/home/ps/Desktop/major_project/data/yolo/bdd_src/images/406836b8-c32d53c4.jpg,snow
/home/ps/Desktop/major_project/data/yolo/bdd_src/images/406b4493-c0bb3737.jpg,rain
/home/ps/Desktop/major_project/data/yolo/bdd_src/images/406cf3a1-b50b58ab.jpg,snow
/home/ps/Desktop/major_project/data/yolo/bdd_src/images/407dd199-3eff4d05.jpg,night
/home/ps/Desktop/major_project/data/yolo/bdd_src/images/4088d823-2364474e.jpg,night
/home/ps/Desktop/major_project/data/yolo/bdd_src/images/4097ad84-74b4838c.jpg,rain
/home/ps/Desktop/major_project/data/yolo/bdd_src/images/40c3d445-a5194bdd.jpg,night
/home/ps/Desktop/major_project/data/yolo/bdd_src/images/40c7ba8a-7bc2d0cf.jpg,night
/home/ps/Desktop/major_project/data/yolo/bdd_src/images/40ce70ad-1d053bc0.jpg,fog
/home/ps/Desktop/major_project/data/yolo/bdd_src/images/40dcd53f-042a82fd.jpg,fog
/home/ps/Desktop/major_project/data/yolo/bdd_src/images/40e4b9b8-0088b0ec.jpg,snow
/home/ps/Desktop/major_project/data/yolo/bdd_src/images/40e4b9b8-c62ad6be.jpg,rain
/home/ps/Desktop/major_project/data/yolo/bdd_src/images/40e77bcc-78020d0e.jpg,rain
/home/ps/Desktop/major_project/data/yolo/bdd_src/images/40fea4f2-d0e6b552.jpg,fog
/home/ps/Desktop/major_project/data/yolo/bdd_src/images/4102206b-e236b812.jpg,snow
/home/ps/Desktop/major_project/data/yolo/bdd_src/images/41101675-83929d54.jpg,snow
/home/ps/Desktop/major_project/data/yolo/bdd_src/images/411114aa-4e5214db.jpg,rain
/home/ps/Desktop/major_project/data/yolo/bdd_src/images/41133733-f2c4f498.jpg,rain
/home/ps/Desktop/major_project/data/yolo/bdd_src/images/41170511-74f9ff42.jpg,rain
/home/ps/Desktop/major_project/data/yolo/bdd_src/images/4117927b-4b75dcb4.jpg,rain
/home/ps/Desktop/major_project/data/yolo/bdd_src/images/413155ca-88cc0f74.jpg,fog
/home/ps/Desktop/major_project/data/yolo/bdd_src/images/4135eca0-583f6210.jpg,rain
/home/ps/Desktop/major_project/data/yolo/bdd_src/images/4137dec6-a23cdae2.jpg,snow
/home/ps/Desktop/major_project/data/yolo/bdd_src/images/414aa3ed-c887c031.jpg,rain
/home/ps/Desktop/major_project/data/yolo/bdd_src/images/414e7b44-67b30265.jpg,fog
/home/ps/Desktop/major_project/data/yolo/bdd_src/images/414e7b44-db0092b2.jpg,rain
/home/ps/Desktop/major_project/data/yolo/bdd_src/images/414fe350-4f0f6e64.jpg,fog
/home/ps/Desktop/major_project/data/yolo/bdd_src/images/41615a34-051563bf.jpg,night
/home/ps/Desktop/major_project/data/yolo/bdd_src/images/4165c2d4-7dd9bc15.jpg,night
/home/ps/Desktop/major_project/data/yolo/bdd_src/images/4167651b-f05ca5dc.jpg,fog
/home/ps/Desktop/major_project/data/yolo/bdd_src/images/4183370f-3f28da5a.jpg,fog
/home/ps/Desktop/major_project/data/yolo/bdd_src/images/4183370f-6eb0b302.jpg,rain
/home/ps/Desktop/major_project/data/yolo/bdd_src/images/418828a4-1fafad35.jpg,snow
/home/ps/Desktop/major_project/data/yolo/bdd_src/images/4189d1d5-510eb29f.jpg,fog
/home/ps/Desktop/major_project/data/yolo/bdd_src/images/418c8b37-b221c63c.jpg,fog
/home/ps/Desktop/major_project/data/yolo/bdd_src/images/4192792c-5d43aae3.jpg,night
/home/ps/Desktop/major_project/data/yolo/bdd_src/images/41939080-8a70139f.jpg,snow
/home/ps/Desktop/major_project/data/yolo/bdd_src/images/41a2b4ac-59f6d2d2.jpg,snow
/home/ps/Desktop/major_project/data/yolo/bdd_src/images/41a9a1fa-2b85e0f3.jpg,snow
/home/ps/Desktop/major_project/data/yolo/bdd_src/images/41b176a3-08999b10.jpg,fog
/home/ps/Desktop/major_project/data/yolo/bdd_src/images/41b176a3-e92ba94f.jpg,snow
/home/ps/Desktop/major_project/data/yolo/bdd_src/images/41b2faa3-fc19fb93.jpg,night
/home/ps/Desktop/major_project/data/yolo/bdd_src/images/41b6e60f-5ddf5141.jpg,night
/home/ps/Desktop/major_project/data/yolo/bdd_src/images/41b7a575-b1d625aa.jpg,night
/home/ps/Desktop/major_project/data/yolo/bdd_src/images/41d34f95-dd12e969.jpg,night
/home/ps/Desktop/major_project/data/yolo/bdd_src/images/41d3b99e-21b1681f.jpg,snow
/home/ps/Desktop/major_project/data/yolo/bdd_src/images/41d86699-d89f7d23.jpg,rain
/home/ps/Desktop/major_project/data/yolo/bdd_src/images/41f05b87-a18a8a1a.jpg,fog
/home/ps/Desktop/major_project/data/yolo/bdd_src/images/41f415bd-5e12758d.jpg,rain
/home/ps/Desktop/major_project/data/yolo/bdd_src/images/41f76f93-a3603349.jpg,snow
/home/ps/Desktop/major_project/data/yolo/bdd_src/images/41fa1d32-decd078c.jpg,snow
/home/ps/Desktop/major_project/data/yolo/bdd_src/images/42053a3e-913d2eff.jpg,night
/home/ps/Desktop/major_project/data/yolo/bdd_src/images/4215b343-70d27542.jpg,fog
/home/ps/Desktop/major_project/data/yolo/bdd_src/images/422dcbeb-24111d9c.jpg,night
/home/ps/Desktop/major_project/data/yolo/bdd_src/images/42459a55-e5d4b15d.jpg,night
/home/ps/Desktop/major_project/data/yolo/bdd_src/images/42559cc6-9001f36e.jpg,fog
/home/ps/Desktop/major_project/data/yolo/bdd_src/images/425b124e-463ec591.jpg,snow
/home/ps/Desktop/major_project/data/yolo/bdd_src/images/428613d9-60c32e48.jpg,rain
/home/ps/Desktop/major_project/data/yolo/bdd_src/images/429b6bd4-a615e998.jpg,rain
/home/ps/Desktop/major_project/data/yolo/bdd_src/images/429c57cd-d75c693b.jpg,snow
/home/ps/Desktop/major_project/data/yolo/bdd_src/images/429e84e4-07c43e82.jpg,night
/home/ps/Desktop/major_project/data/yolo/bdd_src/images/429fde2c-20f53329.jpg,night
/home/ps/Desktop/major_project/data/yolo/bdd_src/images/42bc6e0a-44fe4354.jpg,snow
/home/ps/Desktop/major_project/data/yolo/bdd_src/images/42bd9103-ad68696e.jpg,fog
/home/ps/Desktop/major_project/data/yolo/bdd_src/images/42c0494b-21083e17.jpg,fog
/home/ps/Desktop/major_project/data/yolo/bdd_src/images/42c0494b-927f0f71.jpg,rain
/home/ps/Desktop/major_project/data/yolo/bdd_src/images/42c3ce76-059f5bff.jpg,night
/home/ps/Desktop/major_project/data/yolo/bdd_src/images/42dfc064-c30855b6.jpg,night
/home/ps/Desktop/major_project/data/yolo/bdd_src/images/42e8451d-955b49c4.jpg,snow
/home/ps/Desktop/major_project/data/yolo/bdd_src/images/42e8451d-a494c811.jpg,rain
/home/ps/Desktop/major_project/data/yolo/bdd_src/images/42ee7ade-7cb9fecc.jpg,snow
/home/ps/Desktop/major_project/data/yolo/bdd_src/images/42ee80eb-ce02b4ce.jpg,night
/home/ps/Desktop/major_project/data/yolo/bdd_src/images/42f32dca-46be5fd6.jpg,night
/home/ps/Desktop/major_project/data/yolo/bdd_src/images/42fdb851-70f21397.jpg,fog
/home/ps/Desktop/major_project/data/yolo/bdd_src/images/43069f8b-7621c5a0.jpg,rain
/home/ps/Desktop/major_project/data/yolo/bdd_src/images/430c4b0f-af2083be.jpg,snow
/home/ps/Desktop/major_project/data/yolo/bdd_src/images/430e2494-ccd48274.jpg,rain
/home/ps/Desktop/major_project/data/yolo/bdd_src/images/43152427-f16c3b06.jpg,rain
/home/ps/Desktop/major_project/data/yolo/bdd_src/images/4324ed87-02477fbc.jpg,fog
/home/ps/Desktop/major_project/data/yolo/bdd_src/images/432f9e20-83a0d96c.jpg,snow
/home/ps/Desktop/major_project/data/yolo/bdd_src/images/43331e94-2bcdcf52.jpg,night
/home/ps/Desktop/major_project/data/yolo/bdd_src/images/43655cb5-d542a7a1.jpg,snow
/home/ps/Desktop/major_project/data/yolo/bdd_src/images/437454d8-09ae8070.jpg,rain
/home/ps/Desktop/major_project/data/yolo/bdd_src/images/4374f56e-8d51e31f.jpg,night
/home/ps/Desktop/major_project/data/yolo/bdd_src/images/43930c58-e878a3d0.jpg,rain
/home/ps/Desktop/major_project/data/yolo/bdd_src/images/43ad7c44-76f801ce.jpg,fog
/home/ps/Desktop/major_project/data/yolo/bdd_src/images/43b2bf07-362c434f.jpg,snow
/home/ps/Desktop/major_project/data/yolo/bdd_src/images/43c2e8b8-4a407b59.jpg,snow
/home/ps/Desktop/major_project/data/yolo/bdd_src/images/43c53991-57c648ab.jpg,rain
/home/ps/Desktop/major_project/data/yolo/bdd_src/images/43c7ed5c-b0690325.jpg,night
/home/ps/Desktop/major_project/data/yolo/bdd_src/images/43ce0876-8e5fe2db.jpg,fog
/home/ps/Desktop/major_project/data/yolo/bdd_src/images/43d43f3e-6b7aaffd.jpg,night
/home/ps/Desktop/major_project/data/yolo/bdd_src/images/43d43f3e-b0d922f3.jpg,snow
/home/ps/Desktop/major_project/data/yolo/bdd_src/images/43d43f3e-f71cec8e.jpg,fog
/home/ps/Desktop/major_project/data/yolo/bdd_src/images/43d4a202-42f1d039.jpg,snow
/home/ps/Desktop/major_project/data/yolo/bdd_src/images/43ef91d2-5dcb5d1f.jpg,rain
/home/ps/Desktop/major_project/data/yolo/bdd_src/images/43f575cb-8b3adfdf.jpg,fog
/home/ps/Desktop/major_project/data/yolo/bdd_src/images/440a481c-15b7da17.jpg,snow
/home/ps/Desktop/major_project/data/yolo/bdd_src/images/4410a4f7-5777c10c.jpg,snow
/home/ps/Desktop/major_project/data/yolo/bdd_src/images/441227b4-fefa2397.jpg,rain
/home/ps/Desktop/major_project/data/yolo/bdd_src/images/44191a9e-454dc2bf.jpg,snow
/home/ps/Desktop/major_project/data/yolo/bdd_src/images/44191a9e-5107e1db.jpg,rain
/home/ps/Desktop/major_project/data/yolo/bdd_src/images/442a792f-553ae62a.jpg,night
/home/ps/Desktop/major_project/data/yolo/bdd_src/images/442a792f-c22d92e0.jpg,night
/home/ps/Desktop/major_project/data/yolo/bdd_src/images/44315ac2-6da020f6.jpg,fog
/home/ps/Desktop/major_project/data/yolo/bdd_src/images/443d3285-7e046442.jpg,snow
/home/ps/Desktop/major_project/data/yolo/bdd_src/images/443d8487-304c5bec.jpg,fog
/home/ps/Desktop/major_project/data/yolo/bdd_src/images/443d89ac-49102cee.jpg,night
/home/ps/Desktop/major_project/data/yolo/bdd_src/images/443d89ac-d7b7280e.jpg,rain
/home/ps/Desktop/major_project/data/yolo/bdd_src/images/44494c8e-3fdf1ad9.jpg,rain
/home/ps/Desktop/major_project/data/yolo/bdd_src/images/445b69a9-055c807f.jpg,snow
/home/ps/Desktop/major_project/data/yolo/bdd_src/images/445e8b0c-e54cf635.jpg,snow
/home/ps/Desktop/major_project/data/yolo/bdd_src/images/4471b154-890424f0.jpg,fog
/home/ps/Desktop/major_project/data/yolo/bdd_src/images/448a9a40-e84093f1.jpg,snow
/home/ps/Desktop/major_project/data/yolo/bdd_src/images/448adb8f-1999b941.jpg,rain
/home/ps/Desktop/major_project/data/yolo/bdd_src/images/4495ccfd-1a46993f.jpg,fog
/home/ps/Desktop/major_project/data/yolo/bdd_src/images/44a80cac-1c1b6114.jpg,rain
/home/ps/Desktop/major_project/data/yolo/bdd_src/images/44a80cac-e1a316e8.jpg,rain
/home/ps/Desktop/major_project/data/yolo/bdd_src/images/44aaeb3d-b5035d25.jpg,fog
/home/ps/Desktop/major_project/data/yolo/bdd_src/images/44ab2984-262d20dd.jpg,rain
/home/ps/Desktop/major_project/data/yolo/bdd_src/images/44add207-033c979a.jpg,fog
/home/ps/Desktop/major_project/data/yolo/bdd_src/images/44cc4dc8-01aea21d.jpg,night
/home/ps/Desktop/major_project/data/yolo/bdd_src/images/44dfc3bc-85c5914b.jpg,rain
/home/ps/Desktop/major_project/data/yolo/bdd_src/images/44e43485-236c5289.jpg,snow
/home/ps/Desktop/major_project/data/yolo/bdd_src/images/44e5b08d-00d71750.jpg,rain
/home/ps/Desktop/major_project/data/yolo/bdd_src/images/44f1cc1d-87a6165a.jpg,fog
/home/ps/Desktop/major_project/data/yolo/bdd_src/images/44f1cc1d-ec87380a.jpg,fog
/home/ps/Desktop/major_project/data/yolo/bdd_src/images/44f99ac4-053ee28e.jpg,fog
/home/ps/Desktop/major_project/data/yolo/bdd_src/images/44f99ac4-e57d0b77.jpg,snow
/home/ps/Desktop/major_project/data/yolo/bdd_src/images/4505d43c-72b03674.jpg,snow
/home/ps/Desktop/major_project/data/yolo/bdd_src/images/4506a609-5fce96c8.jpg,snow
/home/ps/Desktop/major_project/data/yolo/bdd_src/images/450c34e4-4ee72b3b.jpg,fog
/home/ps/Desktop/major_project/data/yolo/bdd_src/images/450f18a5-8ce16ded.jpg,night
/home/ps/Desktop/major_project/data/yolo/bdd_src/images/451640ee-f6fa4170.jpg,snow
/home/ps/Desktop/major_project/data/yolo/bdd_src/images/451bbf45-432aee76.jpg,snow
/home/ps/Desktop/major_project/data/yolo/bdd_src/images/451d9692-ffcd17f6.jpg,snow
/home/ps/Desktop/major_project/data/yolo/bdd_src/images/45231d99-225de796.jpg,rain
/home/ps/Desktop/major_project/data/yolo/bdd_src/images/45259f44-68ab3846.jpg,night
/home/ps/Desktop/major_project/data/yolo/bdd_src/images/4525a8b4-b6b5e56b.jpg,snow
/home/ps/Desktop/major_project/data/yolo/bdd_src/images/45352101-659be342.jpg,rain
/home/ps/Desktop/major_project/data/yolo/bdd_src/images/453e2ab1-37dba5b4.jpg,fog
/home/ps/Desktop/major_project/data/yolo/bdd_src/images/454b546c-837d6fe8.jpg,rain
/home/ps/Desktop/major_project/data/yolo/bdd_src/images/4554dd26-880e133f.jpg,snow
/home/ps/Desktop/major_project/data/yolo/bdd_src/images/4558a1b0-0e556ba6.jpg,fog
/home/ps/Desktop/major_project/data/yolo/bdd_src/images/455c0de1-65ae30b7.jpg,fog
/home/ps/Desktop/major_project/data/yolo/bdd_src/images/455c0de1-67bf29ff.jpg,fog
/home/ps/Desktop/major_project/data/yolo/bdd_src/images/4562e603-3d2d61db.jpg,fog
/home/ps/Desktop/major_project/data/yolo/bdd_src/images/4562e603-93a9c462.jpg,snow
/home/ps/Desktop/major_project/data/yolo/bdd_src/images/4562e603-b33bd607.jpg,fog
/home/ps/Desktop/major_project/data/yolo/bdd_src/images/4563b9e7-348bdba6.jpg,rain
/home/ps/Desktop/major_project/data/yolo/bdd_src/images/458697e3-12808c41.jpg,night
/home/ps/Desktop/major_project/data/yolo/bdd_src/images/4586ab93-fd57c6b1.jpg,snow
/home/ps/Desktop/major_project/data/yolo/bdd_src/images/458a3da5-048cee02.jpg,rain
/home/ps/Desktop/major_project/data/yolo/bdd_src/images/459142d8-bfd1ec23.jpg,snow
/home/ps/Desktop/major_project/data/yolo/bdd_src/images/45a00149-366dd2f7.jpg,fog
/home/ps/Desktop/major_project/data/yolo/bdd_src/images/45b26408-388752db.jpg,night
/home/ps/Desktop/major_project/data/yolo/bdd_src/images/45b69bf0-c450e847.jpg,fog
/home/ps/Desktop/major_project/data/yolo/bdd_src/images/45bafa98-ea2d97da.jpg,rain
/home/ps/Desktop/major_project/data/yolo/bdd_src/images/45f24ff2-0dd99c94.jpg,fog
/home/ps/Desktop/major_project/data/yolo/bdd_src/images/45f48c45-dc3b4681.jpg,fog
/home/ps/Desktop/major_project/data/yolo/bdd_src/images/45f53a74-d0571e54.jpg,night
/home/ps/Desktop/major_project/data/yolo/bdd_src/images/45fa63d2-29d59974.jpg,night
/home/ps/Desktop/major_project/data/yolo/bdd_src/images/45fa63d2-b3f39a8d.jpg,fog
/home/ps/Desktop/major_project/data/yolo/bdd_src/images/45fd93e3-3daa78f1.jpg,snow
/home/ps/Desktop/major_project/data/yolo/bdd_src/images/4603a749-733a74e4.jpg,snow
/home/ps/Desktop/major_project/data/yolo/bdd_src/images/461709aa-7f0ca722.jpg,rain
/home/ps/Desktop/major_project/data/yolo/bdd_src/images/4618f5db-3c81afd9.jpg,night
/home/ps/Desktop/major_project/data/yolo/bdd_src/images/4623cc10-4b9d7ba5.jpg,snow
/home/ps/Desktop/major_project/data/yolo/bdd_src/images/4627c831-b9f8544d.jpg,fog
/home/ps/Desktop/major_project/data/yolo/bdd_src/images/462eda67-4e678bc6.jpg,night
/home/ps/Desktop/major_project/data/yolo/bdd_src/images/4638692b-e287a812.jpg,snow
/home/ps/Desktop/major_project/data/yolo/bdd_src/images/46456102-fe526c02.jpg,snow
/home/ps/Desktop/major_project/data/yolo/bdd_src/images/46549325-a2c6260d.jpg,snow
/home/ps/Desktop/major_project/data/yolo/bdd_src/images/4655bcd1-11ae58e8.jpg,fog
/home/ps/Desktop/major_project/data/yolo/bdd_src/images/46642326-d1f90a67.jpg,night
/home/ps/Desktop/major_project/data/yolo/bdd_src/images/4678b0d5-54292c6f.jpg,snow
/home/ps/Desktop/major_project/data/yolo/bdd_src/images/467ee92a-749b929d.jpg,rain
/home/ps/Desktop/major_project/data/yolo/bdd_src/images/46823090-fd0fd964.jpg,night
/home/ps/Desktop/major_project/data/yolo/bdd_src/images/468b5df9-0f45a5bc.jpg,snow
/home/ps/Desktop/major_project/data/yolo/bdd_src/images/468e0620-ab16cfc7.jpg,snow
/home/ps/Desktop/major_project/data/yolo/bdd_src/images/468ee364-b3f8b71c.jpg,snow
/home/ps/Desktop/major_project/data/yolo/bdd_src/images/4693cfad-096c024b.jpg,fog
/home/ps/Desktop/major_project/data/yolo/bdd_src/images/46c53f59-4137562e.jpg,rain
/home/ps/Desktop/major_project/data/yolo/bdd_src/images/46cbc483-23a98ba5.jpg,night
/home/ps/Desktop/major_project/data/yolo/bdd_src/images/46ebc2d2-54254d77.jpg,night
/home/ps/Desktop/major_project/data/yolo/bdd_src/images/46ebc2d2-b008357d.jpg,snow
/home/ps/Desktop/major_project/data/yolo/bdd_src/images/46ebc2d2-bbe62bf2.jpg,fog
/home/ps/Desktop/major_project/data/yolo/bdd_src/images/46f0d4e3-b2fd19a0.jpg,fog
/home/ps/Desktop/major_project/data/yolo/bdd_src/images/46f0de84-222dc255.jpg,night
/home/ps/Desktop/major_project/data/yolo/bdd_src/images/46f10cf5-da9a3a05.jpg,fog
/home/ps/Desktop/major_project/data/yolo/bdd_src/images/46f76df9-8bf77914.jpg,snow
/home/ps/Desktop/major_project/data/yolo/bdd_src/images/471086f8-87fb283f.jpg,snow
/home/ps/Desktop/major_project/data/yolo/bdd_src/images/47190f55-55f185fa.jpg,fog
/home/ps/Desktop/major_project/data/yolo/bdd_src/images/47190f55-601ee494.jpg,fog
/home/ps/Desktop/major_project/data/yolo/bdd_src/images/473edba8-33414eaa.jpg,snow
/home/ps/Desktop/major_project/data/yolo/bdd_src/images/474103e0-9c0b555a.jpg,night
/home/ps/Desktop/major_project/data/yolo/bdd_src/images/4748dab8-0a69db88.jpg,night
/home/ps/Desktop/major_project/data/yolo/bdd_src/images/475432e6-d01f681d.jpg,rain
/home/ps/Desktop/major_project/data/yolo/bdd_src/images/475f2744-827291a8.jpg,fog
/home/ps/Desktop/major_project/data/yolo/bdd_src/images/476acae6-33454662.jpg,snow
/home/ps/Desktop/major_project/data/yolo/bdd_src/images/476acae6-80afa959.jpg,fog
/home/ps/Desktop/major_project/data/yolo/bdd_src/images/4775bdf3-460095f5.jpg,rain
/home/ps/Desktop/major_project/data/yolo/bdd_src/images/478b071d-7d5d7dcc.jpg,snow
/home/ps/Desktop/major_project/data/yolo/bdd_src/images/47a30f89-5e769028.jpg,night
/home/ps/Desktop/major_project/data/yolo/bdd_src/images/47a30f89-ad8854ca.jpg,snow
/home/ps/Desktop/major_project/data/yolo/bdd_src/images/47d3719a-03ad91d6.jpg,fog
/home/ps/Desktop/major_project/data/yolo/bdd_src/images/47d3719a-123d78b5.jpg,snow
/home/ps/Desktop/major_project/data/yolo/bdd_src/images/47d3719a-f19e928b.jpg,snow
/home/ps/Desktop/major_project/data/yolo/bdd_src/images/47d3ddf3-cad69bc4.jpg,snow
/home/ps/Desktop/major_project/data/yolo/bdd_src/images/47e75638-26f39950.jpg,night
/home/ps/Desktop/major_project/data/yolo/bdd_src/images/47e75638-8bfb5513.jpg,snow
/home/ps/Desktop/major_project/data/yolo/bdd_src/images/47ec5f3c-f53ed1ce.jpg,rain
/home/ps/Desktop/major_project/data/yolo/bdd_src/images/47f5a212-8311a0f1.jpg,snow
/home/ps/Desktop/major_project/data/yolo/bdd_src/images/47fa6a56-be1e32eb.jpg,rain
/home/ps/Desktop/major_project/data/yolo/bdd_src/images/47fd4575-5f610e7c.jpg,rain
/home/ps/Desktop/major_project/data/yolo/bdd_src/images/481277c8-48a3b244.jpg,snow
/home/ps/Desktop/major_project/data/yolo/bdd_src/images/481504e8-1d73635d.jpg,rain
/home/ps/Desktop/major_project/data/yolo/bdd_src/images/48194a1a-8bf1797c.jpg,fog
/home/ps/Desktop/major_project/data/yolo/bdd_src/images/4825c745-2e4d9a26.jpg,snow
/home/ps/Desktop/major_project/data/yolo/bdd_src/images/4836ac9e-ba2cc809.jpg,night
/home/ps/Desktop/major_project/data/yolo/bdd_src/images/483c45fd-a049bfe8.jpg,snow
/home/ps/Desktop/major_project/data/yolo/bdd_src/images/483c45fd-eb06aad7.jpg,rain
/home/ps/Desktop/major_project/data/yolo/bdd_src/images/483c45fd-f4ec803b.jpg,rain
/home/ps/Desktop/major_project/data/yolo/bdd_src/images/48524f2c-6ad805e7.jpg,rain
/home/ps/Desktop/major_project/data/yolo/bdd_src/images/48670733-eced3f98.jpg,night
/home/ps/Desktop/major_project/data/yolo/bdd_src/images/487d6810-e51c1695.jpg,snow
/home/ps/Desktop/major_project/data/yolo/bdd_src/images/488480d6-39da6deb.jpg,night
/home/ps/Desktop/major_project/data/yolo/bdd_src/images/488480d6-e285e40b.jpg,rain
/home/ps/Desktop/major_project/data/yolo/bdd_src/images/4884ff5c-66a6797c.jpg,fog
/home/ps/Desktop/major_project/data/yolo/bdd_src/images/488dbef0-c8e67047.jpg,snow
/home/ps/Desktop/major_project/data/yolo/bdd_src/images/489bd4df-5ebbfe43.jpg,rain
/home/ps/Desktop/major_project/data/yolo/bdd_src/images/48a5bf76-694ee394.jpg,snow
/home/ps/Desktop/major_project/data/yolo/bdd_src/images/48a5ca0c-d27adf7c.jpg,rain
/home/ps/Desktop/major_project/data/yolo/bdd_src/images/48cc4f2d-c31da819.jpg,snow
/home/ps/Desktop/major_project/data/yolo/bdd_src/images/48e1c637-329ca859.jpg,night
/home/ps/Desktop/major_project/data/yolo/bdd_src/images/48ed707e-5062e4c3.jpg,night
/home/ps/Desktop/major_project/data/yolo/bdd_src/images/48ef65d8-2097980d.jpg,fog
/home/ps/Desktop/major_project/data/yolo/bdd_src/images/48f00dd9-6836a902.jpg,rain
/home/ps/Desktop/major_project/data/yolo/bdd_src/images/48f50032-36a3a911.jpg,night
/home/ps/Desktop/major_project/data/yolo/bdd_src/images/48fd0ad8-8fb9651f.jpg,rain
/home/ps/Desktop/major_project/data/yolo/bdd_src/images/48ff7a56-5bd8b03e.jpg,snow
/home/ps/Desktop/major_project/data/yolo/bdd_src/images/48ff7a56-b5dc52eb.jpg,snow
/home/ps/Desktop/major_project/data/yolo/bdd_src/images/48ff7a56-c2e83dd4.jpg,snow
/home/ps/Desktop/major_project/data/yolo/bdd_src/images/490ba810-d2d97f0e.jpg,night
/home/ps/Desktop/major_project/data/yolo/bdd_src/images/490ba810-f9e9d331.jpg,rain
/home/ps/Desktop/major_project/data/yolo/bdd_src/images/490ccfe8-aa2f558c.jpg,night
/home/ps/Desktop/major_project/data/yolo/bdd_src/images/49102482-6fd7cfd3.jpg,fog
/home/ps/Desktop/major_project/data/yolo/bdd_src/images/491e39ec-449c856e.jpg,fog
/home/ps/Desktop/major_project/data/yolo/bdd_src/images/491e39ec-5895d5a5.jpg,night
/home/ps/Desktop/major_project/data/yolo/bdd_src/images/49310fbd-61b2c067.jpg,fog
/home/ps/Desktop/major_project/data/yolo/bdd_src/images/4931202d-dc085fc5.jpg,rain
/home/ps/Desktop/major_project/data/yolo/bdd_src/images/49360326-17fe240e.jpg,rain
/home/ps/Desktop/major_project/data/yolo/bdd_src/images/49360326-90ede439.jpg,rain
/home/ps/Desktop/major_project/data/yolo/bdd_src/images/49469fcc-51b46c57.jpg,rain
/home/ps/Desktop/major_project/data/yolo/bdd_src/images/4954d7e2-7303593f.jpg,fog
/home/ps/Desktop/major_project/data/yolo/bdd_src/images/495900ca-847af9ca.jpg,night
/home/ps/Desktop/major_project/data/yolo/bdd_src/images/495c0839-39f44d4f.jpg,rain
/home/ps/Desktop/major_project/data/yolo/bdd_src/images/49695e0e-44e18b72.jpg,rain
/home/ps/Desktop/major_project/data/yolo/bdd_src/images/497ff2a0-4269564b.jpg,fog
/home/ps/Desktop/major_project/data/yolo/bdd_src/images/497ff2a0-9da75d98.jpg,rain
/home/ps/Desktop/major_project/data/yolo/bdd_src/images/4983081f-a0832702.jpg,snow
/home/ps/Desktop/major_project/data/yolo/bdd_src/images/4996ebe4-a4b8deae.jpg,rain
/home/ps/Desktop/major_project/data/yolo/bdd_src/images/499a1636-66e21e5e.jpg,rain
/home/ps/Desktop/major_project/data/yolo/bdd_src/images/499a1636-b3b74d4e.jpg,fog
/home/ps/Desktop/major_project/data/yolo/bdd_src/images/49a7f35e-064d921c.jpg,rain
/home/ps/Desktop/major_project/data/yolo/bdd_src/images/49abcbb9-69981efe.jpg,night
/home/ps/Desktop/major_project/data/yolo/bdd_src/images/49ad12d1-27d1562a.jpg,night
/home/ps/Desktop/major_project/data/yolo/bdd_src/images/49ad12d1-a01a0c58.jpg,fog
/home/ps/Desktop/major_project/data/yolo/bdd_src/images/49b6d812-b0456ef7.jpg,fog
/home/ps/Desktop/major_project/data/yolo/bdd_src/images/49bdeae2-085b140c.jpg,fog
/home/ps/Desktop/major_project/data/yolo/bdd_src/images/49c66537-56b6a1d4.jpg,night
/home/ps/Desktop/major_project/data/yolo/bdd_src/images/49ce932b-ba792bb2.jpg,fog
/home/ps/Desktop/major_project/data/yolo/bdd_src/images/49d22340-6e3532a7.jpg,rain
/home/ps/Desktop/major_project/data/yolo/bdd_src/images/49d72653-27a949d2.jpg,snow
/home/ps/Desktop/major_project/data/yolo/bdd_src/images/49d72653-917a788e.jpg,night
/home/ps/Desktop/major_project/data/yolo/bdd_src/images/49da113c-7d258077.jpg,rain
/home/ps/Desktop/major_project/data/yolo/bdd_src/images/49ddbb92-34f7c317.jpg,rain
/home/ps/Desktop/major_project/data/yolo/bdd_src/images/49e5af04-ee6df071.jpg,fog
/home/ps/Desktop/major_project/data/yolo/bdd_src/images/49f36950-2b069f21.jpg,fog
/home/ps/Desktop/major_project/data/yolo/bdd_src/images/49f80e2d-ec0f6e51.jpg,night
/home/ps/Desktop/major_project/data/yolo/bdd_src/images/4a1c88d9-f68fdafd.jpg,fog
/home/ps/Desktop/major_project/data/yolo/bdd_src/images/4a344158-d4d37507.jpg,fog
/home/ps/Desktop/major_project/data/yolo/bdd_src/images/4a3a27a6-4eb574dd.jpg,rain
/home/ps/Desktop/major_project/data/yolo/bdd_src/images/4a411616-0de0b014.jpg,rain
/home/ps/Desktop/major_project/data/yolo/bdd_src/images/4a482ede-0d994a73.jpg,rain
/home/ps/Desktop/major_project/data/yolo/bdd_src/images/4a592fc2-1f10618d.jpg,rain
/home/ps/Desktop/major_project/data/yolo/bdd_src/images/4a592fc2-23dc77ce.jpg,night
/home/ps/Desktop/major_project/data/yolo/bdd_src/images/4a87d5e2-c9a2ac86.jpg,rain
/home/ps/Desktop/major_project/data/yolo/bdd_src/images/4a88a5b3-2f4b54f6.jpg,fog
/home/ps/Desktop/major_project/data/yolo/bdd_src/images/4a8b2a88-1e03dc11.jpg,fog
/home/ps/Desktop/major_project/data/yolo/bdd_src/images/4a8ff8d8-022aa58a.jpg,snow
/home/ps/Desktop/major_project/data/yolo/bdd_src/images/4a955cb1-9a948893.jpg,night
/home/ps/Desktop/major_project/data/yolo/bdd_src/images/4aaf6641-0c391d47.jpg,fog
/home/ps/Desktop/major_project/data/yolo/bdd_src/images/4aaf6641-977f7ab3.jpg,rain
/home/ps/Desktop/major_project/data/yolo/bdd_src/images/4abf640c-0e5d69f2.jpg,rain
/home/ps/Desktop/major_project/data/yolo/bdd_src/images/4abf640c-14b27c2d.jpg,night
/home/ps/Desktop/major_project/data/yolo/bdd_src/images/4abf640c-6672d944.jpg,rain
/home/ps/Desktop/major_project/data/yolo/bdd_src/images/4acf1374-24d997be.jpg,snow
/home/ps/Desktop/major_project/data/yolo/bdd_src/images/4acf71e7-6839b5f8.jpg,rain
/home/ps/Desktop/major_project/data/yolo/bdd_src/images/4ae517b9-289876c6.jpg,rain
/home/ps/Desktop/major_project/data/yolo/bdd_src/images/4aec1db3-72f4dbec.jpg,rain
/home/ps/Desktop/major_project/data/yolo/bdd_src/images/4aec1db3-e1d728f0.jpg,rain
/home/ps/Desktop/major_project/data/yolo/bdd_src/images/4af17d90-eefa0e4c.jpg,fog
/home/ps/Desktop/major_project/data/yolo/bdd_src/images/4b0efe43-6bc227dc.jpg,night
/home/ps/Desktop/major_project/data/yolo/bdd_src/images/4b2d9275-062e1b7b.jpg,night
/home/ps/Desktop/major_project/data/yolo/bdd_src/images/4b2eb144-090bbdd0.jpg,snow
/home/ps/Desktop/major_project/data/yolo/bdd_src/images/4b42ed77-26aadf4f.jpg,fog
/home/ps/Desktop/major_project/data/yolo/bdd_src/images/4b42ed77-a4cbce7b.jpg,night
/home/ps/Desktop/major_project/data/yolo/bdd_src/images/4b43452a-27b3567c.jpg,night
/home/ps/Desktop/major_project/data/yolo/bdd_src/images/4b43452a-3a1155c4.jpg,rain
/home/ps/Desktop/major_project/data/yolo/bdd_src/images/4b43452a-9af9e8d1.jpg,snow
/home/ps/Desktop/major_project/data/yolo/bdd_src/images/4b43f62c-b8468fe6.jpg,night
/home/ps/Desktop/major_project/data/yolo/bdd_src/images/4b4508a4-ea54e41c.jpg,fog
/home/ps/Desktop/major_project/data/yolo/bdd_src/images/4b57c85c-e4149320.jpg,snow
/home/ps/Desktop/major_project/data/yolo/bdd_src/images/4b6cf073-908ffef6.jpg,night
/home/ps/Desktop/major_project/data/yolo/bdd_src/images/4b7466d6-4e9afa08.jpg,rain
/home/ps/Desktop/major_project/data/yolo/bdd_src/images/4b969b37-3d4d7666.jpg,fog
/home/ps/Desktop/major_project/data/yolo/bdd_src/images/4bbc7955-fc535671.jpg,fog
/home/ps/Desktop/major_project/data/yolo/bdd_src/images/4bcae5ac-069ed8d6.jpg,rain
/home/ps/Desktop/major_project/data/yolo/bdd_src/images/4bfeddad-56e6a8f5.jpg,snow
/home/ps/Desktop/major_project/data/yolo/bdd_src/images/4c115e0c-80c4dc52.jpg,rain
/home/ps/Desktop/major_project/data/yolo/bdd_src/images/4c2853a1-25875987.jpg,rain
/home/ps/Desktop/major_project/data/yolo/bdd_src/images/4c2853a1-e26a8444.jpg,night
/home/ps/Desktop/major_project/data/yolo/bdd_src/images/4c286161-e72de07d.jpg,fog
/home/ps/Desktop/major_project/data/yolo/bdd_src/images/4c49f366-a2a5d7c6.jpg,night
/home/ps/Desktop/major_project/data/yolo/bdd_src/images/4c4b3b2b-0cbc58d3.jpg,fog
/home/ps/Desktop/major_project/data/yolo/bdd_src/images/4c4b3b2b-f0c0c58d.jpg,snow
/home/ps/Desktop/major_project/data/yolo/bdd_src/images/4c52616a-b7e5497c.jpg,rain
/home/ps/Desktop/major_project/data/yolo/bdd_src/images/4c62bc08-e4842285.jpg,snow
/home/ps/Desktop/major_project/data/yolo/bdd_src/images/4c6c487e-6d6a1c62.jpg,night
/home/ps/Desktop/major_project/data/yolo/bdd_src/images/4c6cf9e9-02c99fdd.jpg,rain
/home/ps/Desktop/major_project/data/yolo/bdd_src/images/4c7adb1b-b2653f95.jpg,snow
/home/ps/Desktop/major_project/data/yolo/bdd_src/images/4c824f95-58057e7f.jpg,rain
/home/ps/Desktop/major_project/data/yolo/bdd_src/images/4c840aee-0dd28451.jpg,fog
/home/ps/Desktop/major_project/data/yolo/bdd_src/images/4c840aee-55e1c349.jpg,rain
/home/ps/Desktop/major_project/data/yolo/bdd_src/images/4c840aee-f4bc07b0.jpg,rain
/home/ps/Desktop/major_project/data/yolo/bdd_src/images/4c8d29ef-16b4022a.jpg,snow
/home/ps/Desktop/major_project/data/yolo/bdd_src/images/4c8d409d-1bd2514e.jpg,night
/home/ps/Desktop/major_project/data/yolo/bdd_src/images/4cb4d524-a51d319b.jpg,night
/home/ps/Desktop/major_project/data/yolo/bdd_src/images/4ccdfa91-3e195f93.jpg,fog
/home/ps/Desktop/major_project/data/yolo/bdd_src/images/4cd3fa2d-b66d20ed.jpg,snow
/home/ps/Desktop/major_project/data/yolo/bdd_src/images/4cdbb502-ddfabc78.jpg,snow
/home/ps/Desktop/major_project/data/yolo/bdd_src/images/4ce6aa09-1ef44a18.jpg,rain
/home/ps/Desktop/major_project/data/yolo/bdd_src/images/4cea50a0-ac97a9b7.jpg,snow
/home/ps/Desktop/major_project/data/yolo/bdd_src/images/4ceece28-c736bc53.jpg,night
/home/ps/Desktop/major_project/data/yolo/bdd_src/images/4cf92f07-0debebd2.jpg,snow
/home/ps/Desktop/major_project/data/yolo/bdd_src/images/4d031668-de69dbf1.jpg,snow
/home/ps/Desktop/major_project/data/yolo/bdd_src/images/4d0741da-5a24c8dc.jpg,rain
/home/ps/Desktop/major_project/data/yolo/bdd_src/images/4d0a3744-bee98a8b.jpg,snow
/home/ps/Desktop/major_project/data/yolo/bdd_src/images/4d0c0875-57b6f5be.jpg,snow
/home/ps/Desktop/major_project/data/yolo/bdd_src/images/4d138a69-2043426a.jpg,snow
/home/ps/Desktop/major_project/data/yolo/bdd_src/images/4d1532b4-384b8d3c.jpg,night
/home/ps/Desktop/major_project/data/yolo/bdd_src/images/4d2588e3-d5ec2a62.jpg,night
/home/ps/Desktop/major_project/data/yolo/bdd_src/images/4d2ceb8b-c74daa63.jpg,night
/home/ps/Desktop/major_project/data/yolo/bdd_src/images/4d4a590b-4332c5ab.jpg,rain
/home/ps/Desktop/major_project/data/yolo/bdd_src/images/4d4a590b-b8563a84.jpg,rain
/home/ps/Desktop/major_project/data/yolo/bdd_src/images/4d4f0cce-6ee5d0d4.jpg,night
/home/ps/Desktop/major_project/data/yolo/bdd_src/images/4d7dc762-e485d922.jpg,rain
/home/ps/Desktop/major_project/data/yolo/bdd_src/images/4db930b2-f527f53b.jpg,fog
/home/ps/Desktop/major_project/data/yolo/bdd_src/images/4dd2c463-26ba2520.jpg,snow
/home/ps/Desktop/major_project/data/yolo/bdd_src/images/4dd2c463-8a08bb49.jpg,night
/home/ps/Desktop/major_project/data/yolo/bdd_src/images/4df52280-1e94d013.jpg,snow
/home/ps/Desktop/major_project/data/yolo/bdd_src/images/4df70187-3ae734d7.jpg,snow
/home/ps/Desktop/major_project/data/yolo/bdd_src/images/4df70187-97b88ffe.jpg,fog
/home/ps/Desktop/major_project/data/yolo/bdd_src/images/4dfe1b30-9ac5f98e.jpg,fog
/home/ps/Desktop/major_project/data/yolo/bdd_src/images/4e04c9e8-caf1354f.jpg,night
/home/ps/Desktop/major_project/data/yolo/bdd_src/images/4e18bb80-aa447a12.jpg,fog
/home/ps/Desktop/major_project/data/yolo/bdd_src/images/4e1e9df5-a1c16347.jpg,snow
/home/ps/Desktop/major_project/data/yolo/bdd_src/images/4e1f88e3-c9ce2413.jpg,fog
/home/ps/Desktop/major_project/data/yolo/bdd_src/images/4e2d2b5b-00e1cf1f.jpg,rain
/home/ps/Desktop/major_project/data/yolo/bdd_src/images/4e2d2b5b-5525c1a4.jpg,night
/home/ps/Desktop/major_project/data/yolo/bdd_src/images/4e41ad31-6b35d3e3.jpg,snow
/home/ps/Desktop/major_project/data/yolo/bdd_src/images/4e4bbf1d-b95a570c.jpg,snow
/home/ps/Desktop/major_project/data/yolo/bdd_src/images/4e4d744b-4f3d8347.jpg,fog
/home/ps/Desktop/major_project/data/yolo/bdd_src/images/4e4f1d23-59cdbbb0.jpg,night
/home/ps/Desktop/major_project/data/yolo/bdd_src/images/4e574794-ad49b763.jpg,snow
/home/ps/Desktop/major_project/data/yolo/bdd_src/images/4e59bd2b-5c41b6c4.jpg,night
/home/ps/Desktop/major_project/data/yolo/bdd_src/images/4e6303aa-0ee871b1.jpg,night
/home/ps/Desktop/major_project/data/yolo/bdd_src/images/4e66e9f0-d6689b0e.jpg,fog
/home/ps/Desktop/major_project/data/yolo/bdd_src/images/4e7b9f48-d4a7031b.jpg,night
/home/ps/Desktop/major_project/data/yolo/bdd_src/images/4e803148-07a98540.jpg,rain
/home/ps/Desktop/major_project/data/yolo/bdd_src/images/4ea3e85e-201a1c6c.jpg,snow
/home/ps/Desktop/major_project/data/yolo/bdd_src/images/4ec1bd82-1b51a6b7.jpg,night
/home/ps/Desktop/major_project/data/yolo/bdd_src/images/4ec1bd82-814b3df6.jpg,snow
/home/ps/Desktop/major_project/data/yolo/bdd_src/images/4ec1bd82-975ee481.jpg,rain
/home/ps/Desktop/major_project/data/yolo/bdd_src/images/4ed2c9b1-66fa66ab.jpg,snow
/home/ps/Desktop/major_project/data/yolo/bdd_src/images/4eda64d0-b56a7b90.jpg,snow
/home/ps/Desktop/major_project/data/yolo/bdd_src/images/4edf0832-f5d483a4.jpg,fog
/home/ps/Desktop/major_project/data/yolo/bdd_src/images/4ef0b323-a6020d7f.jpg,fog
/home/ps/Desktop/major_project/data/yolo/bdd_src/images/4ef3544c-c9061d27.jpg,fog
/home/ps/Desktop/major_project/data/yolo/bdd_src/images/4f062853-b821ef27.jpg,snow
/home/ps/Desktop/major_project/data/yolo/bdd_src/images/4f062853-bf2062a0.jpg,fog
/home/ps/Desktop/major_project/data/yolo/bdd_src/images/4f2c67cc-2117eb45.jpg,fog
/home/ps/Desktop/major_project/data/yolo/bdd_src/images/4f360501-ba85c5e3.jpg,snow
/home/ps/Desktop/major_project/data/yolo/bdd_src/images/4f3b86d4-b1fd5eb6.jpg,rain
/home/ps/Desktop/major_project/data/yolo/bdd_src/images/4f6ff63b-733ccae8.jpg,night
/home/ps/Desktop/major_project/data/yolo/bdd_src/images/4f7187f8-cd7e17ad.jpg,night
/home/ps/Desktop/major_project/data/yolo/bdd_src/images/4f838541-572beb99.jpg,night
/home/ps/Desktop/major_project/data/yolo/bdd_src/images/4f838541-c0cff760.jpg,rain
/home/ps/Desktop/major_project/data/yolo/bdd_src/images/4f83b144-ec92d225.jpg,snow
/home/ps/Desktop/major_project/data/yolo/bdd_src/images/4f8522e1-2b4d7c43.jpg,night
/home/ps/Desktop/major_project/data/yolo/bdd_src/images/4f9a4c82-cd58d5b2.jpg,night
/home/ps/Desktop/major_project/data/yolo/bdd_src/images/4fa2575d-ce2eacae.jpg,rain
/home/ps/Desktop/major_project/data/yolo/bdd_src/images/4faabd52-0659ffa3.jpg,fog
/home/ps/Desktop/major_project/data/yolo/bdd_src/images/4faabd52-4948c2aa.jpg,snow
/home/ps/Desktop/major_project/data/yolo/bdd_src/images/4fafb9db-4b1137b7.jpg,snow
/home/ps/Desktop/major_project/data/yolo/bdd_src/images/4fc0b703-bc916e96.jpg,fog
/home/ps/Desktop/major_project/data/yolo/bdd_src/images/4fc1fef1-2f8517ea.jpg,fog
/home/ps/Desktop/major_project/data/yolo/bdd_src/images/4fe1af7b-32eb6d82.jpg,rain
/home/ps/Desktop/major_project/data/yolo/bdd_src/images/4feec415-e4c1d551.jpg,snow
/home/ps/Desktop/major_project/data/yolo/bdd_src/images/4ff0d410-b1280f3a.jpg,rain
/home/ps/Desktop/major_project/data/yolo/bdd_src/images/4ff37947-12fd7cd3.jpg,rain
/home/ps/Desktop/major_project/data/yolo/bdd_src/images/5026e0d8-0ee4ffe8.jpg,snow
/home/ps/Desktop/major_project/data/yolo/bdd_src/images/50400ee1-7865168d.jpg,snow
/home/ps/Desktop/major_project/data/yolo/bdd_src/images/50422d40-862e73b1.jpg,night
/home/ps/Desktop/major_project/data/yolo/bdd_src/images/5046b0d1-4a4598f7.jpg,night
/home/ps/Desktop/major_project/data/yolo/bdd_src/images/505ca3b1-d945399b.jpg,night
/home/ps/Desktop/major_project/data/yolo/bdd_src/images/506748cf-941fb1ce.jpg,night
/home/ps/Desktop/major_project/data/yolo/bdd_src/images/5069db50-cc414bca.jpg,fog
/home/ps/Desktop/major_project/data/yolo/bdd_src/images/5071728a-78bcd83e.jpg,night
/home/ps/Desktop/major_project/data/yolo/bdd_src/images/5071728a-833fc50a.jpg,rain
/home/ps/Desktop/major_project/data/yolo/bdd_src/images/50866f46-30d1f303.jpg,snow
/home/ps/Desktop/major_project/data/yolo/bdd_src/images/508746c9-d8a5008e.jpg,night
/home/ps/Desktop/major_project/data/yolo/bdd_src/images/508a00dc-1815378e.jpg,snow
/home/ps/Desktop/major_project/data/yolo/bdd_src/images/50999ba6-7f803001.jpg,fog
/home/ps/Desktop/major_project/data/yolo/bdd_src/images/50a95d7e-19a6f24c.jpg,night
/home/ps/Desktop/major_project/data/yolo/bdd_src/images/50a95d7e-d112b4cd.jpg,rain
/home/ps/Desktop/major_project/data/yolo/bdd_src/images/50a95d7e-d8beebf9.jpg,snow
/home/ps/Desktop/major_project/data/yolo/bdd_src/images/50ac35c3-9ca3ed49.jpg,rain
/home/ps/Desktop/major_project/data/yolo/bdd_src/images/50b115d6-4b08a666.jpg,night
/home/ps/Desktop/major_project/data/yolo/bdd_src/images/50b115d6-a9652c85.jpg,rain
/home/ps/Desktop/major_project/data/yolo/bdd_src/images/50b5f3d5-10b3d48f.jpg,fog
/home/ps/Desktop/major_project/data/yolo/bdd_src/images/50b88644-d8f5a4ed.jpg,rain
/home/ps/Desktop/major_project/data/yolo/bdd_src/images/50c5bc36-1fa76ee5.jpg,rain
/home/ps/Desktop/major_project/data/yolo/bdd_src/images/50cb34ee-4ffbdb0b.jpg,fog
/home/ps/Desktop/major_project/data/yolo/bdd_src/images/50cb34ee-f944ff93.jpg,night
/home/ps/Desktop/major_project/data/yolo/bdd_src/images/50cb47ce-696b5088.jpg,fog
/home/ps/Desktop/major_project/data/yolo/bdd_src/images/50d13970-bbe1e7bb.jpg,snow
/home/ps/Desktop/major_project/data/yolo/bdd_src/images/50dac904-04986081.jpg,night
/home/ps/Desktop/major_project/data/yolo/bdd_src/images/50e560a5-ac2f7176.jpg,snow
/home/ps/Desktop/major_project/data/yolo/bdd_src/images/50e9d022-f99e8a07.jpg,snow
/home/ps/Desktop/major_project/data/yolo/bdd_src/images/50eac5d2-afbea1dd.jpg,night
/home/ps/Desktop/major_project/data/yolo/bdd_src/images/50f67560-2369bf34.jpg,night
/home/ps/Desktop/major_project/data/yolo/bdd_src/images/50f8f5a4-7f10329b.jpg,rain
/home/ps/Desktop/major_project/data/yolo/bdd_src/images/51053820-698f5c24.jpg,rain
/home/ps/Desktop/major_project/data/yolo/bdd_src/images/510d67db-b00ef32e.jpg,snow
/home/ps/Desktop/major_project/data/yolo/bdd_src/images/51151a4f-2d7cc3fd.jpg,fog
/home/ps/Desktop/major_project/data/yolo/bdd_src/images/51151a4f-5ffffae8.jpg,fog
/home/ps/Desktop/major_project/data/yolo/bdd_src/images/511651f3-b404b544.jpg,fog
/home/ps/Desktop/major_project/data/yolo/bdd_src/images/5122cdb4-eb77a38d.jpg,night
/home/ps/Desktop/major_project/data/yolo/bdd_src/images/5123dde0-8a6812fb.jpg,snow
/home/ps/Desktop/major_project/data/yolo/bdd_src/images/5123dde0-c273e0b4.jpg,snow
/home/ps/Desktop/major_project/data/yolo/bdd_src/images/5132ee44-1a3a619c.jpg,snow
/home/ps/Desktop/major_project/data/yolo/bdd_src/images/513865de-0ef0f5e8.jpg,snow
/home/ps/Desktop/major_project/data/yolo/bdd_src/images/5142a583-7b8d4a7d.jpg,rain
/home/ps/Desktop/major_project/data/yolo/bdd_src/images/51450dbd-aa4927f4.jpg,snow
/home/ps/Desktop/major_project/data/yolo/bdd_src/images/5147eb31-0092494f.jpg,snow
/home/ps/Desktop/major_project/data/yolo/bdd_src/images/514a6d58-0790e0cd.jpg,fog
/home/ps/Desktop/major_project/data/yolo/bdd_src/images/5150bb50-300d52ce.jpg,snow
/home/ps/Desktop/major_project/data/yolo/bdd_src/images/517773fa-a4e7c26d.jpg,rain
/home/ps/Desktop/major_project/data/yolo/bdd_src/images/51879d3a-d2619215.jpg,snow
/home/ps/Desktop/major_project/data/yolo/bdd_src/images/51ab9edc-2c510eff.jpg,fog
/home/ps/Desktop/major_project/data/yolo/bdd_src/images/51b20fb8-de3d812c.jpg,rain
/home/ps/Desktop/major_project/data/yolo/bdd_src/images/51b98da5-cfa24505.jpg,rain
/home/ps/Desktop/major_project/data/yolo/bdd_src/images/51c25046-019b6946.jpg,snow
/home/ps/Desktop/major_project/data/yolo/bdd_src/images/51d01ec4-92c58f6e.jpg,fog
/home/ps/Desktop/major_project/data/yolo/bdd_src/images/51d38b78-e7a64d9c.jpg,night
/home/ps/Desktop/major_project/data/yolo/bdd_src/images/52012c15-9090c2f2.jpg,night
/home/ps/Desktop/major_project/data/yolo/bdd_src/images/5201c25e-36ba3c67.jpg,fog
/home/ps/Desktop/major_project/data/yolo/bdd_src/images/52074ade-52d7ea21.jpg,rain
/home/ps/Desktop/major_project/data/yolo/bdd_src/images/5209d79d-2afdb8a4.jpg,night
/home/ps/Desktop/major_project/data/yolo/bdd_src/images/520bcf5d-6136b4aa.jpg,rain
/home/ps/Desktop/major_project/data/yolo/bdd_src/images/520e428a-888e94d7.jpg,night
/home/ps/Desktop/major_project/data/yolo/bdd_src/images/52131557-8e5514da.jpg,snow
/home/ps/Desktop/major_project/data/yolo/bdd_src/images/521a1510-25af5168.jpg,rain
/home/ps/Desktop/major_project/data/yolo/bdd_src/images/5236a2f2-8814ee43.jpg,rain
/home/ps/Desktop/major_project/data/yolo/bdd_src/images/52393c6f-63f99890.jpg,rain
/home/ps/Desktop/major_project/data/yolo/bdd_src/images/524d5d48-67d256c8.jpg,fog
/home/ps/Desktop/major_project/data/yolo/bdd_src/images/52643c04-85770c24.jpg,fog
/home/ps/Desktop/major_project/data/yolo/bdd_src/images/527c1bad-e8d8ef6c.jpg,rain
/home/ps/Desktop/major_project/data/yolo/bdd_src/images/528bdf47-65916b7a.jpg,night
/home/ps/Desktop/major_project/data/yolo/bdd_src/images/529762d9-0cfd7045.jpg,fog
/home/ps/Desktop/major_project/data/yolo/bdd_src/images/529762d9-1a5c89a6.jpg,snow
/home/ps/Desktop/major_project/data/yolo/bdd_src/images/529762d9-1c1581d0.jpg,rain
/home/ps/Desktop/major_project/data/yolo/bdd_src/images/529762d9-8b8d893b.jpg,night
/home/ps/Desktop/major_project/data/yolo/bdd_src/images/529762d9-b2c9a952.jpg,fog
/home/ps/Desktop/major_project/data/yolo/bdd_src/images/529762d9-d289f3c6.jpg,rain
/home/ps/Desktop/major_project/data/yolo/bdd_src/images/52a51caa-0cc3fd85.jpg,night
/home/ps/Desktop/major_project/data/yolo/bdd_src/images/52bcfde3-cdc52ebd.jpg,night
/home/ps/Desktop/major_project/data/yolo/bdd_src/images/52bda346-fd8ac6e7.jpg,fog
/home/ps/Desktop/major_project/data/yolo/bdd_src/images/52e22215-43184a32.jpg,snow
/home/ps/Desktop/major_project/data/yolo/bdd_src/images/52ee23b0-a5e1cdbf.jpg,snow
/home/ps/Desktop/major_project/data/yolo/bdd_src/images/5305169c-6a157451.jpg,snow
/home/ps/Desktop/major_project/data/yolo/bdd_src/images/5305169c-ce8364de.jpg,rain
/home/ps/Desktop/major_project/data/yolo/bdd_src/images/53132f74-46bcadfd.jpg,fog
/home/ps/Desktop/major_project/data/yolo/bdd_src/images/5319f6b5-1a5a194c.jpg,night
/home/ps/Desktop/major_project/data/yolo/bdd_src/images/5324744a-4d5ce47f.jpg,night
/home/ps/Desktop/major_project/data/yolo/bdd_src/images/53295614-8e51dd98.jpg,rain
/home/ps/Desktop/major_project/data/yolo/bdd_src/images/53342c27-00d5c1de.jpg,snow
/home/ps/Desktop/major_project/data/yolo/bdd_src/images/53342c27-155c0fc9.jpg,night
/home/ps/Desktop/major_project/data/yolo/bdd_src/images/53482c46-fbee4213.jpg,night
/home/ps/Desktop/major_project/data/yolo/bdd_src/images/534a95e5-0834f46b.jpg,night
/home/ps/Desktop/major_project/data/yolo/bdd_src/images/5358ca07-159706d9.jpg,night
/home/ps/Desktop/major_project/data/yolo/bdd_src/images/536b8e93-ad8f066b.jpg,snow
/home/ps/Desktop/major_project/data/yolo/bdd_src/images/5370e5bf-ca1f6ec7.jpg,fog
/home/ps/Desktop/major_project/data/yolo/bdd_src/images/53824e7f-c118afd0.jpg,fog
/home/ps/Desktop/major_project/data/yolo/bdd_src/images/53a79e2d-36cc51f9.jpg,night
/home/ps/Desktop/major_project/data/yolo/bdd_src/images/53afbe23-d80ce7c2.jpg,fog
/home/ps/Desktop/major_project/data/yolo/bdd_src/images/53be3c4d-d5c8b128.jpg,snow
/home/ps/Desktop/major_project/data/yolo/bdd_src/images/53cd4beb-932365ed.jpg,rain
/home/ps/Desktop/major_project/data/yolo/bdd_src/images/53df08f8-33e336e4.jpg,snow
/home/ps/Desktop/major_project/data/yolo/bdd_src/images/53e36dd9-f900e5dc.jpg,rain
/home/ps/Desktop/major_project/data/yolo/bdd_src/images/53e70e9c-cf4d5cdc.jpg,night
/home/ps/Desktop/major_project/data/yolo/bdd_src/images/53f06672-e942bc38.jpg,night
/home/ps/Desktop/major_project/data/yolo/bdd_src/images/53f9b9e0-b402cd3b.jpg,snow
/home/ps/Desktop/major_project/data/yolo/bdd_src/images/5409f777-7ff76c8d.jpg,rain
/home/ps/Desktop/major_project/data/yolo/bdd_src/images/54327204-b6f2b6ad.jpg,snow
/home/ps/Desktop/major_project/data/yolo/bdd_src/images/54360b72-e00a3f70.jpg,rain
/home/ps/Desktop/major_project/data/yolo/bdd_src/images/5441041a-8f6afb64.jpg,rain
/home/ps/Desktop/major_project/data/yolo/bdd_src/images/54473ead-6296d645.jpg,rain
/home/ps/Desktop/major_project/data/yolo/bdd_src/images/544f99a0-f50f3ae4.jpg,night
/home/ps/Desktop/major_project/data/yolo/bdd_src/images/54568e00-64efcbe6.jpg,fog
/home/ps/Desktop/major_project/data/yolo/bdd_src/images/546169c0-e13c9fd5.jpg,rain
/home/ps/Desktop/major_project/data/yolo/bdd_src/images/546453a4-0ab715da.jpg,fog
/home/ps/Desktop/major_project/data/yolo/bdd_src/images/546e3d2d-c82347b6.jpg,snow
/home/ps/Desktop/major_project/data/yolo/bdd_src/images/54733970-8ad6f18c.jpg,rain
/home/ps/Desktop/major_project/data/yolo/bdd_src/images/547f682e-49a5706b.jpg,night
/home/ps/Desktop/major_project/data/yolo/bdd_src/images/548403b1-34ec0462.jpg,night
/home/ps/Desktop/major_project/data/yolo/bdd_src/images/548f3f8c-2c907948.jpg,snow
/home/ps/Desktop/major_project/data/yolo/bdd_src/images/549a6ea6-80c28111.jpg,rain
/home/ps/Desktop/major_project/data/yolo/bdd_src/images/549dcb6f-b2e2fe4c.jpg,night
/home/ps/Desktop/major_project/data/yolo/bdd_src/images/54ca49ee-4074538c.jpg,night
/home/ps/Desktop/major_project/data/yolo/bdd_src/images/54ce74cb-fa77c723.jpg,rain
/home/ps/Desktop/major_project/data/yolo/bdd_src/images/54ef80cd-c45f3f2d.jpg,snow
/home/ps/Desktop/major_project/data/yolo/bdd_src/images/55194387-ca1dd923.jpg,snow
/home/ps/Desktop/major_project/data/yolo/bdd_src/images/552d7af8-d5433cc9.jpg,snow
/home/ps/Desktop/major_project/data/yolo/bdd_src/images/552e4074-5948002b.jpg,rain
/home/ps/Desktop/major_project/data/yolo/bdd_src/images/553169bb-c94732d8.jpg,fog
/home/ps/Desktop/major_project/data/yolo/bdd_src/images/553c3b79-473701b0.jpg,snow
/home/ps/Desktop/major_project/data/yolo/bdd_src/images/5550b73b-c349c695.jpg,rain
/home/ps/Desktop/major_project/data/yolo/bdd_src/images/55542637-bcdf0809.jpg,rain
/home/ps/Desktop/major_project/data/yolo/bdd_src/images/555e3641-64d3e63f.jpg,rain
/home/ps/Desktop/major_project/data/yolo/bdd_src/images/555e3641-a12a0362.jpg,night
/home/ps/Desktop/major_project/data/yolo/bdd_src/images/555e3641-ffc37545.jpg,rain
/home/ps/Desktop/major_project/data/yolo/bdd_src/images/556733f6-f66b27a2.jpg,snow
/home/ps/Desktop/major_project/data/yolo/bdd_src/images/556fc734-91dad647.jpg,night
/home/ps/Desktop/major_project/data/yolo/bdd_src/images/5575192d-2f9804d4.jpg,fog
/home/ps/Desktop/major_project/data/yolo/bdd_src/images/5575192d-db1f70bc.jpg,snow
/home/ps/Desktop/major_project/data/yolo/bdd_src/images/557e4648-480c2b3e.jpg,fog
/home/ps/Desktop/major_project/data/yolo/bdd_src/images/558b4290-47ed0e14.jpg,night
/home/ps/Desktop/major_project/data/yolo/bdd_src/images/559e53d9-01c8dc78.jpg,fog
/home/ps/Desktop/major_project/data/yolo/bdd_src/images/55a5530c-2dacbe93.jpg,rain
/home/ps/Desktop/major_project/data/yolo/bdd_src/images/55ad6cc3-d84bad3e.jpg,rain
/home/ps/Desktop/major_project/data/yolo/bdd_src/images/55afeade-f5ba68b7.jpg,night
/home/ps/Desktop/major_project/data/yolo/bdd_src/images/55b6c05e-dfe7d0b5.jpg,night
/home/ps/Desktop/major_project/data/yolo/bdd_src/images/55bb39ee-dd80aa9d.jpg,fog
/home/ps/Desktop/major_project/data/yolo/bdd_src/images/55bd9a88-418e6c58.jpg,night
/home/ps/Desktop/major_project/data/yolo/bdd_src/images/55d8fbef-f4942226.jpg,rain
/home/ps/Desktop/major_project/data/yolo/bdd_src/images/55e45954-65fba4d0.jpg,fog
/home/ps/Desktop/major_project/data/yolo/bdd_src/images/55e55f0f-7317f98e.jpg,snow
/home/ps/Desktop/major_project/data/yolo/bdd_src/images/55e80e7f-10c157ba.jpg,rain
/home/ps/Desktop/major_project/data/yolo/bdd_src/images/55f35509-ad4843ac.jpg,night
/home/ps/Desktop/major_project/data/yolo/bdd_src/images/5607aa95-5b0dfbd8.jpg,snow
/home/ps/Desktop/major_project/data/yolo/bdd_src/images/56188d0a-cf1024ed.jpg,rain
/home/ps/Desktop/major_project/data/yolo/bdd_src/images/561a8b88-ed86c6bc.jpg,snow
/home/ps/Desktop/major_project/data/yolo/bdd_src/images/56280dc2-254ead25.jpg,fog
/home/ps/Desktop/major_project/data/yolo/bdd_src/images/563777cd-0a087ea6.jpg,fog
/home/ps/Desktop/major_project/data/yolo/bdd_src/images/5639e86e-4400d383.jpg,snow
/home/ps/Desktop/major_project/data/yolo/bdd_src/images/56446727-98dc69c7.jpg,snow
/home/ps/Desktop/major_project/data/yolo/bdd_src/images/5644bfba-367d0499.jpg,night
/home/ps/Desktop/major_project/data/yolo/bdd_src/images/5647138b-47de2456.jpg,night
/home/ps/Desktop/major_project/data/yolo/bdd_src/images/564aa288-50404821.jpg,rain
/home/ps/Desktop/major_project/data/yolo/bdd_src/images/56675f42-4c931873.jpg,fog
/home/ps/Desktop/major_project/data/yolo/bdd_src/images/5667bdba-4445bad8.jpg,fog
/home/ps/Desktop/major_project/data/yolo/bdd_src/images/5671fd92-6df8f662.jpg,fog
/home/ps/Desktop/major_project/data/yolo/bdd_src/images/56861e74-01c63610.jpg,snow
/home/ps/Desktop/major_project/data/yolo/bdd_src/images/568edf27-56604a8c.jpg,rain
/home/ps/Desktop/major_project/data/yolo/bdd_src/images/568edf27-b65797dd.jpg,rain
/home/ps/Desktop/major_project/data/yolo/bdd_src/images/568fdfc1-bf52b75f.jpg,snow
/home/ps/Desktop/major_project/data/yolo/bdd_src/images/56929e9f-d3fe98f7.jpg,snow
/home/ps/Desktop/major_project/data/yolo/bdd_src/images/569311c8-8de38b08.jpg,snow
/home/ps/Desktop/major_project/data/yolo/bdd_src/images/569c281d-294688cb.jpg,rain
/home/ps/Desktop/major_project/data/yolo/bdd_src/images/569d591a-0dce276c.jpg,night
/home/ps/Desktop/major_project/data/yolo/bdd_src/images/569d591a-3d85e8fe.jpg,fog
/home/ps/Desktop/major_project/data/yolo/bdd_src/images/569d591a-cd541b3c.jpg,snow
/home/ps/Desktop/major_project/data/yolo/bdd_src/images/56a005c9-9df4ad4f.jpg,rain
/home/ps/Desktop/major_project/data/yolo/bdd_src/images/56a163ef-1bccc58a.jpg,rain
/home/ps/Desktop/major_project/data/yolo/bdd_src/images/56b2e08d-4eeeccef.jpg,night
/home/ps/Desktop/major_project/data/yolo/bdd_src/images/56b68b72-194bacdb.jpg,night
/home/ps/Desktop/major_project/data/yolo/bdd_src/images/56b6910e-d4aa628b.jpg,night
/home/ps/Desktop/major_project/data/yolo/bdd_src/images/56bc004a-09e03cf1.jpg,fog
/home/ps/Desktop/major_project/data/yolo/bdd_src/images/56c07a01-51de5a87.jpg,snow
/home/ps/Desktop/major_project/data/yolo/bdd_src/images/56d58594-2273abb1.jpg,night
/home/ps/Desktop/major_project/data/yolo/bdd_src/images/56f7dc78-ef0d2122.jpg,night
/home/ps/Desktop/major_project/data/yolo/bdd_src/images/56f90fcc-ab3f5768.jpg,fog
/home/ps/Desktop/major_project/data/yolo/bdd_src/images/56fc2581-8879d0c6.jpg,night
/home/ps/Desktop/major_project/data/yolo/bdd_src/images/5703a746-8c69ef9a.jpg,snow
/home/ps/Desktop/major_project/data/yolo/bdd_src/images/5707d59d-d5a27d86.jpg,fog
/home/ps/Desktop/major_project/data/yolo/bdd_src/images/570d2fa7-072e2af8.jpg,rain
/home/ps/Desktop/major_project/data/yolo/bdd_src/images/570d2fa7-d608a182.jpg,fog
/home/ps/Desktop/major_project/data/yolo/bdd_src/images/5714fae9-a311604f.jpg,snow
/home/ps/Desktop/major_project/data/yolo/bdd_src/images/57165857-e4d4a47f.jpg,night
/home/ps/Desktop/major_project/data/yolo/bdd_src/images/571f7885-8ecfc675.jpg,fog
/home/ps/Desktop/major_project/data/yolo/bdd_src/images/57455bd1-40284f07.jpg,rain
/home/ps/Desktop/major_project/data/yolo/bdd_src/images/574fa3ab-e091b7a4.jpg,snow
/home/ps/Desktop/major_project/data/yolo/bdd_src/images/5755fabd-6681b94e.jpg,rain
/home/ps/Desktop/major_project/data/yolo/bdd_src/images/575a2c21-3ee40a12.jpg,fog
/home/ps/Desktop/major_project/data/yolo/bdd_src/images/576e2c55-8153db2d.jpg,rain
/home/ps/Desktop/major_project/data/yolo/bdd_src/images/579611ab-36d93195.jpg,night
/home/ps/Desktop/major_project/data/yolo/bdd_src/images/579a18f6-b8ee8436.jpg,snow
/home/ps/Desktop/major_project/data/yolo/bdd_src/images/57ac74e2-3e6093ea.jpg,fog
/home/ps/Desktop/major_project/data/yolo/bdd_src/images/57e78466-0276d942.jpg,rain
/home/ps/Desktop/major_project/data/yolo/bdd_src/images/57e78466-241bdffe.jpg,night
/home/ps/Desktop/major_project/data/yolo/bdd_src/images/57ff8bf8-19536c6a.jpg,night
/home/ps/Desktop/major_project/data/yolo/bdd_src/images/5804addd-a243c92b.jpg,night
/home/ps/Desktop/major_project/data/yolo/bdd_src/images/5804addd-bfbf09bf.jpg,rain
/home/ps/Desktop/major_project/data/yolo/bdd_src/images/5804addd-c37259da.jpg,rain
/home/ps/Desktop/major_project/data/yolo/bdd_src/images/5804addd-cdc1c5af.jpg,night
/home/ps/Desktop/major_project/data/yolo/bdd_src/images/5804addd-d1557398.jpg,snow
/home/ps/Desktop/major_project/data/yolo/bdd_src/images/58056cdc-fb98d0d7.jpg,snow
/home/ps/Desktop/major_project/data/yolo/bdd_src/images/5806788d-2f66a0ce.jpg,snow
/home/ps/Desktop/major_project/data/yolo/bdd_src/images/580bba2a-68b6c714.jpg,rain
/home/ps/Desktop/major_project/data/yolo/bdd_src/images/582674b4-6348c791.jpg,rain
/home/ps/Desktop/major_project/data/yolo/bdd_src/images/582c5336-a96b2581.jpg,fog
/home/ps/Desktop/major_project/data/yolo/bdd_src/images/584004f5-efdb8523.jpg,night
/home/ps/Desktop/major_project/data/yolo/bdd_src/images/585443c8-2621a6b1.jpg,fog
/home/ps/Desktop/major_project/data/yolo/bdd_src/images/585d3eef-d9eb9742.jpg,snow
/home/ps/Desktop/major_project/data/yolo/bdd_src/images/5877b384-2545daf4.jpg,night
/home/ps/Desktop/major_project/data/yolo/bdd_src/images/587bb1bf-1aa00fe5.jpg,rain
/home/ps/Desktop/major_project/data/yolo/bdd_src/images/587da58e-f42c6d85.jpg,fog
/home/ps/Desktop/major_project/data/yolo/bdd_src/images/58820efb-60efd5a4.jpg,night
/home/ps/Desktop/major_project/data/yolo/bdd_src/images/58820efb-9ca3871a.jpg,snow
/home/ps/Desktop/major_project/data/yolo/bdd_src/images/58a1b187-b5eabe19.jpg,fog
/home/ps/Desktop/major_project/data/yolo/bdd_src/images/58a1b187-f9e297c1.jpg,rain
/home/ps/Desktop/major_project/data/yolo/bdd_src/images/58a428ec-6d30a25f.jpg,snow
/home/ps/Desktop/major_project/data/yolo/bdd_src/images/58bba673-6b7fab87.jpg,night
/home/ps/Desktop/major_project/data/yolo/bdd_src/images/58c77712-8a8d4350.jpg,night
/home/ps/Desktop/major_project/data/yolo/bdd_src/images/58cd0eb5-282dbb66.jpg,night
/home/ps/Desktop/major_project/data/yolo/bdd_src/images/58d900ca-b2df6ef3.jpg,fog
/home/ps/Desktop/major_project/data/yolo/bdd_src/images/58daa31a-1896ac21.jpg,snow
/home/ps/Desktop/major_project/data/yolo/bdd_src/images/58deed53-a6b2f467.jpg,fog
/home/ps/Desktop/major_project/data/yolo/bdd_src/images/58df3474-501a4fc6.jpg,rain
/home/ps/Desktop/major_project/data/yolo/bdd_src/images/58e736cf-23844683.jpg,rain
/home/ps/Desktop/major_project/data/yolo/bdd_src/images/58ec42ac-f73763a1.jpg,fog
/home/ps/Desktop/major_project/data/yolo/bdd_src/images/58ef8c61-6e960b8b.jpg,snow
/home/ps/Desktop/major_project/data/yolo/bdd_src/images/58f46fa3-f42865f7.jpg,fog
/home/ps/Desktop/major_project/data/yolo/bdd_src/images/58f4b807-a144f0b0.jpg,night
/home/ps/Desktop/major_project/data/yolo/bdd_src/images/58fa8e9b-23692d83.jpg,night
/home/ps/Desktop/major_project/data/yolo/bdd_src/images/58fcc210-3a3a8921.jpg,fog
/home/ps/Desktop/major_project/data/yolo/bdd_src/images/58ff7092-0167b0d8.jpg,fog
/home/ps/Desktop/major_project/data/yolo/bdd_src/images/58ff7092-5c4674cf.jpg,snow
/home/ps/Desktop/major_project/data/yolo/bdd_src/images/58ffd862-035b71f9.jpg,night
/home/ps/Desktop/major_project/data/yolo/bdd_src/images/58ffd862-e29a92f3.jpg,snow
/home/ps/Desktop/major_project/data/yolo/bdd_src/images/591dd9e7-409a06c7.jpg,rain
/home/ps/Desktop/major_project/data/yolo/bdd_src/images/591e6f01-d435e23c.jpg,night
/home/ps/Desktop/major_project/data/yolo/bdd_src/images/591f89a5-7975ac07.jpg,night
/home/ps/Desktop/major_project/data/yolo/bdd_src/images/5928d20c-ec3e5c4c.jpg,fog
/home/ps/Desktop/major_project/data/yolo/bdd_src/images/592bf411-b508bf74.jpg,snow
/home/ps/Desktop/major_project/data/yolo/bdd_src/images/592da4ac-3e2a51e2.jpg,rain
/home/ps/Desktop/major_project/data/yolo/bdd_src/images/5932d73e-77ff3d0a.jpg,fog
/home/ps/Desktop/major_project/data/yolo/bdd_src/images/593d17e0-804e44e2.jpg,snow
/home/ps/Desktop/major_project/data/yolo/bdd_src/images/593feb7a-0fa12680.jpg,fog
/home/ps/Desktop/major_project/data/yolo/bdd_src/images/59415542-69a02dac.jpg,rain
/home/ps/Desktop/major_project/data/yolo/bdd_src/images/594688c9-2294caf5.jpg,snow
/home/ps/Desktop/major_project/data/yolo/bdd_src/images/594a3eda-a07fde4d.jpg,night
/home/ps/Desktop/major_project/data/yolo/bdd_src/images/595027c1-8b4b27af.jpg,snow
/home/ps/Desktop/major_project/data/yolo/bdd_src/images/595e2616-71848bb4.jpg,fog
/home/ps/Desktop/major_project/data/yolo/bdd_src/images/59600af1-4d3bff54.jpg,rain
/home/ps/Desktop/major_project/data/yolo/bdd_src/images/596e7ee4-178fca97.jpg,rain
/home/ps/Desktop/major_project/data/yolo/bdd_src/images/5979f62d-db81a44c.jpg,night
/home/ps/Desktop/major_project/data/yolo/bdd_src/images/59882904-420dd380.jpg,snow
/home/ps/Desktop/major_project/data/yolo/bdd_src/images/59949881-d059ae19.jpg,rain
/home/ps/Desktop/major_project/data/yolo/bdd_src/images/5995c288-2d152172.jpg,snow
/home/ps/Desktop/major_project/data/yolo/bdd_src/images/5995c288-b47dc56e.jpg,fog
/home/ps/Desktop/major_project/data/yolo/bdd_src/images/59991f70-b32d4192.jpg,snow
/home/ps/Desktop/major_project/data/yolo/bdd_src/images/59cafd79-01db3dbd.jpg,snow
/home/ps/Desktop/major_project/data/yolo/bdd_src/images/59cde7c7-344bffb1.jpg,rain
/home/ps/Desktop/major_project/data/yolo/bdd_src/images/59cde7c7-7f5e4b86.jpg,night
/home/ps/Desktop/major_project/data/yolo/bdd_src/images/59cde7c7-a99afd4b.jpg,rain
/home/ps/Desktop/major_project/data/yolo/bdd_src/images/59d346ff-41210918.jpg,fog
/home/ps/Desktop/major_project/data/yolo/bdd_src/images/59e4b873-e9eef235.jpg,rain
/home/ps/Desktop/major_project/data/yolo/bdd_src/images/59e71e71-806f2375.jpg,night
/home/ps/Desktop/major_project/data/yolo/bdd_src/images/59e82161-a823aa62.jpg,snow
/home/ps/Desktop/major_project/data/yolo/bdd_src/images/59ec3a2d-b6cb8c71.jpg,fog
/home/ps/Desktop/major_project/data/yolo/bdd_src/images/5a0021e3-80d6086e.jpg,night
/home/ps/Desktop/major_project/data/yolo/bdd_src/images/5a05ca81-57446b08.jpg,snow
/home/ps/Desktop/major_project/data/yolo/bdd_src/images/5a074512-00e08f39.jpg,fog
/home/ps/Desktop/major_project/data/yolo/bdd_src/images/5a07c389-47fbbdb0.jpg,rain
/home/ps/Desktop/major_project/data/yolo/bdd_src/images/5a25f3d7-c10e988d.jpg,fog
/home/ps/Desktop/major_project/data/yolo/bdd_src/images/5a288d11-9188c999.jpg,fog
/home/ps/Desktop/major_project/data/yolo/bdd_src/images/5a290cc6-28e8c50b.jpg,rain
/home/ps/Desktop/major_project/data/yolo/bdd_src/images/5a293189-9681625b.jpg,fog
/home/ps/Desktop/major_project/data/yolo/bdd_src/images/5a36ceba-877d599f.jpg,rain
/home/ps/Desktop/major_project/data/yolo/bdd_src/images/5a383c9e-92c5a843.jpg,snow
/home/ps/Desktop/major_project/data/yolo/bdd_src/images/5a3e4a83-6b389cfd.jpg,rain
/home/ps/Desktop/major_project/data/yolo/bdd_src/images/5a422f94-2e2f4b5e.jpg,snow
/home/ps/Desktop/major_project/data/yolo/bdd_src/images/5a425df7-eb9ee7f1.jpg,night
/home/ps/Desktop/major_project/data/yolo/bdd_src/images/5a43c996-cca1337a.jpg,night
/home/ps/Desktop/major_project/data/yolo/bdd_src/images/5a4734fc-1f744ece.jpg,night
/home/ps/Desktop/major_project/data/yolo/bdd_src/images/5a4c577a-ae30ea94.jpg,snow
/home/ps/Desktop/major_project/data/yolo/bdd_src/images/5a4fb1bd-beae3db7.jpg,night
/home/ps/Desktop/major_project/data/yolo/bdd_src/images/5a510b26-f23f2862.jpg,night
/home/ps/Desktop/major_project/data/yolo/bdd_src/images/5a70bb60-b562e2f8.jpg,fog
/home/ps/Desktop/major_project/data/yolo/bdd_src/images/5a77ae97-925baa5f.jpg,snow
/home/ps/Desktop/major_project/data/yolo/bdd_src/images/5a7f8c5f-f56bd490.jpg,rain
/home/ps/Desktop/major_project/data/yolo/bdd_src/images/5a812331-0546ed75.jpg,rain
/home/ps/Desktop/major_project/data/yolo/bdd_src/images/5a8220cc-1adc0d4e.jpg,fog
/home/ps/Desktop/major_project/data/yolo/bdd_src/images/5a8220cc-241fb4d3.jpg,snow
/home/ps/Desktop/major_project/data/yolo/bdd_src/images/5a867146-b43fc1ed.jpg,night
/home/ps/Desktop/major_project/data/yolo/bdd_src/images/5a8f9b5d-1fdfd2d4.jpg,night
/home/ps/Desktop/major_project/data/yolo/bdd_src/images/5a991bac-a3abd2a0.jpg,night
/home/ps/Desktop/major_project/data/yolo/bdd_src/images/5aa04547-4bb5d0cf.jpg,snow
/home/ps/Desktop/major_project/data/yolo/bdd_src/images/5aa08c52-3a78a547.jpg,snow
/home/ps/Desktop/major_project/data/yolo/bdd_src/images/5aa462e3-2f4c55af.jpg,night
/home/ps/Desktop/major_project/data/yolo/bdd_src/images/5aa462e3-7ff59681.jpg,night
/home/ps/Desktop/major_project/data/yolo/bdd_src/images/5aa9afdf-a92d307d.jpg,night
/home/ps/Desktop/major_project/data/yolo/bdd_src/images/5ab1916f-484d7c02.jpg,snow
/home/ps/Desktop/major_project/data/yolo/bdd_src/images/5abe8984-545ce260.jpg,snow
/home/ps/Desktop/major_project/data/yolo/bdd_src/images/5ada8655-3f01a48d.jpg,night
/home/ps/Desktop/major_project/data/yolo/bdd_src/images/5adb12f3-15b3b0cb.jpg,snow
/home/ps/Desktop/major_project/data/yolo/bdd_src/images/5ae83f9c-b61d1d26.jpg,rain
/home/ps/Desktop/major_project/data/yolo/bdd_src/images/5ae83f9c-c6ac28cd.jpg,fog
/home/ps/Desktop/major_project/data/yolo/bdd_src/images/5aec918c-f5326e04.jpg,snow
/home/ps/Desktop/major_project/data/yolo/bdd_src/images/5b04526a-05213f32.jpg,night
/home/ps/Desktop/major_project/data/yolo/bdd_src/images/5b1550f7-70692b8b.jpg,fog
/home/ps/Desktop/major_project/data/yolo/bdd_src/images/5b18eecf-18f3709c.jpg,rain
/home/ps/Desktop/major_project/data/yolo/bdd_src/images/5b437bb9-7aba4602.jpg,snow
/home/ps/Desktop/major_project/data/yolo/bdd_src/images/5b5b3d18-6449d937.jpg,snow
/home/ps/Desktop/major_project/data/yolo/bdd_src/images/5b612190-e7a14db9.jpg,fog
/home/ps/Desktop/major_project/data/yolo/bdd_src/images/5b64f7c8-fef589a0.jpg,snow
/home/ps/Desktop/major_project/data/yolo/bdd_src/images/5b7bf7a5-8485b74e.jpg,night
/home/ps/Desktop/major_project/data/yolo/bdd_src/images/5b80b74b-3bb1e78d.jpg,rain
/home/ps/Desktop/major_project/data/yolo/bdd_src/images/5b81c409-65fcd542.jpg,rain
/home/ps/Desktop/major_project/data/yolo/bdd_src/images/5b85f948-5185c9c3.jpg,night
/home/ps/Desktop/major_project/data/yolo/bdd_src/images/5ba9f1b3-667426e8.jpg,rain
/home/ps/Desktop/major_project/data/yolo/bdd_src/images/5bad77f9-bb5371e1.jpg,fog
/home/ps/Desktop/major_project/data/yolo/bdd_src/images/5bb9c181-a9a30e22.jpg,fog
/home/ps/Desktop/major_project/data/yolo/bdd_src/images/5bcddf89-4365d96d.jpg,fog
/home/ps/Desktop/major_project/data/yolo/bdd_src/images/5bd148ed-d99088eb.jpg,night
/home/ps/Desktop/major_project/data/yolo/bdd_src/images/5bf07489-baa84bca.jpg,fog
/home/ps/Desktop/major_project/data/yolo/bdd_src/images/5bfd5c52-10a0402e.jpg,night
/home/ps/Desktop/major_project/data/yolo/bdd_src/images/5bfd5c52-730b4e30.jpg,snow
/home/ps/Desktop/major_project/data/yolo/bdd_src/images/5c20ddb0-654d09cb.jpg,rain
/home/ps/Desktop/major_project/data/yolo/bdd_src/images/5c2349f6-e5f050ca.jpg,snow
/home/ps/Desktop/major_project/data/yolo/bdd_src/images/5c343d8a-14185f97.jpg,snow
/home/ps/Desktop/major_project/data/yolo/bdd_src/images/5c387bfa-fb0fb637.jpg,snow
/home/ps/Desktop/major_project/data/yolo/bdd_src/images/5c4004b7-a9c38458.jpg,rain
/home/ps/Desktop/major_project/data/yolo/bdd_src/images/5c4333b1-132aebe5.jpg,snow
/home/ps/Desktop/major_project/data/yolo/bdd_src/images/5c497300-f1676d19.jpg,night
/home/ps/Desktop/major_project/data/yolo/bdd_src/images/5c534f5f-a76c7f4b.jpg,night
/home/ps/Desktop/major_project/data/yolo/bdd_src/images/5c558525-14e73cb6.jpg,snow
/home/ps/Desktop/major_project/data/yolo/bdd_src/images/5c5dc708-35460444.jpg,snow
/home/ps/Desktop/major_project/data/yolo/bdd_src/images/5c963d8e-b435ffce.jpg,night
/home/ps/Desktop/major_project/data/yolo/bdd_src/images/5c976963-4abc9999.jpg,fog
/home/ps/Desktop/major_project/data/yolo/bdd_src/images/5ca11169-4ba9e100.jpg,fog
/home/ps/Desktop/major_project/data/yolo/bdd_src/images/5ce0f880-298aa072.jpg,fog
/home/ps/Desktop/major_project/data/yolo/bdd_src/images/5ce1d730-63c2920e.jpg,fog
/home/ps/Desktop/major_project/data/yolo/bdd_src/images/5ceeac16-77dd1602.jpg,night
/home/ps/Desktop/major_project/data/yolo/bdd_src/images/5cfd2ca7-1a85c315.jpg,snow
/home/ps/Desktop/major_project/data/yolo/bdd_src/images/5d1c1a62-0924331a.jpg,snow
/home/ps/Desktop/major_project/data/yolo/bdd_src/images/5d1dd6e3-53c35fe2.jpg,rain
/home/ps/Desktop/major_project/data/yolo/bdd_src/images/5d2a3732-45140645.jpg,rain
/home/ps/Desktop/major_project/data/yolo/bdd_src/images/5d3b8c87-6f760d95.jpg,rain
/home/ps/Desktop/major_project/data/yolo/bdd_src/images/5d416ebe-b9ad20b9.jpg,night
/home/ps/Desktop/major_project/data/yolo/bdd_src/images/5d56a37d-184f99d1.jpg,snow
/home/ps/Desktop/major_project/data/yolo/bdd_src/images/5d6e1a76-294791b3.jpg,snow
/home/ps/Desktop/major_project/data/yolo/bdd_src/images/5d7d27f1-ccd8413a.jpg,fog
/home/ps/Desktop/major_project/data/yolo/bdd_src/images/5d84776d-43fd0dc6.jpg,rain
/home/ps/Desktop/major_project/data/yolo/bdd_src/images/5d9dee36-52b1a4be.jpg,night
/home/ps/Desktop/major_project/data/yolo/bdd_src/images/5dae5f6e-2d5799cc.jpg,snow
/home/ps/Desktop/major_project/data/yolo/bdd_src/images/5db183a7-ce9f5246.jpg,night
/home/ps/Desktop/major_project/data/yolo/bdd_src/images/5db7248c-0d93e696.jpg,fog
/home/ps/Desktop/major_project/data/yolo/bdd_src/images/5dbaee15-42b41cab.jpg,night
/home/ps/Desktop/major_project/data/yolo/bdd_src/images/5dc0dbc3-aef28ab1.jpg,snow
/home/ps/Desktop/major_project/data/yolo/bdd_src/images/5dc3f976-6e991b0d.jpg,night
/home/ps/Desktop/major_project/data/yolo/bdd_src/images/5de00e22-7a53ed9c.jpg,rain
/home/ps/Desktop/major_project/data/yolo/bdd_src/images/5de32d4a-e39d66d8.jpg,snow
/home/ps/Desktop/major_project/data/yolo/bdd_src/images/5dea16c2-c11aca88.jpg,rain
/home/ps/Desktop/major_project/data/yolo/bdd_src/images/5dee4c2c-e8e2c8f8.jpg,night
/home/ps/Desktop/major_project/data/yolo/bdd_src/images/5df66720-6940a7c6.jpg,night
/home/ps/Desktop/major_project/data/yolo/bdd_src/images/5df6af19-ffc297fc.jpg,snow
/home/ps/Desktop/major_project/data/yolo/bdd_src/images/5dff6680-2929d722.jpg,snow
/home/ps/Desktop/major_project/data/yolo/bdd_src/images/5e03752a-49b1fef4.jpg,fog
/home/ps/Desktop/major_project/data/yolo/bdd_src/images/5e0465d5-a596426a.jpg,night
/home/ps/Desktop/major_project/data/yolo/bdd_src/images/5e0465d5-a8b7aab1.jpg,fog
/home/ps/Desktop/major_project/data/yolo/bdd_src/images/5e0af549-39e6bf7b.jpg,rain
/home/ps/Desktop/major_project/data/yolo/bdd_src/images/5e0af549-484e64b7.jpg,snow
/home/ps/Desktop/major_project/data/yolo/bdd_src/images/5e0b701e-0b2a08a2.jpg,fog
/home/ps/Desktop/major_project/data/yolo/bdd_src/images/5e0b701e-ecac1fc3.jpg,rain
/home/ps/Desktop/major_project/data/yolo/bdd_src/images/5e0e6f62-207f7c10.jpg,snow
/home/ps/Desktop/major_project/data/yolo/bdd_src/images/5e14f200-5c1caae5.jpg,fog
/home/ps/Desktop/major_project/data/yolo/bdd_src/images/5e26f49d-27f6ca47.jpg,snow
/home/ps/Desktop/major_project/data/yolo/bdd_src/images/5e26f49d-8df466ac.jpg,fog
/home/ps/Desktop/major_project/data/yolo/bdd_src/images/5e26f49d-9271bf00.jpg,snow
/home/ps/Desktop/major_project/data/yolo/bdd_src/images/5e26f49d-d2f3631d.jpg,rain
/home/ps/Desktop/major_project/data/yolo/bdd_src/images/5e29121d-a55d3b76.jpg,fog
/home/ps/Desktop/major_project/data/yolo/bdd_src/images/5e392adf-695a379d.jpg,rain
/home/ps/Desktop/major_project/data/yolo/bdd_src/images/5e3c7e2b-48198de1.jpg,fog
/home/ps/Desktop/major_project/data/yolo/bdd_src/images/5e4158a5-6d77b4c0.jpg,night
/home/ps/Desktop/major_project/data/yolo/bdd_src/images/5e4c5063-d6fb8ca3.jpg,rain
/home/ps/Desktop/major_project/data/yolo/bdd_src/images/5e4fdd69-c969e374.jpg,rain
/home/ps/Desktop/major_project/data/yolo/bdd_src/images/5e524103-7e42b3bc.jpg,rain
/home/ps/Desktop/major_project/data/yolo/bdd_src/images/5e541d4f-b279836e.jpg,rain
/home/ps/Desktop/major_project/data/yolo/bdd_src/images/5e56be93-06c66071.jpg,rain
/home/ps/Desktop/major_project/data/yolo/bdd_src/images/5e5dff43-d777c487.jpg,snow
/home/ps/Desktop/major_project/data/yolo/bdd_src/images/5e606afa-bea5edf7.jpg,rain
/home/ps/Desktop/major_project/data/yolo/bdd_src/images/5e6423d1-cd18f592.jpg,rain
/home/ps/Desktop/major_project/data/yolo/bdd_src/images/5e68fc57-77245dd4.jpg,rain
/home/ps/Desktop/major_project/data/yolo/bdd_src/images/5e68fc57-8130d9cf.jpg,fog
/home/ps/Desktop/major_project/data/yolo/bdd_src/images/5e738d41-2917786d.jpg,rain
/home/ps/Desktop/major_project/data/yolo/bdd_src/images/5e7f4564-cd3daf6c.jpg,snow
/home/ps/Desktop/major_project/data/yolo/bdd_src/images/5e893d6d-da28a143.jpg,fog
/home/ps/Desktop/major_project/data/yolo/bdd_src/images/5e9fab4f-e7e175dc.jpg,fog
/home/ps/Desktop/major_project/data/yolo/bdd_src/images/5ea1f2ff-b711934b.jpg,snow
/home/ps/Desktop/major_project/data/yolo/bdd_src/images/5ea36eb1-cc9ffedc.jpg,snow
/home/ps/Desktop/major_project/data/yolo/bdd_src/images/5eb2a426-b3715916.jpg,rain
/home/ps/Desktop/major_project/data/yolo/bdd_src/images/5eb318bf-19feee43.jpg,rain
/home/ps/Desktop/major_project/data/yolo/bdd_src/images/5eb318bf-7cc13f99.jpg,rain
/home/ps/Desktop/major_project/data/yolo/bdd_src/images/5ec601ee-521e0160.jpg,night
/home/ps/Desktop/major_project/data/yolo/bdd_src/images/5ed42914-4b4059f7.jpg,night
/home/ps/Desktop/major_project/data/yolo/bdd_src/images/5ed60649-ad60907c.jpg,rain
/home/ps/Desktop/major_project/data/yolo/bdd_src/images/5edf3351-221cead0.jpg,snow
/home/ps/Desktop/major_project/data/yolo/bdd_src/images/5ef35655-862feafe.jpg,snow
/home/ps/Desktop/major_project/data/yolo/bdd_src/images/5ef6024e-7db4a161.jpg,rain
/home/ps/Desktop/major_project/data/yolo/bdd_src/images/5f00b048-039ebdf5.jpg,fog
/home/ps/Desktop/major_project/data/yolo/bdd_src/images/5f00b122-df025477.jpg,rain
/home/ps/Desktop/major_project/data/yolo/bdd_src/images/5f00b122-e2eeae1b.jpg,snow
/home/ps/Desktop/major_project/data/yolo/bdd_src/images/5f00b122-fdaf3cb2.jpg,night
/home/ps/Desktop/major_project/data/yolo/bdd_src/images/5f04694b-594ec747.jpg,fog
/home/ps/Desktop/major_project/data/yolo/bdd_src/images/5f04722d-53e24bdd.jpg,snow
/home/ps/Desktop/major_project/data/yolo/bdd_src/images/5f39aa0a-2d29b63e.jpg,snow
/home/ps/Desktop/major_project/data/yolo/bdd_src/images/5f4102ef-c058ace8.jpg,night
/home/ps/Desktop/major_project/data/yolo/bdd_src/images/5f4433bf-d92f3753.jpg,fog
/home/ps/Desktop/major_project/data/yolo/bdd_src/images/5f61ccef-7e0cb5ea.jpg,snow
/home/ps/Desktop/major_project/data/yolo/bdd_src/images/5f79678a-5b16b99d.jpg,rain
/home/ps/Desktop/major_project/data/yolo/bdd_src/images/5f7f036b-85ed6667.jpg,snow
/home/ps/Desktop/major_project/data/yolo/bdd_src/images/5f8b8d74-1af2ba0f.jpg,snow
/home/ps/Desktop/major_project/data/yolo/bdd_src/images/5f8e9381-22bc384c.jpg,fog
/home/ps/Desktop/major_project/data/yolo/bdd_src/images/5f9e481f-4fd1ff01.jpg,night
/home/ps/Desktop/major_project/data/yolo/bdd_src/images/5fa422e1-2d8dd765.jpg,fog
/home/ps/Desktop/major_project/data/yolo/bdd_src/images/5fa86d2c-43ed982e.jpg,rain
/home/ps/Desktop/major_project/data/yolo/bdd_src/images/5fa86d2c-6f421367.jpg,rain
/home/ps/Desktop/major_project/data/yolo/bdd_src/images/5facdeb5-f595206c.jpg,night
/home/ps/Desktop/major_project/data/yolo/bdd_src/images/5fc14564-49b1edc3.jpg,rain
/home/ps/Desktop/major_project/data/yolo/bdd_src/images/5fc93bea-4753652a.jpg,snow
/home/ps/Desktop/major_project/data/yolo/bdd_src/images/5fd4b5c7-002301f2.jpg,night
/home/ps/Desktop/major_project/data/yolo/bdd_src/images/5fd6d71a-4a492ec0.jpg,snow
/home/ps/Desktop/major_project/data/yolo/bdd_src/images/5ff84a32-e82d227b.jpg,fog
/home/ps/Desktop/major_project/data/yolo/bdd_src/images/600550ce-22578e56.jpg,night
/home/ps/Desktop/major_project/data/yolo/bdd_src/images/601122c4-590a4246.jpg,night
/home/ps/Desktop/major_project/data/yolo/bdd_src/images/6011831b-0992e205.jpg,night
/home/ps/Desktop/major_project/data/yolo/bdd_src/images/6016fcef-de3e649d.jpg,snow
/home/ps/Desktop/major_project/data/yolo/bdd_src/images/601aa3d0-83f135c7.jpg,rain
/home/ps/Desktop/major_project/data/yolo/bdd_src/images/6025ffbe-7e3abd16.jpg,rain
/home/ps/Desktop/major_project/data/yolo/bdd_src/images/602af93c-0fc625ad.jpg,fog
/home/ps/Desktop/major_project/data/yolo/bdd_src/images/604b5b3e-3c2e6b6b.jpg,snow
/home/ps/Desktop/major_project/data/yolo/bdd_src/images/604b6b01-3b18ef9b.jpg,snow
/home/ps/Desktop/major_project/data/yolo/bdd_src/images/604ddb77-23188c0c.jpg,night
/home/ps/Desktop/major_project/data/yolo/bdd_src/images/604fc763-6b7e0c64.jpg,rain
/home/ps/Desktop/major_project/data/yolo/bdd_src/images/60537c9d-9912665a.jpg,rain
/home/ps/Desktop/major_project/data/yolo/bdd_src/images/605434f1-b231204d.jpg,night
/home/ps/Desktop/major_project/data/yolo/bdd_src/images/60567bc8-8d399e79.jpg,rain
/home/ps/Desktop/major_project/data/yolo/bdd_src/images/60567bc8-e00a8548.jpg,night
/home/ps/Desktop/major_project/data/yolo/bdd_src/images/605740bd-27f9f47a.jpg,snow
/home/ps/Desktop/major_project/data/yolo/bdd_src/images/605e977a-33865893.jpg,fog
/home/ps/Desktop/major_project/data/yolo/bdd_src/images/606feb51-f3301604.jpg,rain
/home/ps/Desktop/major_project/data/yolo/bdd_src/images/608640e2-67700f57.jpg,rain
/home/ps/Desktop/major_project/data/yolo/bdd_src/images/608640e2-7bb01947.jpg,fog
/home/ps/Desktop/major_project/data/yolo/bdd_src/images/608d944f-6d009a0f.jpg,rain
/home/ps/Desktop/major_project/data/yolo/bdd_src/images/6092f5a2-424550ba.jpg,night
/home/ps/Desktop/major_project/data/yolo/bdd_src/images/60994578-36d249ea.jpg,snow
/home/ps/Desktop/major_project/data/yolo/bdd_src/images/60994578-e50da2c4.jpg,night
/home/ps/Desktop/major_project/data/yolo/bdd_src/images/60bd3d74-2c2d3ff9.jpg,rain
/home/ps/Desktop/major_project/data/yolo/bdd_src/images/60c678e7-31cf8e6a.jpg,fog
/home/ps/Desktop/major_project/data/yolo/bdd_src/images/60c678e7-4813ae0f.jpg,snow
/home/ps/Desktop/major_project/data/yolo/bdd_src/images/60c678e7-fa739438.jpg,snow
/home/ps/Desktop/major_project/data/yolo/bdd_src/images/60cb9996-94e86b6b.jpg,night
/home/ps/Desktop/major_project/data/yolo/bdd_src/images/60cb9996-dba3ae3d.jpg,night
/home/ps/Desktop/major_project/data/yolo/bdd_src/images/60d84a63-a76de956.jpg,snow
/home/ps/Desktop/major_project/data/yolo/bdd_src/images/60df8a69-ab203cfa.jpg,fog
/home/ps/Desktop/major_project/data/yolo/bdd_src/images/60e3224d-9b7e62c3.jpg,snow
/home/ps/Desktop/major_project/data/yolo/bdd_src/images/60e6a1f9-8d3cff77.jpg,rain
/home/ps/Desktop/major_project/data/yolo/bdd_src/images/60e8eea8-e639adb5.jpg,fog
/home/ps/Desktop/major_project/data/yolo/bdd_src/images/60ef30ae-c2795e8b.jpg,snow
/home/ps/Desktop/major_project/data/yolo/bdd_src/images/60ef30ae-eebbe2e4.jpg,snow
/home/ps/Desktop/major_project/data/yolo/bdd_src/images/60f0a7a7-fde2633b.jpg,rain
/home/ps/Desktop/major_project/data/yolo/bdd_src/images/60fd824b-1db73c43.jpg,snow
/home/ps/Desktop/major_project/data/yolo/bdd_src/images/610003ee-e7862656.jpg,night
/home/ps/Desktop/major_project/data/yolo/bdd_src/images/610f6205-7c7927a5.jpg,rain
/home/ps/Desktop/major_project/data/yolo/bdd_src/images/61239730-07e889c6.jpg,fog
/home/ps/Desktop/major_project/data/yolo/bdd_src/images/61262b3a-b19b657b.jpg,night
/home/ps/Desktop/major_project/data/yolo/bdd_src/images/612affad-b357cc7d.jpg,night
/home/ps/Desktop/major_project/data/yolo/bdd_src/images/6132034b-f0853b8b.jpg,snow
/home/ps/Desktop/major_project/data/yolo/bdd_src/images/61323402-1fe9229d.jpg,night
/home/ps/Desktop/major_project/data/yolo/bdd_src/images/61465dc7-ffe62727.jpg,fog
/home/ps/Desktop/major_project/data/yolo/bdd_src/images/614ecada-16b0f8b6.jpg,snow
/home/ps/Desktop/major_project/data/yolo/bdd_src/images/616102c6-41d08648.jpg,rain
/home/ps/Desktop/major_project/data/yolo/bdd_src/images/616ddb9e-f9c10027.jpg,snow
/home/ps/Desktop/major_project/data/yolo/bdd_src/images/617434ad-f8183db5.jpg,rain
/home/ps/Desktop/major_project/data/yolo/bdd_src/images/617ad163-846194f1.jpg,rain
/home/ps/Desktop/major_project/data/yolo/bdd_src/images/617ce720-17011457.jpg,fog
/home/ps/Desktop/major_project/data/yolo/bdd_src/images/617ce720-aed15678.jpg,fog
/home/ps/Desktop/major_project/data/yolo/bdd_src/images/618c0b3c-4013ec14.jpg,fog
/home/ps/Desktop/major_project/data/yolo/bdd_src/images/6190559b-f535e3d1.jpg,night
/home/ps/Desktop/major_project/data/yolo/bdd_src/images/61997e60-366d1eff.jpg,snow
/home/ps/Desktop/major_project/data/yolo/bdd_src/images/61997e60-a72be56e.jpg,snow
/home/ps/Desktop/major_project/data/yolo/bdd_src/images/619fdccd-d1ee571e.jpg,snow
/home/ps/Desktop/major_project/data/yolo/bdd_src/images/61a24219-eff09b0c.jpg,night
/home/ps/Desktop/major_project/data/yolo/bdd_src/images/61a94fae-dcf491aa.jpg,fog
/home/ps/Desktop/major_project/data/yolo/bdd_src/images/61b1fa35-6b856c0e.jpg,rain
/home/ps/Desktop/major_project/data/yolo/bdd_src/images/61c2074f-25eb63ba.jpg,rain
/home/ps/Desktop/major_project/data/yolo/bdd_src/images/61c21e82-94917435.jpg,rain
/home/ps/Desktop/major_project/data/yolo/bdd_src/images/61c2768a-7a53085b.jpg,night
/home/ps/Desktop/major_project/data/yolo/bdd_src/images/61c656e8-3316f839.jpg,rain
/home/ps/Desktop/major_project/data/yolo/bdd_src/images/61c6d650-678902e9.jpg,rain
/home/ps/Desktop/major_project/data/yolo/bdd_src/images/61ca64c5-bbffe74c.jpg,fog
/home/ps/Desktop/major_project/data/yolo/bdd_src/images/61e26c80-9f076918.jpg,night
/home/ps/Desktop/major_project/data/yolo/bdd_src/images/61e393b1-37e1f906.jpg,fog
/home/ps/Desktop/major_project/data/yolo/bdd_src/images/61f21dcd-35d9bfab.jpg,rain
/home/ps/Desktop/major_project/data/yolo/bdd_src/images/621fb031-a2d82efd.jpg,snow
/home/ps/Desktop/major_project/data/yolo/bdd_src/images/6222b5d4-32254f8c.jpg,snow
/home/ps/Desktop/major_project/data/yolo/bdd_src/images/622cfae0-9fba4ac3.jpg,night
/home/ps/Desktop/major_project/data/yolo/bdd_src/images/6235309f-43f3aee2.jpg,fog
/home/ps/Desktop/major_project/data/yolo/bdd_src/images/6235309f-755f845d.jpg,rain
/home/ps/Desktop/major_project/data/yolo/bdd_src/images/623f3723-a4ee8c56.jpg,fog
/home/ps/Desktop/major_project/data/yolo/bdd_src/images/6240d7b3-7174081a.jpg,snow
/home/ps/Desktop/major_project/data/yolo/bdd_src/images/6240d7b3-90b6b4f4.jpg,night
/home/ps/Desktop/major_project/data/yolo/bdd_src/images/6240d7b3-9a3df6de.jpg,snow
/home/ps/Desktop/major_project/data/yolo/bdd_src/images/62433c1c-d8ae0dd9.jpg,night
/home/ps/Desktop/major_project/data/yolo/bdd_src/images/625d6f67-a9dc62b8.jpg,snow
/home/ps/Desktop/major_project/data/yolo/bdd_src/images/625db26a-e861bb9c.jpg,night
/home/ps/Desktop/major_project/data/yolo/bdd_src/images/6269a99b-24382cfb.jpg,snow
/home/ps/Desktop/major_project/data/yolo/bdd_src/images/626ec015-61ac91c1.jpg,night
/home/ps/Desktop/major_project/data/yolo/bdd_src/images/627b979d-9a1fb884.jpg,fog
/home/ps/Desktop/major_project/data/yolo/bdd_src/images/62816ae0-3d4081f7.jpg,rain
/home/ps/Desktop/major_project/data/yolo/bdd_src/images/62816ae0-980942af.jpg,night
/home/ps/Desktop/major_project/data/yolo/bdd_src/images/62816ae0-adcfdd77.jpg,snow
/home/ps/Desktop/major_project/data/yolo/bdd_src/images/628af92a-38f804ae.jpg,fog
/home/ps/Desktop/major_project/data/yolo/bdd_src/images/62939012-b72838cf.jpg,snow
/home/ps/Desktop/major_project/data/yolo/bdd_src/images/62980dc6-091adb8a.jpg,fog
/home/ps/Desktop/major_project/data/yolo/bdd_src/images/62a998fc-4508b656.jpg,rain
/home/ps/Desktop/major_project/data/yolo/bdd_src/images/62aefb36-b685117f.jpg,night
/home/ps/Desktop/major_project/data/yolo/bdd_src/images/62fbe0ad-ec17a675.jpg,fog
/home/ps/Desktop/major_project/data/yolo/bdd_src/images/6306c8ad-cbdb8c58.jpg,snow
/home/ps/Desktop/major_project/data/yolo/bdd_src/images/63178149-dd6ed015.jpg,snow
/home/ps/Desktop/major_project/data/yolo/bdd_src/images/632b3ef0-ada4fdd0.jpg,night
/home/ps/Desktop/major_project/data/yolo/bdd_src/images/633bb7b9-aacc95fe.jpg,fog
/home/ps/Desktop/major_project/data/yolo/bdd_src/images/6341769e-52c49b18.jpg,night
/home/ps/Desktop/major_project/data/yolo/bdd_src/images/634c1785-aeb1652f.jpg,fog
/home/ps/Desktop/major_project/data/yolo/bdd_src/images/634c1785-f05d5494.jpg,snow
/home/ps/Desktop/major_project/data/yolo/bdd_src/images/635ddda7-7b13d090.jpg,snow
/home/ps/Desktop/major_project/data/yolo/bdd_src/images/63648502-f19eb3b3.jpg,rain
/home/ps/Desktop/major_project/data/yolo/bdd_src/images/6368f88a-942da74a.jpg,rain
/home/ps/Desktop/major_project/data/yolo/bdd_src/images/63767194-e1eb6bc8.jpg,snow
/home/ps/Desktop/major_project/data/yolo/bdd_src/images/63a626a0-b1df723f.jpg,rain
/home/ps/Desktop/major_project/data/yolo/bdd_src/images/63bd9bc3-0d951902.jpg,rain
/home/ps/Desktop/major_project/data/yolo/bdd_src/images/640a649f-a6302f50.jpg,rain
/home/ps/Desktop/major_project/data/yolo/bdd_src/images/64192d6b-19b34a4e.jpg,night
/home/ps/Desktop/major_project/data/yolo/bdd_src/images/641ae97b-8bc8e3b9.jpg,snow
/home/ps/Desktop/major_project/data/yolo/bdd_src/images/64282cd8-8133d687.jpg,rain
/home/ps/Desktop/major_project/data/yolo/bdd_src/images/642fb637-69de77d3.jpg,snow
/home/ps/Desktop/major_project/data/yolo/bdd_src/images/64303526-3d457e89.jpg,snow
/home/ps/Desktop/major_project/data/yolo/bdd_src/images/6430ab04-76b67831.jpg,snow
/home/ps/Desktop/major_project/data/yolo/bdd_src/images/64378469-3e85f90e.jpg,rain
/home/ps/Desktop/major_project/data/yolo/bdd_src/images/6442cd7c-69a95598.jpg,night
/home/ps/Desktop/major_project/data/yolo/bdd_src/images/6442cd7c-e7e40526.jpg,snow
/home/ps/Desktop/major_project/data/yolo/bdd_src/images/6485ad0a-12080a20.jpg,snow
/home/ps/Desktop/major_project/data/yolo/bdd_src/images/6485ad0a-245d1600.jpg,rain
/home/ps/Desktop/major_project/data/yolo/bdd_src/images/6485ad0a-bff36754.jpg,night
/home/ps/Desktop/major_project/data/yolo/bdd_src/images/648dc925-e359dbec.jpg,snow
/home/ps/Desktop/major_project/data/yolo/bdd_src/images/6492c4f8-83617f96.jpg,night
/home/ps/Desktop/major_project/data/yolo/bdd_src/images/64b92603-aaeaa31c.jpg,fog
/home/ps/Desktop/major_project/data/yolo/bdd_src/images/64e08cef-6e8160b9.jpg,snow
/home/ps/Desktop/major_project/data/yolo/bdd_src/images/64ea3319-96713b84.jpg,night
/home/ps/Desktop/major_project/data/yolo/bdd_src/images/64eb564a-619eafcc.jpg,rain
/home/ps/Desktop/major_project/data/yolo/bdd_src/images/64f01195-f6648c5d.jpg,fog
/home/ps/Desktop/major_project/data/yolo/bdd_src/images/64f8615f-389f1b13.jpg,fog
/home/ps/Desktop/major_project/data/yolo/bdd_src/images/64f87292-ff1ac21d.jpg,snow
/home/ps/Desktop/major_project/data/yolo/bdd_src/images/64fa53ed-2424b090.jpg,rain
/home/ps/Desktop/major_project/data/yolo/bdd_src/images/64fb5dc6-b59547ab.jpg,night
/home/ps/Desktop/major_project/data/yolo/bdd_src/images/650ab635-91476d64.jpg,fog
/home/ps/Desktop/major_project/data/yolo/bdd_src/images/6524f7ed-515bc777.jpg,rain
/home/ps/Desktop/major_project/data/yolo/bdd_src/images/652fcd23-fe0edad8.jpg,snow
/home/ps/Desktop/major_project/data/yolo/bdd_src/images/65333800-40ac10ec.jpg,snow
/home/ps/Desktop/major_project/data/yolo/bdd_src/images/653d24ae-fbb5a6f6.jpg,rain
/home/ps/Desktop/major_project/data/yolo/bdd_src/images/654e91c6-7eddc976.jpg,night
/home/ps/Desktop/major_project/data/yolo/bdd_src/images/654e91c6-cd8bf2d1.jpg,fog
/home/ps/Desktop/major_project/data/yolo/bdd_src/images/6558820b-6e0594fa.jpg,rain
/home/ps/Desktop/major_project/data/yolo/bdd_src/images/65619cf5-4c244041.jpg,fog
/home/ps/Desktop/major_project/data/yolo/bdd_src/images/6568ee40-d9f3ef25.jpg,fog
/home/ps/Desktop/major_project/data/yolo/bdd_src/images/656a2394-28120e68.jpg,snow
/home/ps/Desktop/major_project/data/yolo/bdd_src/images/65754f93-c87607fe.jpg,snow
/home/ps/Desktop/major_project/data/yolo/bdd_src/images/65783e21-d4d6d4c9.jpg,night
/home/ps/Desktop/major_project/data/yolo/bdd_src/images/657bfe8f-44111d2c.jpg,night
/home/ps/Desktop/major_project/data/yolo/bdd_src/images/6583fe8b-e5a1531d.jpg,fog
/home/ps/Desktop/major_project/data/yolo/bdd_src/images/659102b2-e557e5bd.jpg,night
/home/ps/Desktop/major_project/data/yolo/bdd_src/images/6595d6d7-2278c999.jpg,fog
/home/ps/Desktop/major_project/data/yolo/bdd_src/images/6595dfa9-d98f6cf2.jpg,fog
/home/ps/Desktop/major_project/data/yolo/bdd_src/images/65a5b3b3-fc48406d.jpg,rain
/home/ps/Desktop/major_project/data/yolo/bdd_src/images/65acee46-e15323ae.jpg,rain
/home/ps/Desktop/major_project/data/yolo/bdd_src/images/65b29406-3c235492.jpg,fog
/home/ps/Desktop/major_project/data/yolo/bdd_src/images/65da0452-846b5fe0.jpg,snow
/home/ps/Desktop/major_project/data/yolo/bdd_src/images/65e1886b-d032279c.jpg,rain
/home/ps/Desktop/major_project/data/yolo/bdd_src/images/65ffa5a7-1ff35a8e.jpg,fog
/home/ps/Desktop/major_project/data/yolo/bdd_src/images/6605c97a-70fb0caa.jpg,fog
/home/ps/Desktop/major_project/data/yolo/bdd_src/images/6612ee03-f4e6927c.jpg,snow
/home/ps/Desktop/major_project/data/yolo/bdd_src/images/661381d9-1114a810.jpg,night
/home/ps/Desktop/major_project/data/yolo/bdd_src/images/6616ca96-eb8bcc8f.jpg,fog
/home/ps/Desktop/major_project/data/yolo/bdd_src/images/6622e3f9-4e426f7b.jpg,rain
/home/ps/Desktop/major_project/data/yolo/bdd_src/images/662645f7-9a4f98bb.jpg,night
/home/ps/Desktop/major_project/data/yolo/bdd_src/images/66278576-80f9fcaf.jpg,night
/home/ps/Desktop/major_project/data/yolo/bdd_src/images/662a04d2-84409ce8.jpg,snow
/home/ps/Desktop/major_project/data/yolo/bdd_src/images/6638cfc9-4f21e1f8.jpg,fog
/home/ps/Desktop/major_project/data/yolo/bdd_src/images/66441333-88cf30b1.jpg,night
/home/ps/Desktop/major_project/data/yolo/bdd_src/images/6659020f-0496a7af.jpg,rain
/home/ps/Desktop/major_project/data/yolo/bdd_src/images/6659db53-5e165367.jpg,fog
/home/ps/Desktop/major_project/data/yolo/bdd_src/images/665b196f-edba4b29.jpg,snow
/home/ps/Desktop/major_project/data/yolo/bdd_src/images/665f7862-f00a01e4.jpg,night
/home/ps/Desktop/major_project/data/yolo/bdd_src/images/6661b604-4343ae09.jpg,snow
/home/ps/Desktop/major_project/data/yolo/bdd_src/images/6661b604-91e63321.jpg,fog
/home/ps/Desktop/major_project/data/yolo/bdd_src/images/6661b604-a7e1365e.jpg,night
/home/ps/Desktop/major_project/data/yolo/bdd_src/images/666ad489-034b4a67.jpg,night
/home/ps/Desktop/major_project/data/yolo/bdd_src/images/666c8980-6b3f2b04.jpg,rain
/home/ps/Desktop/major_project/data/yolo/bdd_src/images/66838ab6-34adb5a8.jpg,night
/home/ps/Desktop/major_project/data/yolo/bdd_src/images/6684274d-ac7389a9.jpg,snow
/home/ps/Desktop/major_project/data/yolo/bdd_src/images/6684274d-f6b194d1.jpg,rain
/home/ps/Desktop/major_project/data/yolo/bdd_src/images/66873010-a167d967.jpg,snow
/home/ps/Desktop/major_project/data/yolo/bdd_src/images/66873010-d4590336.jpg,night
/home/ps/Desktop/major_project/data/yolo/bdd_src/images/6697b3c6-62c62070.jpg,fog
/home/ps/Desktop/major_project/data/yolo/bdd_src/images/66a7bdb4-fab60465.jpg,night
/home/ps/Desktop/major_project/data/yolo/bdd_src/images/66d06446-f3e1ae18.jpg,fog
/home/ps/Desktop/major_project/data/yolo/bdd_src/images/66e1c788-dc37e2a1.jpg,night
/home/ps/Desktop/major_project/data/yolo/bdd_src/images/66e32a8c-db02dae4.jpg,fog
/home/ps/Desktop/major_project/data/yolo/bdd_src/images/66f7eaa7-4af45b14.jpg,snow
/home/ps/Desktop/major_project/data/yolo/bdd_src/images/670814f1-3ec85131.jpg,rain
/home/ps/Desktop/major_project/data/yolo/bdd_src/images/670d63ed-aaa101c8.jpg,rain
/home/ps/Desktop/major_project/data/yolo/bdd_src/images/670d968c-fbc02756.jpg,fog
/home/ps/Desktop/major_project/data/yolo/bdd_src/images/672896e3-4b56bfd6.jpg,rain
/home/ps/Desktop/major_project/data/yolo/bdd_src/images/672e029d-f3b84c60.jpg,snow
/home/ps/Desktop/major_project/data/yolo/bdd_src/images/672eee37-27cc1400.jpg,night
/home/ps/Desktop/major_project/data/yolo/bdd_src/images/672eee37-49d2b7ab.jpg,snow
/home/ps/Desktop/major_project/data/yolo/bdd_src/images/67365d1c-7bf76553.jpg,fog
/home/ps/Desktop/major_project/data/yolo/bdd_src/images/6759f6f4-8b8be81e.jpg,fog
/home/ps/Desktop/major_project/data/yolo/bdd_src/images/675be492-1cbafb37.jpg,night
/home/ps/Desktop/major_project/data/yolo/bdd_src/images/675be492-dffdd8a2.jpg,night
/home/ps/Desktop/major_project/data/yolo/bdd_src/images/675cf8fa-f6735ae1.jpg,snow
/home/ps/Desktop/major_project/data/yolo/bdd_src/images/676104f3-3889c284.jpg,fog
/home/ps/Desktop/major_project/data/yolo/bdd_src/images/676b190f-b275fa39.jpg,rain
/home/ps/Desktop/major_project/data/yolo/bdd_src/images/677a463b-e64a57d1.jpg,rain
/home/ps/Desktop/major_project/data/yolo/bdd_src/images/677cbddf-485d03ff.jpg,fog
/home/ps/Desktop/major_project/data/yolo/bdd_src/images/67827c67-7f2a2ee9.jpg,snow
/home/ps/Desktop/major_project/data/yolo/bdd_src/images/6788ef76-73309c5a.jpg,night
/home/ps/Desktop/major_project/data/yolo/bdd_src/images/678b7e0b-fcafbf82.jpg,rain
/home/ps/Desktop/major_project/data/yolo/bdd_src/images/6797fa5d-15c2b77a.jpg,night
/home/ps/Desktop/major_project/data/yolo/bdd_src/images/6797fa5d-7a5209af.jpg,rain
/home/ps/Desktop/major_project/data/yolo/bdd_src/images/679ebf79-dc2a1021.jpg,snow
/home/ps/Desktop/major_project/data/yolo/bdd_src/images/67a9f729-9e832ea8.jpg,snow
/home/ps/Desktop/major_project/data/yolo/bdd_src/images/67c0474a-3c6f9c8b.jpg,snow
/home/ps/Desktop/major_project/data/yolo/bdd_src/images/67c4936f-4a8ae7e5.jpg,fog
/home/ps/Desktop/major_project/data/yolo/bdd_src/images/67dd0125-031f94f4.jpg,night
/home/ps/Desktop/major_project/data/yolo/bdd_src/images/67f4ba10-40627405.jpg,fog
/home/ps/Desktop/major_project/data/yolo/bdd_src/images/67f7f370-d34d8aa7.jpg,rain
/home/ps/Desktop/major_project/data/yolo/bdd_src/images/67faeadf-96f16233.jpg,snow
/home/ps/Desktop/major_project/data/yolo/bdd_src/images/68000335-910e84a3.jpg,rain
/home/ps/Desktop/major_project/data/yolo/bdd_src/images/680573f2-ec7c538d.jpg,fog
/home/ps/Desktop/major_project/data/yolo/bdd_src/images/68077df5-55f3667f.jpg,night
/home/ps/Desktop/major_project/data/yolo/bdd_src/images/68153151-391387a2.jpg,night
/home/ps/Desktop/major_project/data/yolo/bdd_src/images/68223c73-dd373966.jpg,fog
/home/ps/Desktop/major_project/data/yolo/bdd_src/images/682333dc-e732f44f.jpg,night
/home/ps/Desktop/major_project/data/yolo/bdd_src/images/682bc26f-a5b87b48.jpg,fog
/home/ps/Desktop/major_project/data/yolo/bdd_src/images/6839890c-593fbf83.jpg,fog
/home/ps/Desktop/major_project/data/yolo/bdd_src/images/6855acc4-e3bfdddf.jpg,snow
/home/ps/Desktop/major_project/data/yolo/bdd_src/images/6858141e-fcae8a91.jpg,rain
/home/ps/Desktop/major_project/data/yolo/bdd_src/images/686f85a0-6eb9dad0.jpg,night
/home/ps/Desktop/major_project/data/yolo/bdd_src/images/6891f028-5dc2c018.jpg,fog
/home/ps/Desktop/major_project/data/yolo/bdd_src/images/6891f028-d6bb44cd.jpg,rain
/home/ps/Desktop/major_project/data/yolo/bdd_src/images/68a316e8-2f52a2be.jpg,snow
/home/ps/Desktop/major_project/data/yolo/bdd_src/images/68a316e8-8f73f29b.jpg,rain
/home/ps/Desktop/major_project/data/yolo/bdd_src/images/68b95f64-633eb451.jpg,night
/home/ps/Desktop/major_project/data/yolo/bdd_src/images/68be5b8f-21c2824b.jpg,fog
/home/ps/Desktop/major_project/data/yolo/bdd_src/images/68c2736c-32a97fae.jpg,snow
/home/ps/Desktop/major_project/data/yolo/bdd_src/images/68c39c01-2b21d6ae.jpg,night
/home/ps/Desktop/major_project/data/yolo/bdd_src/images/68d114fc-9b77fe68.jpg,night
/home/ps/Desktop/major_project/data/yolo/bdd_src/images/68d94894-97ee4f55.jpg,fog
/home/ps/Desktop/major_project/data/yolo/bdd_src/images/68eae8d4-3ed5f45a.jpg,snow
/home/ps/Desktop/major_project/data/yolo/bdd_src/images/690011c7-02f32cd5.jpg,fog
/home/ps/Desktop/major_project/data/yolo/bdd_src/images/690280de-51142839.jpg,fog
/home/ps/Desktop/major_project/data/yolo/bdd_src/images/6902c193-8511e3d7.jpg,rain
/home/ps/Desktop/major_project/data/yolo/bdd_src/images/6910a1a2-e237643f.jpg,night
/home/ps/Desktop/major_project/data/yolo/bdd_src/images/691b4811-499e04af.jpg,night
/home/ps/Desktop/major_project/data/yolo/bdd_src/images/6929e896-222b3163.jpg,rain
/home/ps/Desktop/major_project/data/yolo/bdd_src/images/692c8584-7c653f5e.jpg,rain
/home/ps/Desktop/major_project/data/yolo/bdd_src/images/692f9b08-bdbbd729.jpg,night
/home/ps/Desktop/major_project/data/yolo/bdd_src/images/69402bde-9c417004.jpg,night
/home/ps/Desktop/major_project/data/yolo/bdd_src/images/69414301-6e67355b.jpg,fog
/home/ps/Desktop/major_project/data/yolo/bdd_src/images/694ac284-9551c8ee.jpg,night
/home/ps/Desktop/major_project/data/yolo/bdd_src/images/6956a22e-01b77ec2.jpg,night
/home/ps/Desktop/major_project/data/yolo/bdd_src/images/6956a22e-258b6915.jpg,night
/home/ps/Desktop/major_project/data/yolo/bdd_src/images/6957bbe9-084453d9.jpg,fog
/home/ps/Desktop/major_project/data/yolo/bdd_src/images/6964ed67-51dc0c09.jpg,rain
/home/ps/Desktop/major_project/data/yolo/bdd_src/images/696b91dc-d7f53dc0.jpg,night
/home/ps/Desktop/major_project/data/yolo/bdd_src/images/696eb58d-db4a689b.jpg,rain
/home/ps/Desktop/major_project/data/yolo/bdd_src/images/6974dd93-f8b196e6.jpg,fog
/home/ps/Desktop/major_project/data/yolo/bdd_src/images/69920430-b7ad9642.jpg,fog
/home/ps/Desktop/major_project/data/yolo/bdd_src/images/699ad722-97c3fa0a.jpg,rain
/home/ps/Desktop/major_project/data/yolo/bdd_src/images/69b08dde-966089f5.jpg,snow
/home/ps/Desktop/major_project/data/yolo/bdd_src/images/69bf175c-d85ac3f0.jpg,rain
/home/ps/Desktop/major_project/data/yolo/bdd_src/images/69bfbe31-5ee2a642.jpg,night
/home/ps/Desktop/major_project/data/yolo/bdd_src/images/69c4320c-4efe330c.jpg,fog
/home/ps/Desktop/major_project/data/yolo/bdd_src/images/69c8b489-6c837d3f.jpg,night
/home/ps/Desktop/major_project/data/yolo/bdd_src/images/69cc2dc4-2060f563.jpg,rain
/home/ps/Desktop/major_project/data/yolo/bdd_src/images/69cc2dc4-6850b75e.jpg,night
/home/ps/Desktop/major_project/data/yolo/bdd_src/images/69cd33f5-30267663.jpg,night
/home/ps/Desktop/major_project/data/yolo/bdd_src/images/69cf7667-7eb40860.jpg,rain
/home/ps/Desktop/major_project/data/yolo/bdd_src/images/69e207eb-78c0cb6b.jpg,snow
/home/ps/Desktop/major_project/data/yolo/bdd_src/images/69efd112-f5ab9a17.jpg,fog
/home/ps/Desktop/major_project/data/yolo/bdd_src/images/69f76226-0e5ff7e6.jpg,fog
/home/ps/Desktop/major_project/data/yolo/bdd_src/images/6a06ce90-1f859c02.jpg,snow
/home/ps/Desktop/major_project/data/yolo/bdd_src/images/6a0d6cfd-f64e214b.jpg,fog
/home/ps/Desktop/major_project/data/yolo/bdd_src/images/6a153eb9-132a633e.jpg,fog
/home/ps/Desktop/major_project/data/yolo/bdd_src/images/6a335ecd-b9c8ee33.jpg,fog
/home/ps/Desktop/major_project/data/yolo/bdd_src/images/6a36f21d-d4128d78.jpg,rain
/home/ps/Desktop/major_project/data/yolo/bdd_src/images/6a43a63f-241a504f.jpg,night
/home/ps/Desktop/major_project/data/yolo/bdd_src/images/6a4dd119-10f35fb3.jpg,night
/home/ps/Desktop/major_project/data/yolo/bdd_src/images/6a4e8ca4-6a1d77d6.jpg,fog
/home/ps/Desktop/major_project/data/yolo/bdd_src/images/6a62edfb-304da61f.jpg,fog
/home/ps/Desktop/major_project/data/yolo/bdd_src/images/6a6749af-146acc80.jpg,snow
/home/ps/Desktop/major_project/data/yolo/bdd_src/images/6a6a13e1-b2793fba.jpg,rain
/home/ps/Desktop/major_project/data/yolo/bdd_src/images/6a6d4934-5e68dd83.jpg,night
/home/ps/Desktop/major_project/data/yolo/bdd_src/images/6a79dcfd-2b0b5f34.jpg,rain
/home/ps/Desktop/major_project/data/yolo/bdd_src/images/6a876242-2cbb8123.jpg,snow
/home/ps/Desktop/major_project/data/yolo/bdd_src/images/6a88fda6-59c59531.jpg,fog
/home/ps/Desktop/major_project/data/yolo/bdd_src/images/6a8d218d-14e4fa28.jpg,rain
/home/ps/Desktop/major_project/data/yolo/bdd_src/images/6a8d218d-c613e428.jpg,snow
/home/ps/Desktop/major_project/data/yolo/bdd_src/images/6a904f9c-4a414320.jpg,rain
/home/ps/Desktop/major_project/data/yolo/bdd_src/images/6ab9c6ac-f11b3e40.jpg,night
/home/ps/Desktop/major_project/data/yolo/bdd_src/images/6aba9b04-08875530.jpg,snow
/home/ps/Desktop/major_project/data/yolo/bdd_src/images/6ad31d7e-9b212475.jpg,snow
/home/ps/Desktop/major_project/data/yolo/bdd_src/images/6adf4d81-42f6f4ce.jpg,rain
/home/ps/Desktop/major_project/data/yolo/bdd_src/images/6ae43bfe-59920e5e.jpg,snow
/home/ps/Desktop/major_project/data/yolo/bdd_src/images/6ae8cd2b-61217523.jpg,snow
/home/ps/Desktop/major_project/data/yolo/bdd_src/images/6aedcf34-ab58840c.jpg,snow
/home/ps/Desktop/major_project/data/yolo/bdd_src/images/6afaaa48-0593b3e4.jpg,rain
/home/ps/Desktop/major_project/data/yolo/bdd_src/images/6afaaa48-49354aae.jpg,fog
/home/ps/Desktop/major_project/data/yolo/bdd_src/images/6b08751f-3942d268.jpg,fog
/home/ps/Desktop/major_project/data/yolo/bdd_src/images/6b08751f-a29dcf6a.jpg,fog
/home/ps/Desktop/major_project/data/yolo/bdd_src/images/6b08efa6-71961802.jpg,rain
/home/ps/Desktop/major_project/data/yolo/bdd_src/images/6b0d69a1-3b299c1f.jpg,snow
/home/ps/Desktop/major_project/data/yolo/bdd_src/images/6b13eb0b-cfaf969d.jpg,fog
/home/ps/Desktop/major_project/data/yolo/bdd_src/images/6b17ce0e-2654e936.jpg,night
/home/ps/Desktop/major_project/data/yolo/bdd_src/images/6b31ce2a-d3d78b71.jpg,snow
/home/ps/Desktop/major_project/data/yolo/bdd_src/images/6b3a0b2b-30f9fd7f.jpg,night
/home/ps/Desktop/major_project/data/yolo/bdd_src/images/6b3e191b-290bc75b.jpg,rain
/home/ps/Desktop/major_project/data/yolo/bdd_src/images/6b6269cb-2f8b65c2.jpg,rain
/home/ps/Desktop/major_project/data/yolo/bdd_src/images/6b75ec5e-feb4458c.jpg,fog
/home/ps/Desktop/major_project/data/yolo/bdd_src/images/6b81b078-7a296be4.jpg,fog
/home/ps/Desktop/major_project/data/yolo/bdd_src/images/6b896bf7-8fd48074.jpg,night
/home/ps/Desktop/major_project/data/yolo/bdd_src/images/6b9077b7-e6a07c88.jpg,snow
/home/ps/Desktop/major_project/data/yolo/bdd_src/images/6b918191-d45bdc34.jpg,night
/home/ps/Desktop/major_project/data/yolo/bdd_src/images/6b944240-651839e1.jpg,fog
/home/ps/Desktop/major_project/data/yolo/bdd_src/images/6b9c7070-4afb5d7e.jpg,night
/home/ps/Desktop/major_project/data/yolo/bdd_src/images/6ba04ba8-1d32c550.jpg,snow
/home/ps/Desktop/major_project/data/yolo/bdd_src/images/6ba35f9d-b92fbc55.jpg,snow
/home/ps/Desktop/major_project/data/yolo/bdd_src/images/6bbc1c18-1244afd2.jpg,night
/home/ps/Desktop/major_project/data/yolo/bdd_src/images/6bbcd8f1-0b0ba79e.jpg,rain
/home/ps/Desktop/major_project/data/yolo/bdd_src/images/6bbcd8f1-f9739996.jpg,night
/home/ps/Desktop/major_project/data/yolo/bdd_src/images/6bd2450e-27518169.jpg,rain
/home/ps/Desktop/major_project/data/yolo/bdd_src/images/6bd2d920-80998d27.jpg,night
/home/ps/Desktop/major_project/data/yolo/bdd_src/images/6bd41587-7df1dbac.jpg,fog
/home/ps/Desktop/major_project/data/yolo/bdd_src/images/6bd41587-d65ba5b4.jpg,night
/home/ps/Desktop/major_project/data/yolo/bdd_src/images/6bdcebb7-474d732f.jpg,fog
/home/ps/Desktop/major_project/data/yolo/bdd_src/images/6be419a4-c33c5dea.jpg,fog
/home/ps/Desktop/major_project/data/yolo/bdd_src/images/6bf1a64a-0e58dfac.jpg,night
/home/ps/Desktop/major_project/data/yolo/bdd_src/images/6c0d5444-98b93585.jpg,snow
/home/ps/Desktop/major_project/data/yolo/bdd_src/images/6c11213c-4fc9e59a.jpg,night
/home/ps/Desktop/major_project/data/yolo/bdd_src/images/6c173cf1-dc35014a.jpg,fog
/home/ps/Desktop/major_project/data/yolo/bdd_src/images/6c29d05e-c5daabf8.jpg,rain
/home/ps/Desktop/major_project/data/yolo/bdd_src/images/6c2ab388-58f4b8d3.jpg,fog
/home/ps/Desktop/major_project/data/yolo/bdd_src/images/6c34563a-02aa6edb.jpg,fog
/home/ps/Desktop/major_project/data/yolo/bdd_src/images/6c411bfe-7a0ee5bd.jpg,fog
/home/ps/Desktop/major_project/data/yolo/bdd_src/images/6c411bfe-8b68443b.jpg,fog
/home/ps/Desktop/major_project/data/yolo/bdd_src/images/6c4be2f2-89f7e2fe.jpg,rain
/home/ps/Desktop/major_project/data/yolo/bdd_src/images/6c5d847d-25713a64.jpg,night
/home/ps/Desktop/major_project/data/yolo/bdd_src/images/6c5fbc37-4bf9eecb.jpg,fog
/home/ps/Desktop/major_project/data/yolo/bdd_src/images/6c6ea5d7-2bea120a.jpg,night
/home/ps/Desktop/major_project/data/yolo/bdd_src/images/6c712995-04832f83.jpg,rain
/home/ps/Desktop/major_project/data/yolo/bdd_src/images/6c865a83-d41504b1.jpg,night
/home/ps/Desktop/major_project/data/yolo/bdd_src/images/6c8cd42d-46f64e97.jpg,night
/home/ps/Desktop/major_project/data/yolo/bdd_src/images/6c927a9c-9bffac49.jpg,night
/home/ps/Desktop/major_project/data/yolo/bdd_src/images/6c9422d6-95141672.jpg,night
/home/ps/Desktop/major_project/data/yolo/bdd_src/images/6ca739d6-c7a5b5aa.jpg,night
/home/ps/Desktop/major_project/data/yolo/bdd_src/images/6cbb3cd4-9a8e3907.jpg,fog
/home/ps/Desktop/major_project/data/yolo/bdd_src/images/6cce2f26-289358d1.jpg,night
/home/ps/Desktop/major_project/data/yolo/bdd_src/images/6cd8fafa-891d124b.jpg,night
/home/ps/Desktop/major_project/data/yolo/bdd_src/images/6cdc55ab-db32b313.jpg,fog
/home/ps/Desktop/major_project/data/yolo/bdd_src/images/6cdf8491-402f595d.jpg,snow
/home/ps/Desktop/major_project/data/yolo/bdd_src/images/6ce28c96-fd8c7942.jpg,night
/home/ps/Desktop/major_project/data/yolo/bdd_src/images/6cec1336-409c3273.jpg,snow
/home/ps/Desktop/major_project/data/yolo/bdd_src/images/6ced85c7-9b50a3e5.jpg,snow
/home/ps/Desktop/major_project/data/yolo/bdd_src/images/6ceee4e5-96bded11.jpg,rain
/home/ps/Desktop/major_project/data/yolo/bdd_src/images/6d06880e-8506fac1.jpg,rain
/home/ps/Desktop/major_project/data/yolo/bdd_src/images/6d0d7bef-ee83bbc7.jpg,snow
/home/ps/Desktop/major_project/data/yolo/bdd_src/images/6d2bd1d9-b83ff5d8.jpg,rain
/home/ps/Desktop/major_project/data/yolo/bdd_src/images/6d566149-731764df.jpg,night
/home/ps/Desktop/major_project/data/yolo/bdd_src/images/6d57736c-56ebb221.jpg,fog
/home/ps/Desktop/major_project/data/yolo/bdd_src/images/6d57736c-c54b5b8e.jpg,night
/home/ps/Desktop/major_project/data/yolo/bdd_src/images/6d5c1066-6a7b2bb7.jpg,snow
/home/ps/Desktop/major_project/data/yolo/bdd_src/images/6d6d915c-906b963e.jpg,night
/home/ps/Desktop/major_project/data/yolo/bdd_src/images/6d6fa458-f6bae888.jpg,night
/home/ps/Desktop/major_project/data/yolo/bdd_src/images/6d6fa458-fc57c880.jpg,snow
/home/ps/Desktop/major_project/data/yolo/bdd_src/images/6d73a524-86dd268c.jpg,fog
/home/ps/Desktop/major_project/data/yolo/bdd_src/images/6d766d12-1d7454f5.jpg,fog
/home/ps/Desktop/major_project/data/yolo/bdd_src/images/6d7da33d-54ad0746.jpg,rain
/home/ps/Desktop/major_project/data/yolo/bdd_src/images/6d90f549-636eea00.jpg,rain
/home/ps/Desktop/major_project/data/yolo/bdd_src/images/6d93a607-0b8cd5cd.jpg,snow
/home/ps/Desktop/major_project/data/yolo/bdd_src/images/6daa97fd-056024a5.jpg,fog
/home/ps/Desktop/major_project/data/yolo/bdd_src/images/6db9d6a2-4f2189f1.jpg,fog
/home/ps/Desktop/major_project/data/yolo/bdd_src/images/6dc95b03-4ebc9e56.jpg,snow
/home/ps/Desktop/major_project/data/yolo/bdd_src/images/6dd63871-763a344b.jpg,night
/home/ps/Desktop/major_project/data/yolo/bdd_src/images/6dd764f4-0d3e97d4.jpg,night
/home/ps/Desktop/major_project/data/yolo/bdd_src/images/6ddaea19-269f0a05.jpg,fog
/home/ps/Desktop/major_project/data/yolo/bdd_src/images/6de840b5-e2841839.jpg,night
/home/ps/Desktop/major_project/data/yolo/bdd_src/images/6df0c1de-01dbcad6.jpg,night
/home/ps/Desktop/major_project/data/yolo/bdd_src/images/6e01ffdb-93999193.jpg,rain
/home/ps/Desktop/major_project/data/yolo/bdd_src/images/6e094f33-d4d417d1.jpg,snow
/home/ps/Desktop/major_project/data/yolo/bdd_src/images/6e09762a-bab508de.jpg,fog
/home/ps/Desktop/major_project/data/yolo/bdd_src/images/6e09c027-83b90079.jpg,snow
/home/ps/Desktop/major_project/data/yolo/bdd_src/images/6e10726d-99e4cc6e.jpg,rain
/home/ps/Desktop/major_project/data/yolo/bdd_src/images/6e131b9b-d80b2661.jpg,rain
/home/ps/Desktop/major_project/data/yolo/bdd_src/images/6e1ecbc2-efe66c61.jpg,fog
/home/ps/Desktop/major_project/data/yolo/bdd_src/images/6e1f5610-5eb2bb59.jpg,rain
/home/ps/Desktop/major_project/data/yolo/bdd_src/images/6e21025d-23b7d942.jpg,snow
/home/ps/Desktop/major_project/data/yolo/bdd_src/images/6e350065-f48f8a21.jpg,snow
/home/ps/Desktop/major_project/data/yolo/bdd_src/images/6e44c83e-5a61e9e7.jpg,snow
/home/ps/Desktop/major_project/data/yolo/bdd_src/images/6e523ebd-34222fc2.jpg,rain
/home/ps/Desktop/major_project/data/yolo/bdd_src/images/6e5efac9-12cb0bf0.jpg,snow
/home/ps/Desktop/major_project/data/yolo/bdd_src/images/6e5efac9-e77632be.jpg,night
/home/ps/Desktop/major_project/data/yolo/bdd_src/images/6e631f87-69aa6a8d.jpg,snow
/home/ps/Desktop/major_project/data/yolo/bdd_src/images/6e631f87-8bbe3d2a.jpg,fog
/home/ps/Desktop/major_project/data/yolo/bdd_src/images/6e631f87-a307a6dc.jpg,fog
/home/ps/Desktop/major_project/data/yolo/bdd_src/images/6e631f87-a5f0f15e.jpg,rain
/home/ps/Desktop/major_project/data/yolo/bdd_src/images/6e631f87-ec403b48.jpg,snow
/home/ps/Desktop/major_project/data/yolo/bdd_src/images/6e75b675-3c4a653d.jpg,night
/home/ps/Desktop/major_project/data/yolo/bdd_src/images/6e75b675-87b85789.jpg,fog
/home/ps/Desktop/major_project/data/yolo/bdd_src/images/6e75b675-d813a821.jpg,rain
/home/ps/Desktop/major_project/data/yolo/bdd_src/images/6e8f445c-58279e2f.jpg,night
/home/ps/Desktop/major_project/data/yolo/bdd_src/images/6e903885-4cf8e7db.jpg,rain
/home/ps/Desktop/major_project/data/yolo/bdd_src/images/6e981bf5-77bff0e5.jpg,rain
/home/ps/Desktop/major_project/data/yolo/bdd_src/images/6e9fd5aa-8a30449e.jpg,snow
/home/ps/Desktop/major_project/data/yolo/bdd_src/images/6ea0b012-1b184aca.jpg,rain
/home/ps/Desktop/major_project/data/yolo/bdd_src/images/6ea4cd53-638fa1ba.jpg,rain
/home/ps/Desktop/major_project/data/yolo/bdd_src/images/6eb1b162-600000ad.jpg,fog
/home/ps/Desktop/major_project/data/yolo/bdd_src/images/6ebba80d-0081a606.jpg,fog
/home/ps/Desktop/major_project/data/yolo/bdd_src/images/6ebba80d-6fd63b84.jpg,night
/home/ps/Desktop/major_project/data/yolo/bdd_src/images/6ebba80d-a4074d77.jpg,fog
/home/ps/Desktop/major_project/data/yolo/bdd_src/images/6eccd771-7fddac48.jpg,rain
/home/ps/Desktop/major_project/data/yolo/bdd_src/images/6eccd771-e31a6d9d.jpg,fog
/home/ps/Desktop/major_project/data/yolo/bdd_src/images/6eda9ad0-859ba7a2.jpg,fog
/home/ps/Desktop/major_project/data/yolo/bdd_src/images/6ee28603-fe274650.jpg,fog
/home/ps/Desktop/major_project/data/yolo/bdd_src/images/6ee8f373-c84be3e2.jpg,night
/home/ps/Desktop/major_project/data/yolo/bdd_src/images/6eeb2088-4735ee15.jpg,night
/home/ps/Desktop/major_project/data/yolo/bdd_src/images/6ef732ea-2330d18d.jpg,fog
/home/ps/Desktop/major_project/data/yolo/bdd_src/images/6f07979d-919df1e5.jpg,fog
/home/ps/Desktop/major_project/data/yolo/bdd_src/images/6f1ee886-31767307.jpg,snow
/home/ps/Desktop/major_project/data/yolo/bdd_src/images/6f1ee886-d1c6d79d.jpg,snow
/home/ps/Desktop/major_project/data/yolo/bdd_src/images/6f3ec29a-86ac8054.jpg,rain
/home/ps/Desktop/major_project/data/yolo/bdd_src/images/6f491570-59ae7cf9.jpg,rain
/home/ps/Desktop/major_project/data/yolo/bdd_src/images/6f59bc6b-9b671574.jpg,night
/home/ps/Desktop/major_project/data/yolo/bdd_src/images/6f94bb5c-1121b79d.jpg,snow
/home/ps/Desktop/major_project/data/yolo/bdd_src/images/6f950c73-5d0dbca2.jpg,fog
/home/ps/Desktop/major_project/data/yolo/bdd_src/images/6f9647de-f9fc7aef.jpg,rain
/home/ps/Desktop/major_project/data/yolo/bdd_src/images/6f9da311-5d8452a6.jpg,night
/home/ps/Desktop/major_project/data/yolo/bdd_src/images/6faabc23-e9f83fea.jpg,fog
/home/ps/Desktop/major_project/data/yolo/bdd_src/images/6fb3f530-91f1669c.jpg,night
/home/ps/Desktop/major_project/data/yolo/bdd_src/images/6fc3a061-b6b5c3fa.jpg,snow
/home/ps/Desktop/major_project/data/yolo/bdd_src/images/6fca474e-ce1b67f1.jpg,rain
/home/ps/Desktop/major_project/data/yolo/bdd_src/images/6fcbd17b-86e2b1c9.jpg,night
/home/ps/Desktop/major_project/data/yolo/bdd_src/images/6fcbd17b-a0c42b70.jpg,night
/home/ps/Desktop/major_project/data/yolo/bdd_src/images/6fe15ff3-1c4f9112.jpg,snow
/home/ps/Desktop/major_project/data/yolo/bdd_src/images/6fe2d725-c36043d8.jpg,snow
/home/ps/Desktop/major_project/data/yolo/bdd_src/images/6fe30ff9-9e06e833.jpg,fog
/home/ps/Desktop/major_project/data/yolo/bdd_src/images/6fe5f2ba-bd293b97.jpg,night
/home/ps/Desktop/major_project/data/yolo/bdd_src/images/6fe61342-71024279.jpg,snow
/home/ps/Desktop/major_project/data/yolo/bdd_src/images/6fe7d6af-b4939a97.jpg,rain
/home/ps/Desktop/major_project/data/yolo/bdd_src/images/6fe80b43-c1cbd12b.jpg,snow
/home/ps/Desktop/major_project/data/yolo/bdd_src/images/6ffe565d-44957136.jpg,fog
/home/ps/Desktop/major_project/data/yolo/bdd_src/images/7001c765-ac13e3d5.jpg,snow
/home/ps/Desktop/major_project/data/yolo/bdd_src/images/7008bc76-5f72a242.jpg,snow
/home/ps/Desktop/major_project/data/yolo/bdd_src/images/701e5634-ae86196b.jpg,snow
/home/ps/Desktop/major_project/data/yolo/bdd_src/images/70203d8f-3c4e9552.jpg,fog
/home/ps/Desktop/major_project/data/yolo/bdd_src/images/7035411c-c918a598.jpg,snow
/home/ps/Desktop/major_project/data/yolo/bdd_src/images/703dc267-68751dee.jpg,fog
/home/ps/Desktop/major_project/data/yolo/bdd_src/images/703dc268-af9bdfc9.jpg,night
/home/ps/Desktop/major_project/data/yolo/bdd_src/images/70400a31-f2d0b46b.jpg,rain
/home/ps/Desktop/major_project/data/yolo/bdd_src/images/704f40f4-6ed4d119.jpg,night
/home/ps/Desktop/major_project/data/yolo/bdd_src/images/705645bc-f9376f1e.jpg,fog
/home/ps/Desktop/major_project/data/yolo/bdd_src/images/705a2450-3dc36d05.jpg,rain
/home/ps/Desktop/major_project/data/yolo/bdd_src/images/705c3239-515a0498.jpg,rain
/home/ps/Desktop/major_project/data/yolo/bdd_src/images/705c3239-d8f73138.jpg,fog
/home/ps/Desktop/major_project/data/yolo/bdd_src/images/705c6dce-911923e6.jpg,rain
/home/ps/Desktop/major_project/data/yolo/bdd_src/images/705da66c-a172bf83.jpg,snow
/home/ps/Desktop/major_project/data/yolo/bdd_src/images/70602edb-923371e7.jpg,fog
/home/ps/Desktop/major_project/data/yolo/bdd_src/images/7068d4f1-f1e5bc98.jpg,night
/home/ps/Desktop/major_project/data/yolo/bdd_src/images/706aaab2-c3a64651.jpg,night
/home/ps/Desktop/major_project/data/yolo/bdd_src/images/706e0117-a93bb1c1.jpg,rain
/home/ps/Desktop/major_project/data/yolo/bdd_src/images/7076f93b-612b24b4.jpg,fog
/home/ps/Desktop/major_project/data/yolo/bdd_src/images/707dd947-f59a8dbc.jpg,night
/home/ps/Desktop/major_project/data/yolo/bdd_src/images/707fcfd4-f0fcc90a.jpg,snow
/home/ps/Desktop/major_project/data/yolo/bdd_src/images/7085d9e6-b7da595b.jpg,rain
/home/ps/Desktop/major_project/data/yolo/bdd_src/images/7092a0d7-60045863.jpg,night
/home/ps/Desktop/major_project/data/yolo/bdd_src/images/709c8100-0c0172b5.jpg,rain
/home/ps/Desktop/major_project/data/yolo/bdd_src/images/70a004bf-74530592.jpg,snow
/home/ps/Desktop/major_project/data/yolo/bdd_src/images/70bf256d-8133727b.jpg,rain
/home/ps/Desktop/major_project/data/yolo/bdd_src/images/70c68f3b-4f758840.jpg,fog
/home/ps/Desktop/major_project/data/yolo/bdd_src/images/70c82858-739a758f.jpg,fog
/home/ps/Desktop/major_project/data/yolo/bdd_src/images/70cdbba8-c2857153.jpg,fog
/home/ps/Desktop/major_project/data/yolo/bdd_src/images/70db4cac-447776ea.jpg,snow
/home/ps/Desktop/major_project/data/yolo/bdd_src/images/70db9d09-31072d6a.jpg,snow
/home/ps/Desktop/major_project/data/yolo/bdd_src/images/70dbdbb2-78294b99.jpg,fog
/home/ps/Desktop/major_project/data/yolo/bdd_src/images/70ed7b15-0c2329f9.jpg,snow
/home/ps/Desktop/major_project/data/yolo/bdd_src/images/70ee6c4d-21b78397.jpg,rain
/home/ps/Desktop/major_project/data/yolo/bdd_src/images/70f54483-dc0ca660.jpg,fog
/home/ps/Desktop/major_project/data/yolo/bdd_src/images/70ffec08-4f64a6ad.jpg,night
/home/ps/Desktop/major_project/data/yolo/bdd_src/images/710f83f1-a8766a33.jpg,rain
/home/ps/Desktop/major_project/data/yolo/bdd_src/images/711c6d4e-004646ef.jpg,fog
/home/ps/Desktop/major_project/data/yolo/bdd_src/images/712a4596-ceabd36e.jpg,rain
/home/ps/Desktop/major_project/data/yolo/bdd_src/images/7132a766-f5060371.jpg,snow
/home/ps/Desktop/major_project/data/yolo/bdd_src/images/7149a215-c66f7364.jpg,night
/home/ps/Desktop/major_project/data/yolo/bdd_src/images/71529365-0941ef91.jpg,fog
/home/ps/Desktop/major_project/data/yolo/bdd_src/images/7155111c-952453c0.jpg,snow
/home/ps/Desktop/major_project/data/yolo/bdd_src/images/715f2dae-c440ed17.jpg,night
/home/ps/Desktop/major_project/data/yolo/bdd_src/images/7169dbae-29c11da6.jpg,rain
/home/ps/Desktop/major_project/data/yolo/bdd_src/images/716a6ccc-0ad7ebdb.jpg,rain
/home/ps/Desktop/major_project/data/yolo/bdd_src/images/716d5043-7019bf42.jpg,rain
/home/ps/Desktop/major_project/data/yolo/bdd_src/images/7171644d-4e74752e.jpg,fog
/home/ps/Desktop/major_project/data/yolo/bdd_src/images/7171644d-ee92c71e.jpg,fog
/home/ps/Desktop/major_project/data/yolo/bdd_src/images/717d34d9-95071719.jpg,night
/home/ps/Desktop/major_project/data/yolo/bdd_src/images/7189a73b-3f3ce075.jpg,fog
/home/ps/Desktop/major_project/data/yolo/bdd_src/images/71942a02-0488179a.jpg,night
/home/ps/Desktop/major_project/data/yolo/bdd_src/images/71944aee-c2a715c7.jpg,rain
/home/ps/Desktop/major_project/data/yolo/bdd_src/images/719c90b7-575c6dd6.jpg,fog
/home/ps/Desktop/major_project/data/yolo/bdd_src/images/719cef83-4b3a2eef.jpg,rain
/home/ps/Desktop/major_project/data/yolo/bdd_src/images/71a20487-026a0d91.jpg,fog
/home/ps/Desktop/major_project/data/yolo/bdd_src/images/71ac30bf-fed00a17.jpg,fog
/home/ps/Desktop/major_project/data/yolo/bdd_src/images/71b77915-c205f4ae.jpg,fog
/home/ps/Desktop/major_project/data/yolo/bdd_src/images/71cbab29-efefe1f5.jpg,rain
/home/ps/Desktop/major_project/data/yolo/bdd_src/images/71d0057e-402ff88c.jpg,rain
/home/ps/Desktop/major_project/data/yolo/bdd_src/images/71d0057e-85473da7.jpg,fog
/home/ps/Desktop/major_project/data/yolo/bdd_src/images/71de4a7f-6ce56008.jpg,rain
/home/ps/Desktop/major_project/data/yolo/bdd_src/images/71e02b71-abd6aaed.jpg,rain
/home/ps/Desktop/major_project/data/yolo/bdd_src/images/71ec3de7-81d3f792.jpg,fog
/home/ps/Desktop/major_project/data/yolo/bdd_src/images/71efb035-1d616e97.jpg,snow
/home/ps/Desktop/major_project/data/yolo/bdd_src/images/71efb035-b42b8f7e.jpg,fog
/home/ps/Desktop/major_project/data/yolo/bdd_src/images/71f32960-d697969f.jpg,rain
/home/ps/Desktop/major_project/data/yolo/bdd_src/images/71fdd320-3dec17a2.jpg,night
/home/ps/Desktop/major_project/data/yolo/bdd_src/images/72024824-9d8a20a7.jpg,rain
/home/ps/Desktop/major_project/data/yolo/bdd_src/images/720d8a12-a9241a28.jpg,fog
/home/ps/Desktop/major_project/data/yolo/bdd_src/images/72130eb7-b1455665.jpg,night
/home/ps/Desktop/major_project/data/yolo/bdd_src/images/72145aed-ecc23a1d.jpg,rain
/home/ps/Desktop/major_project/data/yolo/bdd_src/images/72172f34-b9e607c2.jpg,snow
/home/ps/Desktop/major_project/data/yolo/bdd_src/images/721bddf1-3ff5c0e0.jpg,rain
/home/ps/Desktop/major_project/data/yolo/bdd_src/images/722d5a2e-8625124d.jpg,snow
/home/ps/Desktop/major_project/data/yolo/bdd_src/images/7230963a-f0c5a683.jpg,rain
/home/ps/Desktop/major_project/data/yolo/bdd_src/images/7232f5c7-a59fa37d.jpg,night
/home/ps/Desktop/major_project/data/yolo/bdd_src/images/7265071e-22e6a368.jpg,snow
/home/ps/Desktop/major_project/data/yolo/bdd_src/images/7265071e-bb839896.jpg,rain
/home/ps/Desktop/major_project/data/yolo/bdd_src/images/72785640-54227308.jpg,night
/home/ps/Desktop/major_project/data/yolo/bdd_src/images/72918212-7545614e.jpg,fog
/home/ps/Desktop/major_project/data/yolo/bdd_src/images/72928521-d5f172e0.jpg,snow
/home/ps/Desktop/major_project/data/yolo/bdd_src/images/72b2ae75-10ac38cb.jpg,night
/home/ps/Desktop/major_project/data/yolo/bdd_src/images/72b2ae75-a139d445.jpg,fog
/home/ps/Desktop/major_project/data/yolo/bdd_src/images/72b2dd60-614a978a.jpg,rain
/home/ps/Desktop/major_project/data/yolo/bdd_src/images/72b5a4d6-8f23f02c.jpg,snow
/home/ps/Desktop/major_project/data/yolo/bdd_src/images/72c0390e-7da9f40f.jpg,fog
/home/ps/Desktop/major_project/data/yolo/bdd_src/images/72c7fc25-2c013ae0.jpg,fog
/home/ps/Desktop/major_project/data/yolo/bdd_src/images/72c7fc25-569341ec.jpg,snow
/home/ps/Desktop/major_project/data/yolo/bdd_src/images/72cf3e1c-af140d35.jpg,rain
/home/ps/Desktop/major_project/data/yolo/bdd_src/images/72fd00fe-5c860765.jpg,fog
/home/ps/Desktop/major_project/data/yolo/bdd_src/images/72fdde58-41787b25.jpg,night
/home/ps/Desktop/major_project/data/yolo/bdd_src/images/7327215c-8a5f4c4b.jpg,fog
/home/ps/Desktop/major_project/data/yolo/bdd_src/images/732d20fd-2a0a24df.jpg,rain
/home/ps/Desktop/major_project/data/yolo/bdd_src/images/733b6040-de2c82f7.jpg,fog
/home/ps/Desktop/major_project/data/yolo/bdd_src/images/733f3ba7-6566aa3a.jpg,rain
/home/ps/Desktop/major_project/data/yolo/bdd_src/images/7340a068-0214a1d5.jpg,night
/home/ps/Desktop/major_project/data/yolo/bdd_src/images/734b1c05-5a667340.jpg,fog
/home/ps/Desktop/major_project/data/yolo/bdd_src/images/7352ce5d-0e3fbef0.jpg,fog
/home/ps/Desktop/major_project/data/yolo/bdd_src/images/73543852-10910621.jpg,fog
/home/ps/Desktop/major_project/data/yolo/bdd_src/images/73543852-11df94ed.jpg,fog
/home/ps/Desktop/major_project/data/yolo/bdd_src/images/735966e9-6b9c9867.jpg,fog
/home/ps/Desktop/major_project/data/yolo/bdd_src/images/7360cc7a-5b43b0bc.jpg,night
/home/ps/Desktop/major_project/data/yolo/bdd_src/images/7368d1ae-b4dc674d.jpg,rain
/home/ps/Desktop/major_project/data/yolo/bdd_src/images/736adb96-2aea7d0a.jpg,night
/home/ps/Desktop/major_project/data/yolo/bdd_src/images/736adb96-98d37f08.jpg,rain
/home/ps/Desktop/major_project/data/yolo/bdd_src/images/736adb96-c802e002.jpg,rain
/home/ps/Desktop/major_project/data/yolo/bdd_src/images/736f0402-2b938e52.jpg,night
/home/ps/Desktop/major_project/data/yolo/bdd_src/images/73711461-7bbfc792.jpg,snow
/home/ps/Desktop/major_project/data/yolo/bdd_src/images/73729817-7fd9a5ff.jpg,rain
/home/ps/Desktop/major_project/data/yolo/bdd_src/images/73743df4-8876fcaf.jpg,rain
/home/ps/Desktop/major_project/data/yolo/bdd_src/images/73a15ab8-2a73135c.jpg,fog
/home/ps/Desktop/major_project/data/yolo/bdd_src/images/73aff960-d46366ec.jpg,fog
/home/ps/Desktop/major_project/data/yolo/bdd_src/images/73bb1c6b-fdd7b2c4.jpg,night
/home/ps/Desktop/major_project/data/yolo/bdd_src/images/73bdcb42-d4f36279.jpg,snow
/home/ps/Desktop/major_project/data/yolo/bdd_src/images/73c1de6b-6d50c51b.jpg,night
/home/ps/Desktop/major_project/data/yolo/bdd_src/images/73c1de6b-fe2df717.jpg,rain
/home/ps/Desktop/major_project/data/yolo/bdd_src/images/73d066de-ab57f2e1.jpg,snow
/home/ps/Desktop/major_project/data/yolo/bdd_src/images/73deab11-5d6d74fe.jpg,fog
/home/ps/Desktop/major_project/data/yolo/bdd_src/images/73deff91-3c1b262d.jpg,rain
/home/ps/Desktop/major_project/data/yolo/bdd_src/images/73e5ce7c-8a5e277a.jpg,rain
/home/ps/Desktop/major_project/data/yolo/bdd_src/images/73f7c517-4070f088.jpg,fog
/home/ps/Desktop/major_project/data/yolo/bdd_src/images/73fd9d6f-ba1ccb6d.jpg,rain
/home/ps/Desktop/major_project/data/yolo/bdd_src/images/7404f2fb-bf3b0455.jpg,night
/home/ps/Desktop/major_project/data/yolo/bdd_src/images/740b4446-0d26d859.jpg,night
/home/ps/Desktop/major_project/data/yolo/bdd_src/images/740b4446-642185d0.jpg,snow
/home/ps/Desktop/major_project/data/yolo/bdd_src/images/740f22fd-36dc0425.jpg,night
/home/ps/Desktop/major_project/data/yolo/bdd_src/images/741a6570-425af11a.jpg,fog
/home/ps/Desktop/major_project/data/yolo/bdd_src/images/741b03d5-40d68227.jpg,snow
/home/ps/Desktop/major_project/data/yolo/bdd_src/images/742dc405-8412f5a6.jpg,snow
/home/ps/Desktop/major_project/data/yolo/bdd_src/images/7435bbd0-44b6101c.jpg,rain
/home/ps/Desktop/major_project/data/yolo/bdd_src/images/743af651-a5245139.jpg,fog
/home/ps/Desktop/major_project/data/yolo/bdd_src/images/743f40fe-2a693d5d.jpg,snow
/home/ps/Desktop/major_project/data/yolo/bdd_src/images/743f762a-dda5c625.jpg,snow
/home/ps/Desktop/major_project/data/yolo/bdd_src/images/743fc60f-3db7c29c.jpg,night
/home/ps/Desktop/major_project/data/yolo/bdd_src/images/744f80bb-b9fd428b.jpg,rain
/home/ps/Desktop/major_project/data/yolo/bdd_src/images/7456010e-fa8b46fa.jpg,snow
/home/ps/Desktop/major_project/data/yolo/bdd_src/images/746f23d0-40726671.jpg,rain
/home/ps/Desktop/major_project/data/yolo/bdd_src/images/747d8591-52c82cb2.jpg,rain
/home/ps/Desktop/major_project/data/yolo/bdd_src/images/7482ebda-640b5312.jpg,rain
/home/ps/Desktop/major_project/data/yolo/bdd_src/images/74864afc-2311bc20.jpg,rain
/home/ps/Desktop/major_project/data/yolo/bdd_src/images/74864afc-c379f51f.jpg,fog
/home/ps/Desktop/major_project/data/yolo/bdd_src/images/7486e8bf-7cd57722.jpg,night
/home/ps/Desktop/major_project/data/yolo/bdd_src/images/7486e8bf-c2987510.jpg,rain
/home/ps/Desktop/major_project/data/yolo/bdd_src/images/748e8413-bb6a23be.jpg,fog
/home/ps/Desktop/major_project/data/yolo/bdd_src/images/74a1c559-c636f1bd.jpg,night
/home/ps/Desktop/major_project/data/yolo/bdd_src/images/74a9d6d3-8f4d2c7e.jpg,fog
/home/ps/Desktop/major_project/data/yolo/bdd_src/images/74aca1bd-489843f2.jpg,night
/home/ps/Desktop/major_project/data/yolo/bdd_src/images/74b081b9-6fc4f802.jpg,snow
/home/ps/Desktop/major_project/data/yolo/bdd_src/images/74ba4269-7cabd16a.jpg,fog
/home/ps/Desktop/major_project/data/yolo/bdd_src/images/74bf2c3e-1922d7c1.jpg,night
/home/ps/Desktop/major_project/data/yolo/bdd_src/images/74c0ec85-1d4c8301.jpg,snow
/home/ps/Desktop/major_project/data/yolo/bdd_src/images/74ca7e62-80e74d30.jpg,fog
/home/ps/Desktop/major_project/data/yolo/bdd_src/images/74e2b670-fd9f6979.jpg,night
/home/ps/Desktop/major_project/data/yolo/bdd_src/images/74e4e064-de569d26.jpg,fog
/home/ps/Desktop/major_project/data/yolo/bdd_src/images/74ef90ae-4a08de0d.jpg,snow
/home/ps/Desktop/major_project/data/yolo/bdd_src/images/74f8f4e3-50097b8d.jpg,fog
/home/ps/Desktop/major_project/data/yolo/bdd_src/images/7514fdb6-f693be8e.jpg,rain
/home/ps/Desktop/major_project/data/yolo/bdd_src/images/75166788-e1b54acd.jpg,snow
/home/ps/Desktop/major_project/data/yolo/bdd_src/images/752a1f81-9ab38e7b.jpg,snow
/home/ps/Desktop/major_project/data/yolo/bdd_src/images/7538a5f2-6c1a40df.jpg,snow
/home/ps/Desktop/major_project/data/yolo/bdd_src/images/75409415-0abb6ccb.jpg,snow
/home/ps/Desktop/major_project/data/yolo/bdd_src/images/7559b971-83263129.jpg,night
/home/ps/Desktop/major_project/data/yolo/bdd_src/images/755ccf79-f1ec0645.jpg,fog
/home/ps/Desktop/major_project/data/yolo/bdd_src/images/755f4a8e-6650261b.jpg,rain
/home/ps/Desktop/major_project/data/yolo/bdd_src/images/757a321d-86f829e1.jpg,night
/home/ps/Desktop/major_project/data/yolo/bdd_src/images/75831222-b00c3c05.jpg,fog
/home/ps/Desktop/major_project/data/yolo/bdd_src/images/7593be91-d5cff0ed.jpg,snow
/home/ps/Desktop/major_project/data/yolo/bdd_src/images/75a23bac-0adf5177.jpg,rain
/home/ps/Desktop/major_project/data/yolo/bdd_src/images/75a4b2fd-06d2ffdf.jpg,snow
/home/ps/Desktop/major_project/data/yolo/bdd_src/images/75a54a39-fae8b205.jpg,fog
/home/ps/Desktop/major_project/data/yolo/bdd_src/images/75a8dc76-8943ecfb.jpg,snow
/home/ps/Desktop/major_project/data/yolo/bdd_src/images/75ad1fff-77299093.jpg,snow
/home/ps/Desktop/major_project/data/yolo/bdd_src/images/75b3cdd3-21b6a5e9.jpg,snow
/home/ps/Desktop/major_project/data/yolo/bdd_src/images/75b3cdd3-693bf40c.jpg,night
/home/ps/Desktop/major_project/data/yolo/bdd_src/images/75b6c060-afaa19b5.jpg,fog
/home/ps/Desktop/major_project/data/yolo/bdd_src/images/75e5f26c-5fa7a7a4.jpg,night
/home/ps/Desktop/major_project/data/yolo/bdd_src/images/75e66365-2fc91397.jpg,fog
/home/ps/Desktop/major_project/data/yolo/bdd_src/images/75f26bcc-458e54e6.jpg,rain
/home/ps/Desktop/major_project/data/yolo/bdd_src/images/75f7b6b8-3802f034.jpg,rain
/home/ps/Desktop/major_project/data/yolo/bdd_src/images/7602f02f-fd7d0b51.jpg,fog
/home/ps/Desktop/major_project/data/yolo/bdd_src/images/76054497-fcbbddfe.jpg,snow
/home/ps/Desktop/major_project/data/yolo/bdd_src/images/7611556c-857c0a2d.jpg,snow
/home/ps/Desktop/major_project/data/yolo/bdd_src/images/76116b8c-029303ac.jpg,snow
/home/ps/Desktop/major_project/data/yolo/bdd_src/images/76268f3b-796c187b.jpg,snow
/home/ps/Desktop/major_project/data/yolo/bdd_src/images/76268f3b-b7e82bd6.jpg,snow
/home/ps/Desktop/major_project/data/yolo/bdd_src/images/762ce7c6-1af5ac18.jpg,rain
/home/ps/Desktop/major_project/data/yolo/bdd_src/images/7651bcf4-5663aae7.jpg,fog
/home/ps/Desktop/major_project/data/yolo/bdd_src/images/7672e8f1-1d3ec486.jpg,fog
/home/ps/Desktop/major_project/data/yolo/bdd_src/images/7672e8f1-9fa7d7da.jpg,rain
/home/ps/Desktop/major_project/data/yolo/bdd_src/images/76acdce6-7a76765e.jpg,snow
/home/ps/Desktop/major_project/data/yolo/bdd_src/images/76c76a25-b21beae6.jpg,night
/home/ps/Desktop/major_project/data/yolo/bdd_src/images/76c7bdb4-40f2c4d4.jpg,night
/home/ps/Desktop/major_project/data/yolo/bdd_src/images/76c7bdb4-66d34331.jpg,rain
/home/ps/Desktop/major_project/data/yolo/bdd_src/images/76d0ca82-5cd47b9a.jpg,snow
/home/ps/Desktop/major_project/data/yolo/bdd_src/images/76d75068-36beeb87.jpg,fog
/home/ps/Desktop/major_project/data/yolo/bdd_src/images/76e80c26-8387cd55.jpg,night
/home/ps/Desktop/major_project/data/yolo/bdd_src/images/77057dfe-1272d9d0.jpg,rain
/home/ps/Desktop/major_project/data/yolo/bdd_src/images/7718fe0b-53eef966.jpg,snow
/home/ps/Desktop/major_project/data/yolo/bdd_src/images/77229e81-ffb1b09c.jpg,snow
/home/ps/Desktop/major_project/data/yolo/bdd_src/images/77229eb1-de1be3df.jpg,night
/home/ps/Desktop/major_project/data/yolo/bdd_src/images/7728e93c-eede8611.jpg,rain
/home/ps/Desktop/major_project/data/yolo/bdd_src/images/773755d0-1e715c77.jpg,rain
/home/ps/Desktop/major_project/data/yolo/bdd_src/images/773755d0-fa2e5cee.jpg,rain
/home/ps/Desktop/major_project/data/yolo/bdd_src/images/773a6dba-99ddc041.jpg,fog
/home/ps/Desktop/major_project/data/yolo/bdd_src/images/7741bcce-e2d65f01.jpg,rain
/home/ps/Desktop/major_project/data/yolo/bdd_src/images/774e388a-3ab4356e.jpg,rain
/home/ps/Desktop/major_project/data/yolo/bdd_src/images/774fdd25-fcbbd425.jpg,night
/home/ps/Desktop/major_project/data/yolo/bdd_src/images/7759ff23-bd590414.jpg,night
/home/ps/Desktop/major_project/data/yolo/bdd_src/images/776b919c-d7942da9.jpg,night
/home/ps/Desktop/major_project/data/yolo/bdd_src/images/776bd5bc-2923aa32.jpg,snow
/home/ps/Desktop/major_project/data/yolo/bdd_src/images/776bd5bc-94ee7b35.jpg,night
/home/ps/Desktop/major_project/data/yolo/bdd_src/images/7771e03b-832e52c0.jpg,rain
/home/ps/Desktop/major_project/data/yolo/bdd_src/images/7797fea2-2355b8a9.jpg,snow
/home/ps/Desktop/major_project/data/yolo/bdd_src/images/7797fea2-5a7f0ca8.jpg,rain
/home/ps/Desktop/major_project/data/yolo/bdd_src/images/7797fea2-c37f9856.jpg,night
/home/ps/Desktop/major_project/data/yolo/bdd_src/images/77acca70-1c67b352.jpg,snow
/home/ps/Desktop/major_project/data/yolo/bdd_src/images/77b243dd-e6cbfd46.jpg,rain
/home/ps/Desktop/major_project/data/yolo/bdd_src/images/77b65e50-33ef59b4.jpg,night
/home/ps/Desktop/major_project/data/yolo/bdd_src/images/77bdbeb0-e5288446.jpg,fog
/home/ps/Desktop/major_project/data/yolo/bdd_src/images/77bdbeb0-edb0613f.jpg,fog
/home/ps/Desktop/major_project/data/yolo/bdd_src/images/77be7104-c36235d8.jpg,snow
/home/ps/Desktop/major_project/data/yolo/bdd_src/images/77c27140-ce4f8520.jpg,rain
/home/ps/Desktop/major_project/data/yolo/bdd_src/images/77d52535-1be36eef.jpg,fog
/home/ps/Desktop/major_project/data/yolo/bdd_src/images/77dca577-16a39ea0.jpg,fog
/home/ps/Desktop/major_project/data/yolo/bdd_src/images/77dd5152-21c23093.jpg,rain
/home/ps/Desktop/major_project/data/yolo/bdd_src/images/77dd5152-c97dc72b.jpg,snow
/home/ps/Desktop/major_project/data/yolo/bdd_src/images/77f810c4-43a39c1f.jpg,rain
/home/ps/Desktop/major_project/data/yolo/bdd_src/images/78029eb7-c58bc07d.jpg,fog
/home/ps/Desktop/major_project/data/yolo/bdd_src/images/7814206e-287b26ef.jpg,snow
/home/ps/Desktop/major_project/data/yolo/bdd_src/images/7814206e-a78ab051.jpg,night
/home/ps/Desktop/major_project/data/yolo/bdd_src/images/781c5757-a2fc1f8c.jpg,fog
/home/ps/Desktop/major_project/data/yolo/bdd_src/images/78328cd5-467ec91e.jpg,snow
/home/ps/Desktop/major_project/data/yolo/bdd_src/images/783325ab-de6b4c94.jpg,snow
/home/ps/Desktop/major_project/data/yolo/bdd_src/images/78346fa5-891d8196.jpg,night
/home/ps/Desktop/major_project/data/yolo/bdd_src/images/7836e8d5-7c7fae10.jpg,rain
/home/ps/Desktop/major_project/data/yolo/bdd_src/images/7836e8d5-e89cb6dd.jpg,fog
/home/ps/Desktop/major_project/data/yolo/bdd_src/images/7845b80e-12c3c18a.jpg,night
/home/ps/Desktop/major_project/data/yolo/bdd_src/images/785bc33b-3bfaf796.jpg,night
/home/ps/Desktop/major_project/data/yolo/bdd_src/images/78641dbe-4d3d61df.jpg,rain
/home/ps/Desktop/major_project/data/yolo/bdd_src/images/7894fa64-215c12a1.jpg,fog
/home/ps/Desktop/major_project/data/yolo/bdd_src/images/78993bb8-65c66e97.jpg,rain
/home/ps/Desktop/major_project/data/yolo/bdd_src/images/78993bb8-e33a7aa3.jpg,rain
/home/ps/Desktop/major_project/data/yolo/bdd_src/images/78e17790-230732d5.jpg,night
/home/ps/Desktop/major_project/data/yolo/bdd_src/images/78eb3c4b-67ed6b61.jpg,fog
/home/ps/Desktop/major_project/data/yolo/bdd_src/images/78f2f058-63de5278.jpg,rain
/home/ps/Desktop/major_project/data/yolo/bdd_src/images/78f2f058-a76b14ca.jpg,rain
/home/ps/Desktop/major_project/data/yolo/bdd_src/images/78f2f058-b0f18d7a.jpg,night
/home/ps/Desktop/major_project/data/yolo/bdd_src/images/79062d5b-f89b7570.jpg,snow
/home/ps/Desktop/major_project/data/yolo/bdd_src/images/79123cfa-0566aef9.jpg,fog
/home/ps/Desktop/major_project/data/yolo/bdd_src/images/7915a908-1cf611d8.jpg,fog
/home/ps/Desktop/major_project/data/yolo/bdd_src/images/791efc8b-83fa34c2.jpg,fog
/home/ps/Desktop/major_project/data/yolo/bdd_src/images/792a600a-4ed3ee2a.jpg,snow
/home/ps/Desktop/major_project/data/yolo/bdd_src/images/7944ae58-9d45224b.jpg,night
/home/ps/Desktop/major_project/data/yolo/bdd_src/images/79606cb4-a5443bb5.jpg,snow
/home/ps/Desktop/major_project/data/yolo/bdd_src/images/7969c31d-d9b9a31d.jpg,snow
/home/ps/Desktop/major_project/data/yolo/bdd_src/images/79749e6d-d84fb5f2.jpg,night
/home/ps/Desktop/major_project/data/yolo/bdd_src/images/79782de4-4356463b.jpg,rain
/home/ps/Desktop/major_project/data/yolo/bdd_src/images/7979945c-59692977.jpg,fog
/home/ps/Desktop/major_project/data/yolo/bdd_src/images/797a1efe-d27d8816.jpg,snow
/home/ps/Desktop/major_project/data/yolo/bdd_src/images/797ad2eb-5d34fd0a.jpg,night
/home/ps/Desktop/major_project/data/yolo/bdd_src/images/797ad2eb-68735b65.jpg,snow
/home/ps/Desktop/major_project/data/yolo/bdd_src/images/797ce9f7-352f8153.jpg,rain
/home/ps/Desktop/major_project/data/yolo/bdd_src/images/798b99d1-4c58f3a7.jpg,night
/home/ps/Desktop/major_project/data/yolo/bdd_src/images/799ada26-556c76a0.jpg,snow
/home/ps/Desktop/major_project/data/yolo/bdd_src/images/79b0610d-cb2d3316.jpg,fog
/home/ps/Desktop/major_project/data/yolo/bdd_src/images/79b0b8e6-b96616c6.jpg,rain
/home/ps/Desktop/major_project/data/yolo/bdd_src/images/79b12cfd-75c40f7f.jpg,fog
/home/ps/Desktop/major_project/data/yolo/bdd_src/images/79bfa578-0133a3e5.jpg,night
/home/ps/Desktop/major_project/data/yolo/bdd_src/images/79c9cb54-66aa715c.jpg,rain
/home/ps/Desktop/major_project/data/yolo/bdd_src/images/79ced1aa-a8ad34fa.jpg,rain
/home/ps/Desktop/major_project/data/yolo/bdd_src/images/79e177bc-4d5d3acc.jpg,night
/home/ps/Desktop/major_project/data/yolo/bdd_src/images/79e3c4a1-c56773d5.jpg,snow
/home/ps/Desktop/major_project/data/yolo/bdd_src/images/79e9e616-d905b3e2.jpg,rain
/home/ps/Desktop/major_project/data/yolo/bdd_src/images/79f06acb-1b8b2456.jpg,rain
/home/ps/Desktop/major_project/data/yolo/bdd_src/images/79f482bc-78b38212.jpg,fog
/home/ps/Desktop/major_project/data/yolo/bdd_src/images/79f84c07-ba85f402.jpg,rain
/home/ps/Desktop/major_project/data/yolo/bdd_src/images/79fba35f-74c97b02.jpg,night
/home/ps/Desktop/major_project/data/yolo/bdd_src/images/79fba35f-d99f84ba.jpg,night
/home/ps/Desktop/major_project/data/yolo/bdd_src/images/79fe41c9-22862bbf.jpg,fog
/home/ps/Desktop/major_project/data/yolo/bdd_src/images/7a162055-73453ffa.jpg,fog
/home/ps/Desktop/major_project/data/yolo/bdd_src/images/7a32638e-f6bc5c86.jpg,rain
/home/ps/Desktop/major_project/data/yolo/bdd_src/images/7a3c3aca-a8ea8606.jpg,snow
/home/ps/Desktop/major_project/data/yolo/bdd_src/images/7a3da3fa-69ab12ab.jpg,night
/home/ps/Desktop/major_project/data/yolo/bdd_src/images/7a4cba5c-7f79912f.jpg,rain
/home/ps/Desktop/major_project/data/yolo/bdd_src/images/7a4e7466-29405016.jpg,snow
/home/ps/Desktop/major_project/data/yolo/bdd_src/images/7a4e7466-b93ed9cf.jpg,snow
/home/ps/Desktop/major_project/data/yolo/bdd_src/images/7a4e7466-bb01f12a.jpg,night
/home/ps/Desktop/major_project/data/yolo/bdd_src/images/7a4fe180-26abf5c3.jpg,snow
/home/ps/Desktop/major_project/data/yolo/bdd_src/images/7a5cc93f-33dd37f4.jpg,night
/home/ps/Desktop/major_project/data/yolo/bdd_src/images/7a5df54e-763ddadf.jpg,snow
/home/ps/Desktop/major_project/data/yolo/bdd_src/images/7a6985bd-de8bab6c.jpg,night
/home/ps/Desktop/major_project/data/yolo/bdd_src/images/7a87e20f-b8eb6fe5.jpg,night
/home/ps/Desktop/major_project/data/yolo/bdd_src/images/7a8fca25-1de08b31.jpg,snow
/home/ps/Desktop/major_project/data/yolo/bdd_src/images/7a8fca25-4d6c1d46.jpg,night
/home/ps/Desktop/major_project/data/yolo/bdd_src/images/7a9072ef-a5c48640.jpg,night
/home/ps/Desktop/major_project/data/yolo/bdd_src/images/7a9b41db-64acd9f1.jpg,snow
/home/ps/Desktop/major_project/data/yolo/bdd_src/images/7aa8f126-c398a3ab.jpg,rain
/home/ps/Desktop/major_project/data/yolo/bdd_src/images/7aaa7d74-82b23207.jpg,snow
/home/ps/Desktop/major_project/data/yolo/bdd_src/images/7aac2828-24b98362.jpg,night
/home/ps/Desktop/major_project/data/yolo/bdd_src/images/7aac2828-733d11c4.jpg,rain
/home/ps/Desktop/major_project/data/yolo/bdd_src/images/7aaf7c04-06077131.jpg,snow
/home/ps/Desktop/major_project/data/yolo/bdd_src/images/7ab9daa1-6d2a7971.jpg,fog
/home/ps/Desktop/major_project/data/yolo/bdd_src/images/7ad043fd-c4ae01a2.jpg,fog
/home/ps/Desktop/major_project/data/yolo/bdd_src/images/7ad130e3-c315bcad.jpg,rain
/home/ps/Desktop/major_project/data/yolo/bdd_src/images/7ad28436-6eb5c054.jpg,night
/home/ps/Desktop/major_project/data/yolo/bdd_src/images/7ad28436-df569c55.jpg,night
/home/ps/Desktop/major_project/data/yolo/bdd_src/images/7ad4a769-2811839b.jpg,fog
/home/ps/Desktop/major_project/data/yolo/bdd_src/images/7adedeca-c9e7c916.jpg,night
/home/ps/Desktop/major_project/data/yolo/bdd_src/images/7ae96599-17a1259b.jpg,fog
/home/ps/Desktop/major_project/data/yolo/bdd_src/images/7aebf8b6-3f874103.jpg,fog
/home/ps/Desktop/major_project/data/yolo/bdd_src/images/7aebf8b6-5aaddc9b.jpg,night
/home/ps/Desktop/major_project/data/yolo/bdd_src/images/7af082b9-d4e7324f.jpg,night
/home/ps/Desktop/major_project/data/yolo/bdd_src/images/7afdc2c9-7b39d175.jpg,fog
/home/ps/Desktop/major_project/data/yolo/bdd_src/images/7b0fd290-8ef01267.jpg,night
/home/ps/Desktop/major_project/data/yolo/bdd_src/images/7b158072-0bf742a8.jpg,fog
/home/ps/Desktop/major_project/data/yolo/bdd_src/images/7b158072-0c48efd5.jpg,fog
/home/ps/Desktop/major_project/data/yolo/bdd_src/images/7b158072-389a6dbc.jpg,rain
/home/ps/Desktop/major_project/data/yolo/bdd_src/images/7b158072-589c88c3.jpg,night
/home/ps/Desktop/major_project/data/yolo/bdd_src/images/7b265f9b-5e069e8a.jpg,snow
/home/ps/Desktop/major_project/data/yolo/bdd_src/images/7b2731b3-0d183bd4.jpg,snow
/home/ps/Desktop/major_project/data/yolo/bdd_src/images/7b349d0b-35ae03c5.jpg,snow
/home/ps/Desktop/major_project/data/yolo/bdd_src/images/7b3a1ca9-e7cd18f1.jpg,rain
/home/ps/Desktop/major_project/data/yolo/bdd_src/images/7b511a14-840b895a.jpg,snow
/home/ps/Desktop/major_project/data/yolo/bdd_src/images/7b534fcf-9f0f6684.jpg,fog
/home/ps/Desktop/major_project/data/yolo/bdd_src/images/7b59b357-451036e0.jpg,rain
/home/ps/Desktop/major_project/data/yolo/bdd_src/images/7b59fe4e-4040bd7f.jpg,rain
/home/ps/Desktop/major_project/data/yolo/bdd_src/images/7b5b705c-652ca038.jpg,night
/home/ps/Desktop/major_project/data/yolo/bdd_src/images/7b5d0695-4ba64d54.jpg,snow
/home/ps/Desktop/major_project/data/yolo/bdd_src/images/7b6b5ad6-69575bf7.jpg,rain
/home/ps/Desktop/major_project/data/yolo/bdd_src/images/7b6b5ad6-71a7c04c.jpg,fog
/home/ps/Desktop/major_project/data/yolo/bdd_src/images/7b6cdfd4-6e1aee59.jpg,snow
/home/ps/Desktop/major_project/data/yolo/bdd_src/images/7b82cc51-2381b28c.jpg,fog
/home/ps/Desktop/major_project/data/yolo/bdd_src/images/7b83c6b6-59a1fd4b.jpg,night
/home/ps/Desktop/major_project/data/yolo/bdd_src/images/7b850fc7-eea4f268.jpg,rain
/home/ps/Desktop/major_project/data/yolo/bdd_src/images/7b856d44-4f26c5fa.jpg,fog
/home/ps/Desktop/major_project/data/yolo/bdd_src/images/7b8a2fca-5db2bdd6.jpg,night
/home/ps/Desktop/major_project/data/yolo/bdd_src/images/7b8a2fca-723fdc8c.jpg,fog
/home/ps/Desktop/major_project/data/yolo/bdd_src/images/7b985d1b-7fc5da6c.jpg,night
/home/ps/Desktop/major_project/data/yolo/bdd_src/images/7ba8647c-4f970c3f.jpg,rain
/home/ps/Desktop/major_project/data/yolo/bdd_src/images/7ba8647c-98e60ef8.jpg,snow
/home/ps/Desktop/major_project/data/yolo/bdd_src/images/7bc4f632-5e9410fe.jpg,fog
/home/ps/Desktop/major_project/data/yolo/bdd_src/images/7bec8942-f7b13a14.jpg,fog
/home/ps/Desktop/major_project/data/yolo/bdd_src/images/7bf3bd5d-67345610.jpg,snow
/home/ps/Desktop/major_project/data/yolo/bdd_src/images/7c1228f7-6ccf3dfc.jpg,night
/home/ps/Desktop/major_project/data/yolo/bdd_src/images/7c1228f7-9e040cbb.jpg,snow
/home/ps/Desktop/major_project/data/yolo/bdd_src/images/7c1228f7-e89f90e9.jpg,rain
/home/ps/Desktop/major_project/data/yolo/bdd_src/images/7c1b21cd-e47b4fdc.jpg,night
/home/ps/Desktop/major_project/data/yolo/bdd_src/images/7c1ce9b1-e0460580.jpg,snow
/home/ps/Desktop/major_project/data/yolo/bdd_src/images/7c2759e7-615b7108.jpg,snow
/home/ps/Desktop/major_project/data/yolo/bdd_src/images/7c39cb29-865d624d.jpg,rain
/home/ps/Desktop/major_project/data/yolo/bdd_src/images/7c39cb29-a8d47933.jpg,snow
/home/ps/Desktop/major_project/data/yolo/bdd_src/images/7c3e154c-4b3af349.jpg,snow
/home/ps/Desktop/major_project/data/yolo/bdd_src/images/7c4b1ac7-543f8374.jpg,snow
/home/ps/Desktop/major_project/data/yolo/bdd_src/images/7c5aff62-e9741b6b.jpg,fog
/home/ps/Desktop/major_project/data/yolo/bdd_src/images/7c5d50c5-7292de37.jpg,night
/home/ps/Desktop/major_project/data/yolo/bdd_src/images/7c5f8c88-00ad8af7.jpg,snow
/home/ps/Desktop/major_project/data/yolo/bdd_src/images/7c658002-fb33581c.jpg,rain
/home/ps/Desktop/major_project/data/yolo/bdd_src/images/7c699f3e-11d1af16.jpg,night
/home/ps/Desktop/major_project/data/yolo/bdd_src/images/7c71d173-6a6611d8.jpg,fog
/home/ps/Desktop/major_project/data/yolo/bdd_src/images/7c77fb37-d6053cf8.jpg,rain
/home/ps/Desktop/major_project/data/yolo/bdd_src/images/7c7d9c51-321470b8.jpg,rain
/home/ps/Desktop/major_project/data/yolo/bdd_src/images/7c7ff485-03bcac20.jpg,fog
/home/ps/Desktop/major_project/data/yolo/bdd_src/images/7cc04f10-bb0f1b20.jpg,fog
/home/ps/Desktop/major_project/data/yolo/bdd_src/images/7cd13eb2-61082890.jpg,rain
/home/ps/Desktop/major_project/data/yolo/bdd_src/images/7cd33809-5864d2f3.jpg,fog
/home/ps/Desktop/major_project/data/yolo/bdd_src/images/7cd81708-cabd0c6c.jpg,night
/home/ps/Desktop/major_project/data/yolo/bdd_src/images/7ce0f7a8-2570875c.jpg,fog
/home/ps/Desktop/major_project/data/yolo/bdd_src/images/7cf55c3d-96a1736b.jpg,rain
/home/ps/Desktop/major_project/data/yolo/bdd_src/images/7d02da91-61bdb804.jpg,snow
/home/ps/Desktop/major_project/data/yolo/bdd_src/images/7d06c9da-14ca25f0.jpg,fog
/home/ps/Desktop/major_project/data/yolo/bdd_src/images/7d06c9da-ea273793.jpg,rain
/home/ps/Desktop/major_project/data/yolo/bdd_src/images/7d0afca3-7d6120f6.jpg,snow
/home/ps/Desktop/major_project/data/yolo/bdd_src/images/7d0b310b-03feeb08.jpg,night
/home/ps/Desktop/major_project/data/yolo/bdd_src/images/7d1c3546-88c76793.jpg,night
/home/ps/Desktop/major_project/data/yolo/bdd_src/images/7d209219-d348e0ab.jpg,snow
/home/ps/Desktop/major_project/data/yolo/bdd_src/images/7d251999-137016ba.jpg,night
/home/ps/Desktop/major_project/data/yolo/bdd_src/images/7d2925db-1f207fce.jpg,night
/home/ps/Desktop/major_project/data/yolo/bdd_src/images/7d2925db-49435c8a.jpg,snow
/home/ps/Desktop/major_project/data/yolo/bdd_src/images/7d3d5d1d-174a0bd9.jpg,fog
/home/ps/Desktop/major_project/data/yolo/bdd_src/images/7d43b17b-85ba30a8.jpg,rain
/home/ps/Desktop/major_project/data/yolo/bdd_src/images/7d57fbb6-fb3c3d50.jpg,night
/home/ps/Desktop/major_project/data/yolo/bdd_src/images/7d717ac1-9c4c8650.jpg,snow
/home/ps/Desktop/major_project/data/yolo/bdd_src/images/7d72def4-389c2715.jpg,rain
/home/ps/Desktop/major_project/data/yolo/bdd_src/images/7d798522-6a2dadbb.jpg,night
/home/ps/Desktop/major_project/data/yolo/bdd_src/images/7d89edba-473d13d4.jpg,rain
/home/ps/Desktop/major_project/data/yolo/bdd_src/images/7d91bef2-9f4ab23e.jpg,fog
/home/ps/Desktop/major_project/data/yolo/bdd_src/images/7d9628ed-7e437b32.jpg,night
/home/ps/Desktop/major_project/data/yolo/bdd_src/images/7d9d1af6-ee1018d4.jpg,rain
/home/ps/Desktop/major_project/data/yolo/bdd_src/images/7da7f9e2-deb6d8de.jpg,fog
/home/ps/Desktop/major_project/data/yolo/bdd_src/images/7dad4e99-8dbbee90.jpg,snow
/home/ps/Desktop/major_project/data/yolo/bdd_src/images/7dc2914d-83cf53a9.jpg,night
/home/ps/Desktop/major_project/data/yolo/bdd_src/images/7dc2914d-a20a969a.jpg,fog
/home/ps/Desktop/major_project/data/yolo/bdd_src/images/7dc8bb93-c9933836.jpg,night
/home/ps/Desktop/major_project/data/yolo/bdd_src/images/7dcac94e-34cefa05.jpg,night
/home/ps/Desktop/major_project/data/yolo/bdd_src/images/7dd1669f-5a24e9ef.jpg,fog
/home/ps/Desktop/major_project/data/yolo/bdd_src/images/7dd8842e-6ff08e80.jpg,snow
/home/ps/Desktop/major_project/data/yolo/bdd_src/images/7ddfc7f1-ae25b627.jpg,night
/home/ps/Desktop/major_project/data/yolo/bdd_src/images/7ddfc7f1-b04a22ed.jpg,snow
/home/ps/Desktop/major_project/data/yolo/bdd_src/images/7e0b5389-f4c6aedc.jpg,snow
/home/ps/Desktop/major_project/data/yolo/bdd_src/images/7e144a73-f9aa271a.jpg,fog
/home/ps/Desktop/major_project/data/yolo/bdd_src/images/7e1da0dc-fc3fa088.jpg,night
/home/ps/Desktop/major_project/data/yolo/bdd_src/images/7e21a4d0-9c829c69.jpg,rain
/home/ps/Desktop/major_project/data/yolo/bdd_src/images/7e319c3a-187435c4.jpg,rain
/home/ps/Desktop/major_project/data/yolo/bdd_src/images/7e319c3a-1b3c04c1.jpg,rain
/home/ps/Desktop/major_project/data/yolo/bdd_src/images/7e36ad82-07d6b82b.jpg,rain
/home/ps/Desktop/major_project/data/yolo/bdd_src/images/7e36ad82-91a9452d.jpg,snow
/home/ps/Desktop/major_project/data/yolo/bdd_src/images/7e4ab78b-4a62c63e.jpg,snow
/home/ps/Desktop/major_project/data/yolo/bdd_src/images/7e5568e2-9c57f3ff.jpg,snow
/home/ps/Desktop/major_project/data/yolo/bdd_src/images/7e698062-f024d7bc.jpg,night
/home/ps/Desktop/major_project/data/yolo/bdd_src/images/7e69d47c-10fe8f66.jpg,snow
/home/ps/Desktop/major_project/data/yolo/bdd_src/images/7e6a71ed-1e0f9e5c.jpg,rain
/home/ps/Desktop/major_project/data/yolo/bdd_src/images/7e84a9f2-6c4a324c.jpg,fog
/home/ps/Desktop/major_project/data/yolo/bdd_src/images/7e8867c5-f13bdada.jpg,rain
/home/ps/Desktop/major_project/data/yolo/bdd_src/images/7e88fcad-7bd9482e.jpg,night
/home/ps/Desktop/major_project/data/yolo/bdd_src/images/7e897664-a21e0eec.jpg,rain
/home/ps/Desktop/major_project/data/yolo/bdd_src/images/7e8b11fe-0ada25cf.jpg,night
/home/ps/Desktop/major_project/data/yolo/bdd_src/images/7e8b11fe-57b65466.jpg,fog
/home/ps/Desktop/major_project/data/yolo/bdd_src/images/7e8b11fe-8e470f0a.jpg,snow
/home/ps/Desktop/major_project/data/yolo/bdd_src/images/7e8b11fe-cec88fbf.jpg,night
/home/ps/Desktop/major_project/data/yolo/bdd_src/images/7e94e409-468dc384.jpg,snow
/home/ps/Desktop/major_project/data/yolo/bdd_src/images/7ea134dd-5be9b462.jpg,rain
/home/ps/Desktop/major_project/data/yolo/bdd_src/images/7ea134dd-a92ea941.jpg,rain
/home/ps/Desktop/major_project/data/yolo/bdd_src/images/7ea7a1b4-5876b5ed.jpg,fog
/home/ps/Desktop/major_project/data/yolo/bdd_src/images/7eaac912-52026194.jpg,fog
/home/ps/Desktop/major_project/data/yolo/bdd_src/images/7eb315b6-422a6baa.jpg,night
/home/ps/Desktop/major_project/data/yolo/bdd_src/images/7eb7131c-420e5bce.jpg,snow
/home/ps/Desktop/major_project/data/yolo/bdd_src/images/7eceb05a-a61e3e88.jpg,rain
/home/ps/Desktop/major_project/data/yolo/bdd_src/images/7ef58ae9-0afd385c.jpg,fog
/home/ps/Desktop/major_project/data/yolo/bdd_src/images/7ef82744-9891b32a.jpg,fog
/home/ps/Desktop/major_project/data/yolo/bdd_src/images/7f00710d-5674e9cc.jpg,snow
/home/ps/Desktop/major_project/data/yolo/bdd_src/images/7f0ef682-c93899df.jpg,night
/home/ps/Desktop/major_project/data/yolo/bdd_src/images/7f133fb1-a7a711b0.jpg,rain
/home/ps/Desktop/major_project/data/yolo/bdd_src/images/7f15d319-36d7017b.jpg,fog
/home/ps/Desktop/major_project/data/yolo/bdd_src/images/7f1ff0c2-91b9a7ba.jpg,fog
/home/ps/Desktop/major_project/data/yolo/bdd_src/images/7f255e90-2c00080a.jpg,rain
/home/ps/Desktop/major_project/data/yolo/bdd_src/images/7f2e44cc-bf886507.jpg,rain
/home/ps/Desktop/major_project/data/yolo/bdd_src/images/7f3e059f-2c147bc6.jpg,fog
/home/ps/Desktop/major_project/data/yolo/bdd_src/images/7f3e059f-4f900bcb.jpg,snow
/home/ps/Desktop/major_project/data/yolo/bdd_src/images/7f3e29de-694e34e4.jpg,night
/home/ps/Desktop/major_project/data/yolo/bdd_src/images/7f3f82b9-157d70c9.jpg,fog
/home/ps/Desktop/major_project/data/yolo/bdd_src/images/7f4ba638-31480345.jpg,rain
/home/ps/Desktop/major_project/data/yolo/bdd_src/images/7f4fc765-f3fb2667.jpg,rain
/home/ps/Desktop/major_project/data/yolo/bdd_src/images/7f592e70-cc93228c.jpg,rain
/home/ps/Desktop/major_project/data/yolo/bdd_src/images/7f5d2af2-7dd7842e.jpg,fog
/home/ps/Desktop/major_project/data/yolo/bdd_src/images/7f5d2af2-7e50ef69.jpg,fog
/home/ps/Desktop/major_project/data/yolo/bdd_src/images/7f802e9a-f5a4edcf.jpg,snow
/home/ps/Desktop/major_project/data/yolo/bdd_src/images/7f802e9a-fac8d4f3.jpg,rain
/home/ps/Desktop/major_project/data/yolo/bdd_src/images/7f870c22-fec44fc6.jpg,snow
/home/ps/Desktop/major_project/data/yolo/bdd_src/images/7f9de6fa-a260dc04.jpg,snow
/home/ps/Desktop/major_project/data/yolo/bdd_src/images/7fa211b9-1b25beaa.jpg,fog
/home/ps/Desktop/major_project/data/yolo/bdd_src/images/7faba422-fe0d7ee6.jpg,fog
/home/ps/Desktop/major_project/data/yolo/bdd_src/images/7fba2f2b-07b3c812.jpg,snow
/home/ps/Desktop/major_project/data/yolo/bdd_src/images/7fba2f2b-19df2fb4.jpg,snow
/home/ps/Desktop/major_project/data/yolo/bdd_src/images/7fc32343-2576d0f2.jpg,snow
/home/ps/Desktop/major_project/data/yolo/bdd_src/images/7fd6a227-153305fe.jpg,snow
/home/ps/Desktop/major_project/data/yolo/bdd_src/images/7fd8cf94-fb83775c.jpg,night
/home/ps/Desktop/major_project/data/yolo/bdd_src/images/7fe274e7-b2c33776.jpg,snow
/home/ps/Desktop/major_project/data/yolo/bdd_src/images/7ff5fa17-74a4cc8b.jpg,rain
/home/ps/Desktop/major_project/data/yolo/bdd_src/images/7ff8aa3c-bfe3f845.jpg,snow
/home/ps/Desktop/major_project/data/yolo/bdd_src/images/800a02ee-e97436ff.jpg,snow
/home/ps/Desktop/major_project/data/yolo/bdd_src/images/800a54e8-d363c28f.jpg,snow
/home/ps/Desktop/major_project/data/yolo/bdd_src/images/800c7cb2-d1877eaa.jpg,rain
/home/ps/Desktop/major_project/data/yolo/bdd_src/images/800e7d4b-49e6eae6.jpg,rain
/home/ps/Desktop/major_project/data/yolo/bdd_src/images/800e7d4b-fc4d6b38.jpg,fog
/home/ps/Desktop/major_project/data/yolo/bdd_src/images/8022b238-d71a8e3f.jpg,rain
/home/ps/Desktop/major_project/data/yolo/bdd_src/images/802926ee-f466ce52.jpg,fog
/home/ps/Desktop/major_project/data/yolo/bdd_src/images/802a9b30-255db282.jpg,snow
/home/ps/Desktop/major_project/data/yolo/bdd_src/images/802d208f-005b7317.jpg,night
/home/ps/Desktop/major_project/data/yolo/bdd_src/images/8034b76d-475587fa.jpg,fog
/home/ps/Desktop/major_project/data/yolo/bdd_src/images/8050f1ea-d9e00964.jpg,night
/home/ps/Desktop/major_project/data/yolo/bdd_src/images/805f191c-dcdefa5c.jpg,night
/home/ps/Desktop/major_project/data/yolo/bdd_src/images/8066b40a-f28e86f1.jpg,fog
/home/ps/Desktop/major_project/data/yolo/bdd_src/images/806938f0-d5ce4e24.jpg,snow
/home/ps/Desktop/major_project/data/yolo/bdd_src/images/806cd9aa-588d5037.jpg,fog
/home/ps/Desktop/major_project/data/yolo/bdd_src/images/8073de38-82e0e4c7.jpg,snow
/home/ps/Desktop/major_project/data/yolo/bdd_src/images/8073de38-f7eab6ec.jpg,snow
/home/ps/Desktop/major_project/data/yolo/bdd_src/images/807f1c46-19d88a92.jpg,night
/home/ps/Desktop/major_project/data/yolo/bdd_src/images/8085ece6-1f989694.jpg,night
/home/ps/Desktop/major_project/data/yolo/bdd_src/images/80915891-c5cd97eb.jpg,night
/home/ps/Desktop/major_project/data/yolo/bdd_src/images/80a7aded-62d06d8b.jpg,night
/home/ps/Desktop/major_project/data/yolo/bdd_src/images/80af9d8e-077d2bc3.jpg,fog
/home/ps/Desktop/major_project/data/yolo/bdd_src/images/80af9d8e-35b2f01f.jpg,rain
/home/ps/Desktop/major_project/data/yolo/bdd_src/images/80b9c7db-76be7ee5.jpg,fog
/home/ps/Desktop/major_project/data/yolo/bdd_src/images/80ba9228-63c1bf9a.jpg,snow
/home/ps/Desktop/major_project/data/yolo/bdd_src/images/80bbcd81-faa94fab.jpg,fog
/home/ps/Desktop/major_project/data/yolo/bdd_src/images/80bf73de-8f49b13c.jpg,night
/home/ps/Desktop/major_project/data/yolo/bdd_src/images/80e68c19-5c876184.jpg,night
/home/ps/Desktop/major_project/data/yolo/bdd_src/images/80e8c8c2-c16d53c8.jpg,rain
/home/ps/Desktop/major_project/data/yolo/bdd_src/images/80e8c8c2-ff1896e0.jpg,rain
/home/ps/Desktop/major_project/data/yolo/bdd_src/images/80ecebc0-0f8e89b5.jpg,snow
/home/ps/Desktop/major_project/data/yolo/bdd_src/images/80f27765-76c11d2e.jpg,rain
/home/ps/Desktop/major_project/data/yolo/bdd_src/images/81079dfa-d9218402.jpg,night
/home/ps/Desktop/major_project/data/yolo/bdd_src/images/81088089-ecc26a1d.jpg,fog
/home/ps/Desktop/major_project/data/yolo/bdd_src/images/8116120f-4bbc5650.jpg,fog
/home/ps/Desktop/major_project/data/yolo/bdd_src/images/811e795f-e870b550.jpg,snow
/home/ps/Desktop/major_project/data/yolo/bdd_src/images/8127627f-0f04b66e.jpg,fog
/home/ps/Desktop/major_project/data/yolo/bdd_src/images/81357829-44470a34.jpg,night
/home/ps/Desktop/major_project/data/yolo/bdd_src/images/81389cfc-33738342.jpg,night
/home/ps/Desktop/major_project/data/yolo/bdd_src/images/8139032a-6d369aaf.jpg,rain
/home/ps/Desktop/major_project/data/yolo/bdd_src/images/815f38f8-82fb2192.jpg,rain
/home/ps/Desktop/major_project/data/yolo/bdd_src/images/81610cd3-0d30da39.jpg,rain
/home/ps/Desktop/major_project/data/yolo/bdd_src/images/816d3057-73d0ed9e.jpg,fog
/home/ps/Desktop/major_project/data/yolo/bdd_src/images/817132e2-ef517880.jpg,rain
/home/ps/Desktop/major_project/data/yolo/bdd_src/images/817f730e-410caecc.jpg,rain
/home/ps/Desktop/major_project/data/yolo/bdd_src/images/81a749be-f4040f16.jpg,night
/home/ps/Desktop/major_project/data/yolo/bdd_src/images/81a82b11-02390df5.jpg,snow
/home/ps/Desktop/major_project/data/yolo/bdd_src/images/81b47af4-08b8441f.jpg,night
/home/ps/Desktop/major_project/data/yolo/bdd_src/images/81b47af4-ab221407.jpg,snow
/home/ps/Desktop/major_project/data/yolo/bdd_src/images/81b47af4-f1fab43b.jpg,snow
/home/ps/Desktop/major_project/data/yolo/bdd_src/images/81c45715-ba627ab3.jpg,night
/home/ps/Desktop/major_project/data/yolo/bdd_src/images/81c5c775-00045d54.jpg,rain
/home/ps/Desktop/major_project/data/yolo/bdd_src/images/81c5c775-ea51271c.jpg,snow
/home/ps/Desktop/major_project/data/yolo/bdd_src/images/81ec3b39-37d3ab85.jpg,snow
/home/ps/Desktop/major_project/data/yolo/bdd_src/images/82066fbf-9c68e301.jpg,rain
/home/ps/Desktop/major_project/data/yolo/bdd_src/images/82138ed8-6b30ae1f.jpg,rain
/home/ps/Desktop/major_project/data/yolo/bdd_src/images/82219676-4edb8f26.jpg,fog
/home/ps/Desktop/major_project/data/yolo/bdd_src/images/82328f8d-e6d0af4a.jpg,snow
/home/ps/Desktop/major_project/data/yolo/bdd_src/images/8248d053-7b1bff70.jpg,night
/home/ps/Desktop/major_project/data/yolo/bdd_src/images/826e8687-1b85b69f.jpg,fog
/home/ps/Desktop/major_project/data/yolo/bdd_src/images/8278e354-b44dbbf8.jpg,fog
/home/ps/Desktop/major_project/data/yolo/bdd_src/images/8281391f-573ed19c.jpg,snow
/home/ps/Desktop/major_project/data/yolo/bdd_src/images/828387f9-75458ea6.jpg,rain
/home/ps/Desktop/major_project/data/yolo/bdd_src/images/8287a84e-60f4e40f.jpg,night
/home/ps/Desktop/major_project/data/yolo/bdd_src/images/828e24b9-9008fce6.jpg,fog
/home/ps/Desktop/major_project/data/yolo/bdd_src/images/828e4923-87191d2d.jpg,rain
/home/ps/Desktop/major_project/data/yolo/bdd_src/images/8290c83d-25920d8c.jpg,fog
/home/ps/Desktop/major_project/data/yolo/bdd_src/images/82a0421a-031e404f.jpg,fog
/home/ps/Desktop/major_project/data/yolo/bdd_src/images/82b14c0c-79b99258.jpg,fog
/home/ps/Desktop/major_project/data/yolo/bdd_src/images/82b76ca8-cf1612d7.jpg,night
/home/ps/Desktop/major_project/data/yolo/bdd_src/images/82b76ca8-d2ae7668.jpg,rain
/home/ps/Desktop/major_project/data/yolo/bdd_src/images/82d970b7-26255a7b.jpg,fog
/home/ps/Desktop/major_project/data/yolo/bdd_src/images/82ddd3dd-3ca229f7.jpg,night
/home/ps/Desktop/major_project/data/yolo/bdd_src/images/82e4f1cc-718ebf2b.jpg,fog
/home/ps/Desktop/major_project/data/yolo/bdd_src/images/82e78a4c-034f7e79.jpg,fog
/home/ps/Desktop/major_project/data/yolo/bdd_src/images/82ec7a06-1a3375da.jpg,night
/home/ps/Desktop/major_project/data/yolo/bdd_src/images/82f03471-8e304dd5.jpg,night
/home/ps/Desktop/major_project/data/yolo/bdd_src/images/82f56e88-fe88fde6.jpg,fog
/home/ps/Desktop/major_project/data/yolo/bdd_src/images/82fd3ff6-3b14ecd1.jpg,rain
/home/ps/Desktop/major_project/data/yolo/bdd_src/images/82fd3ff6-a9a92bf8.jpg,snow
/home/ps/Desktop/major_project/data/yolo/bdd_src/images/8315bf7e-66aeb70e.jpg,night
/home/ps/Desktop/major_project/data/yolo/bdd_src/images/8315fd60-4b580b9b.jpg,rain
/home/ps/Desktop/major_project/data/yolo/bdd_src/images/83253040-24d251f6.jpg,rain
/home/ps/Desktop/major_project/data/yolo/bdd_src/images/832c93d0-3d24ac96.jpg,night
/home/ps/Desktop/major_project/data/yolo/bdd_src/images/833aa2e2-3e637e25.jpg,night
/home/ps/Desktop/major_project/data/yolo/bdd_src/images/833e9bda-0addf651.jpg,snow
/home/ps/Desktop/major_project/data/yolo/bdd_src/images/83471fb0-755f271f.jpg,rain
/home/ps/Desktop/major_project/data/yolo/bdd_src/images/83512788-3e762dbf.jpg,rain
/home/ps/Desktop/major_project/data/yolo/bdd_src/images/83512788-ac432624.jpg,fog
/home/ps/Desktop/major_project/data/yolo/bdd_src/images/83512788-eb0b434b.jpg,rain
/home/ps/Desktop/major_project/data/yolo/bdd_src/images/83574518-9d43c1fe.jpg,night
/home/ps/Desktop/major_project/data/yolo/bdd_src/images/8366c879-077c419e.jpg,rain
/home/ps/Desktop/major_project/data/yolo/bdd_src/images/83695728-451e72d4.jpg,rain
/home/ps/Desktop/major_project/data/yolo/bdd_src/images/83869b83-f9faf6b4.jpg,night
/home/ps/Desktop/major_project/data/yolo/bdd_src/images/8388f8c4-443fbfc6.jpg,rain
/home/ps/Desktop/major_project/data/yolo/bdd_src/images/83a1c205-b1e40bb4.jpg,night
/home/ps/Desktop/major_project/data/yolo/bdd_src/images/83a3ef4b-9e72764d.jpg,rain
/home/ps/Desktop/major_project/data/yolo/bdd_src/images/83aadddd-989f3a00.jpg,rain
/home/ps/Desktop/major_project/data/yolo/bdd_src/images/83c0d9de-e8da059a.jpg,snow
/home/ps/Desktop/major_project/data/yolo/bdd_src/images/83c42f9f-e0753c92.jpg,fog
/home/ps/Desktop/major_project/data/yolo/bdd_src/images/83c52d76-eb005c0e.jpg,fog
/home/ps/Desktop/major_project/data/yolo/bdd_src/images/83d5fe2c-bf59c509.jpg,night
/home/ps/Desktop/major_project/data/yolo/bdd_src/images/83e5c2da-5fcead44.jpg,snow
/home/ps/Desktop/major_project/data/yolo/bdd_src/images/83f6c772-dec64753.jpg,rain
/home/ps/Desktop/major_project/data/yolo/bdd_src/images/8405fc85-d51a1bc1.jpg,fog
/home/ps/Desktop/major_project/data/yolo/bdd_src/images/84180445-0f73d637.jpg,rain
/home/ps/Desktop/major_project/data/yolo/bdd_src/images/842c303b-f86e4d16.jpg,snow
/home/ps/Desktop/major_project/data/yolo/bdd_src/images/8439fd61-75bceae8.jpg,rain
/home/ps/Desktop/major_project/data/yolo/bdd_src/images/8443ec69-4df712c8.jpg,snow
/home/ps/Desktop/major_project/data/yolo/bdd_src/images/84487304-0f46105b.jpg,rain
/home/ps/Desktop/major_project/data/yolo/bdd_src/images/84487304-f09e01eb.jpg,night
/home/ps/Desktop/major_project/data/yolo/bdd_src/images/844a0ad8-6f4b08b9.jpg,rain
/home/ps/Desktop/major_project/data/yolo/bdd_src/images/845860a6-5cfd7b93.jpg,night
/home/ps/Desktop/major_project/data/yolo/bdd_src/images/8458980b-16905123.jpg,snow
/home/ps/Desktop/major_project/data/yolo/bdd_src/images/847c5cab-9b98efa3.jpg,fog
/home/ps/Desktop/major_project/data/yolo/bdd_src/images/84824644-777cd4ef.jpg,rain
/home/ps/Desktop/major_project/data/yolo/bdd_src/images/8485fe41-d2db3b16.jpg,night
/home/ps/Desktop/major_project/data/yolo/bdd_src/images/84902dd5-e233108d.jpg,snow
/home/ps/Desktop/major_project/data/yolo/bdd_src/images/849ea0e0-d5c860c1.jpg,snow
/home/ps/Desktop/major_project/data/yolo/bdd_src/images/84a270ad-87628383.jpg,snow
/home/ps/Desktop/major_project/data/yolo/bdd_src/images/84a9ef4d-576632de.jpg,rain
/home/ps/Desktop/major_project/data/yolo/bdd_src/images/84b2af36-0b8363b4.jpg,fog
/home/ps/Desktop/major_project/data/yolo/bdd_src/images/84c188a4-7bf31e73.jpg,fog
/home/ps/Desktop/major_project/data/yolo/bdd_src/images/84d7e0cf-84541699.jpg,rain
/home/ps/Desktop/major_project/data/yolo/bdd_src/images/84e05080-b2cdc8d6.jpg,rain
/home/ps/Desktop/major_project/data/yolo/bdd_src/images/84e0c6e5-219dc612.jpg,snow
/home/ps/Desktop/major_project/data/yolo/bdd_src/images/84e7d7dd-e85f20b3.jpg,fog
/home/ps/Desktop/major_project/data/yolo/bdd_src/images/84fb3f59-7d5d1fa4.jpg,snow
/home/ps/Desktop/major_project/data/yolo/bdd_src/images/850803f1-00c32c81.jpg,night
/home/ps/Desktop/major_project/data/yolo/bdd_src/images/850803f1-9dffda73.jpg,rain
/home/ps/Desktop/major_project/data/yolo/bdd_src/images/8518b93d-0ac9c1f0.jpg,snow
/home/ps/Desktop/major_project/data/yolo/bdd_src/images/851c3511-531549d0.jpg,night
/home/ps/Desktop/major_project/data/yolo/bdd_src/images/851cde9e-d5c2a668.jpg,night
/home/ps/Desktop/major_project/data/yolo/bdd_src/images/851ec515-961bffb4.jpg,fog
/home/ps/Desktop/major_project/data/yolo/bdd_src/images/851ec515-b872c629.jpg,night
/home/ps/Desktop/major_project/data/yolo/bdd_src/images/85226849-53900bd1.jpg,fog
/home/ps/Desktop/major_project/data/yolo/bdd_src/images/8542b4da-7795bcfd.jpg,night
/home/ps/Desktop/major_project/data/yolo/bdd_src/images/854ccddd-c7506979.jpg,rain
/home/ps/Desktop/major_project/data/yolo/bdd_src/images/8559346c-0b366968.jpg,fog
/home/ps/Desktop/major_project/data/yolo/bdd_src/images/856771d5-e51eaa9f.jpg,rain
/home/ps/Desktop/major_project/data/yolo/bdd_src/images/856a6468-656ff52a.jpg,fog
/home/ps/Desktop/major_project/data/yolo/bdd_src/images/8585f7d8-24702fca.jpg,snow
/home/ps/Desktop/major_project/data/yolo/bdd_src/images/85c01911-f9d9dc82.jpg,rain
/home/ps/Desktop/major_project/data/yolo/bdd_src/images/85c1913e-8d0f16ab.jpg,snow
/home/ps/Desktop/major_project/data/yolo/bdd_src/images/85daafec-aaeed534.jpg,snow
/home/ps/Desktop/major_project/data/yolo/bdd_src/images/85f3f250-1fef85ac.jpg,night
/home/ps/Desktop/major_project/data/yolo/bdd_src/images/85fce98e-957adca9.jpg,snow
/home/ps/Desktop/major_project/data/yolo/bdd_src/images/860528ea-be1ab811.jpg,night
/home/ps/Desktop/major_project/data/yolo/bdd_src/images/86177b54-ef9cfbb3.jpg,night
/home/ps/Desktop/major_project/data/yolo/bdd_src/images/862ad0c3-754ac2cc.jpg,night
/home/ps/Desktop/major_project/data/yolo/bdd_src/images/86333154-a403ead8.jpg,fog
/home/ps/Desktop/major_project/data/yolo/bdd_src/images/863c064e-28571271.jpg,snow
/home/ps/Desktop/major_project/data/yolo/bdd_src/images/8649225e-f3ba9f3e.jpg,snow
/home/ps/Desktop/major_project/data/yolo/bdd_src/images/864c2533-47ca58a4.jpg,night
/home/ps/Desktop/major_project/data/yolo/bdd_src/images/8656a6c2-a3d9e886.jpg,snow
/home/ps/Desktop/major_project/data/yolo/bdd_src/images/8656a6c2-aa8bb546.jpg,fog
/home/ps/Desktop/major_project/data/yolo/bdd_src/images/86639b76-bc053af6.jpg,snow
/home/ps/Desktop/major_project/data/yolo/bdd_src/images/86793a0b-290af675.jpg,snow
/home/ps/Desktop/major_project/data/yolo/bdd_src/images/867bb2e6-9772a496.jpg,fog
/home/ps/Desktop/major_project/data/yolo/bdd_src/images/8689c2d9-02c9a42b.jpg,night
/home/ps/Desktop/major_project/data/yolo/bdd_src/images/868dd945-ea7428ee.jpg,rain
/home/ps/Desktop/major_project/data/yolo/bdd_src/images/869dcf66-002fda5d.jpg,night
/home/ps/Desktop/major_project/data/yolo/bdd_src/images/86aaf7be-856d7e0d.jpg,fog
/home/ps/Desktop/major_project/data/yolo/bdd_src/images/86d317b5-9e7869e2.jpg,night
/home/ps/Desktop/major_project/data/yolo/bdd_src/images/86d6a649-6b99151d.jpg,rain
/home/ps/Desktop/major_project/data/yolo/bdd_src/images/86d6a649-d9480759.jpg,snow
/home/ps/Desktop/major_project/data/yolo/bdd_src/images/86da2e87-401dcd10.jpg,snow
/home/ps/Desktop/major_project/data/yolo/bdd_src/images/86e2e1c6-86de8a91.jpg,night
/home/ps/Desktop/major_project/data/yolo/bdd_src/images/86e7cdad-50ed0d50.jpg,snow
/home/ps/Desktop/major_project/data/yolo/bdd_src/images/86f46576-16a333b5.jpg,rain
/home/ps/Desktop/major_project/data/yolo/bdd_src/images/86f54b9c-d5b44dca.jpg,snow
/home/ps/Desktop/major_project/data/yolo/bdd_src/images/86f8b1ef-ea932966.jpg,rain
/home/ps/Desktop/major_project/data/yolo/bdd_src/images/86fd8400-b1630635.jpg,snow
/home/ps/Desktop/major_project/data/yolo/bdd_src/images/8702477e-26c38e97.jpg,fog
/home/ps/Desktop/major_project/data/yolo/bdd_src/images/8702477e-30c2c26a.jpg,night
/home/ps/Desktop/major_project/data/yolo/bdd_src/images/870e4678-c220faad.jpg,snow
/home/ps/Desktop/major_project/data/yolo/bdd_src/images/87154a3d-11f2446a.jpg,night
/home/ps/Desktop/major_project/data/yolo/bdd_src/images/87154a3d-2619a56f.jpg,rain
/home/ps/Desktop/major_project/data/yolo/bdd_src/images/87154a3d-5fc9b5f6.jpg,fog
/home/ps/Desktop/major_project/data/yolo/bdd_src/images/872b83f1-12137e15.jpg,rain
/home/ps/Desktop/major_project/data/yolo/bdd_src/images/872b83f1-213782f7.jpg,rain
/home/ps/Desktop/major_project/data/yolo/bdd_src/images/872ea1b5-763d5052.jpg,snow
/home/ps/Desktop/major_project/data/yolo/bdd_src/images/87329ed3-99aace70.jpg,rain
/home/ps/Desktop/major_project/data/yolo/bdd_src/images/873372bd-73c8cfa0.jpg,night
/home/ps/Desktop/major_project/data/yolo/bdd_src/images/873d2ac9-fbb81954.jpg,rain
/home/ps/Desktop/major_project/data/yolo/bdd_src/images/873f400a-da83d83c.jpg,snow
/home/ps/Desktop/major_project/data/yolo/bdd_src/images/8743c909-8d298495.jpg,rain
/home/ps/Desktop/major_project/data/yolo/bdd_src/images/8768f495-19d85f03.jpg,night
/home/ps/Desktop/major_project/data/yolo/bdd_src/images/87971fc7-49174e5e.jpg,night
/home/ps/Desktop/major_project/data/yolo/bdd_src/images/87a4d126-a3e62ea3.jpg,rain
/home/ps/Desktop/major_project/data/yolo/bdd_src/images/87a73b0c-dd8062fb.jpg,snow
/home/ps/Desktop/major_project/data/yolo/bdd_src/images/87a9cad2-69da29c5.jpg,rain
/home/ps/Desktop/major_project/data/yolo/bdd_src/images/87ac2328-d9fe5c8c.jpg,night
/home/ps/Desktop/major_project/data/yolo/bdd_src/images/87afa57c-8c7f2b60.jpg,snow
/home/ps/Desktop/major_project/data/yolo/bdd_src/images/87b2d081-4dd35e4e.jpg,rain
/home/ps/Desktop/major_project/data/yolo/bdd_src/images/87b5bbd7-cf0ddfd9.jpg,fog
/home/ps/Desktop/major_project/data/yolo/bdd_src/images/87b7276c-6d171908.jpg,rain
/home/ps/Desktop/major_project/data/yolo/bdd_src/images/87c4cb4c-6b38a19b.jpg,snow
/home/ps/Desktop/major_project/data/yolo/bdd_src/images/87ca2979-d5158824.jpg,fog
/home/ps/Desktop/major_project/data/yolo/bdd_src/images/87d42b30-f2b73db3.jpg,snow
/home/ps/Desktop/major_project/data/yolo/bdd_src/images/87d44cb4-029179aa.jpg,night
/home/ps/Desktop/major_project/data/yolo/bdd_src/images/87e78191-2ee8bd68.jpg,fog
/home/ps/Desktop/major_project/data/yolo/bdd_src/images/87e78191-51478b69.jpg,fog
/home/ps/Desktop/major_project/data/yolo/bdd_src/images/87eaa854-78a6c10c.jpg,rain
/home/ps/Desktop/major_project/data/yolo/bdd_src/images/88047d0f-72b2c778.jpg,night
/home/ps/Desktop/major_project/data/yolo/bdd_src/images/88047d0f-a0969c8e.jpg,night
/home/ps/Desktop/major_project/data/yolo/bdd_src/images/8809e525-11741788.jpg,rain
/home/ps/Desktop/major_project/data/yolo/bdd_src/images/880b90ec-54a3e2a2.jpg,snow
/home/ps/Desktop/major_project/data/yolo/bdd_src/images/880b90ec-60467a7b.jpg,rain
/home/ps/Desktop/major_project/data/yolo/bdd_src/images/880b90ec-e1cda357.jpg,snow
/home/ps/Desktop/major_project/data/yolo/bdd_src/images/880e73c5-4ddd5f69.jpg,rain
/home/ps/Desktop/major_project/data/yolo/bdd_src/images/881a4fa1-1a343a5e.jpg,snow
/home/ps/Desktop/major_project/data/yolo/bdd_src/images/881a4fa1-e5ad574a.jpg,rain
/home/ps/Desktop/major_project/data/yolo/bdd_src/images/881a4fa1-ef8c0bb8.jpg,snow
/home/ps/Desktop/major_project/data/yolo/bdd_src/images/881c4506-91dcce46.jpg,fog
/home/ps/Desktop/major_project/data/yolo/bdd_src/images/881f5a59-44ef8d5c.jpg,fog
/home/ps/Desktop/major_project/data/yolo/bdd_src/images/8835d05a-69376dab.jpg,snow
/home/ps/Desktop/major_project/data/yolo/bdd_src/images/88388cd7-c60ecb85.jpg,night
/home/ps/Desktop/major_project/data/yolo/bdd_src/images/884f77c4-fb50d9bf.jpg,night
/home/ps/Desktop/major_project/data/yolo/bdd_src/images/8850acb9-03c9e294.jpg,rain
/home/ps/Desktop/major_project/data/yolo/bdd_src/images/8874a969-c4cda5fe.jpg,rain
/home/ps/Desktop/major_project/data/yolo/bdd_src/images/8876ca6b-874bfb1e.jpg,fog
/home/ps/Desktop/major_project/data/yolo/bdd_src/images/887c925b-c27d9a8e.jpg,night
/home/ps/Desktop/major_project/data/yolo/bdd_src/images/888dc3ca-2efc940f.jpg,fog
/home/ps/Desktop/major_project/data/yolo/bdd_src/images/8893e4e4-bcd97668.jpg,rain
/home/ps/Desktop/major_project/data/yolo/bdd_src/images/88a38f22-eea47da3.jpg,fog
/home/ps/Desktop/major_project/data/yolo/bdd_src/images/88a45b78-c6f0adfc.jpg,rain
/home/ps/Desktop/major_project/data/yolo/bdd_src/images/88a6d56b-106f564d.jpg,fog
/home/ps/Desktop/major_project/data/yolo/bdd_src/images/88b2e487-bc7c616b.jpg,night
/home/ps/Desktop/major_project/data/yolo/bdd_src/images/88b6fbc3-f623c854.jpg,rain
/home/ps/Desktop/major_project/data/yolo/bdd_src/images/88c5daf5-110311b5.jpg,rain
/home/ps/Desktop/major_project/data/yolo/bdd_src/images/88ceb23f-e2764808.jpg,night
/home/ps/Desktop/major_project/data/yolo/bdd_src/images/88d4fc0c-16cb298e.jpg,snow
/home/ps/Desktop/major_project/data/yolo/bdd_src/images/88da1fa7-14f94ed8.jpg,snow
/home/ps/Desktop/major_project/data/yolo/bdd_src/images/88dc9beb-61bea009.jpg,fog
/home/ps/Desktop/major_project/data/yolo/bdd_src/images/88de28a3-16a9e11f.jpg,snow
/home/ps/Desktop/major_project/data/yolo/bdd_src/images/88de5599-0975120b.jpg,snow
/home/ps/Desktop/major_project/data/yolo/bdd_src/images/88e9e61a-3ad4350e.jpg,fog
/home/ps/Desktop/major_project/data/yolo/bdd_src/images/88f13e5b-e6dd267d.jpg,fog
/home/ps/Desktop/major_project/data/yolo/bdd_src/images/88fdad33-02dba1d1.jpg,fog
/home/ps/Desktop/major_project/data/yolo/bdd_src/images/891cc17c-319ca69a.jpg,rain
/home/ps/Desktop/major_project/data/yolo/bdd_src/images/8922a94c-1a2634ea.jpg,fog
/home/ps/Desktop/major_project/data/yolo/bdd_src/images/892b0c5c-eb89290b.jpg,rain
/home/ps/Desktop/major_project/data/yolo/bdd_src/images/893b4eb1-53d72dfa.jpg,snow
/home/ps/Desktop/major_project/data/yolo/bdd_src/images/894c7dde-2bd00ccd.jpg,fog
/home/ps/Desktop/major_project/data/yolo/bdd_src/images/894c7dde-a68fa159.jpg,night
/home/ps/Desktop/major_project/data/yolo/bdd_src/images/894c7dde-fa4830b6.jpg,rain
/home/ps/Desktop/major_project/data/yolo/bdd_src/images/8962cc60-987c45b1.jpg,rain
/home/ps/Desktop/major_project/data/yolo/bdd_src/images/896a625b-1177730f.jpg,night
/home/ps/Desktop/major_project/data/yolo/bdd_src/images/896deb61-57653ca9.jpg,fog
/home/ps/Desktop/major_project/data/yolo/bdd_src/images/8979e7c7-abb00726.jpg,fog
/home/ps/Desktop/major_project/data/yolo/bdd_src/images/898f15dd-8f3da606.jpg,night
/home/ps/Desktop/major_project/data/yolo/bdd_src/images/8991f623-dcc1ccea.jpg,snow
/home/ps/Desktop/major_project/data/yolo/bdd_src/images/8995ce22-b46b17e3.jpg,fog
/home/ps/Desktop/major_project/data/yolo/bdd_src/images/89b67f3f-5e6193d2.jpg,rain
/home/ps/Desktop/major_project/data/yolo/bdd_src/images/89bdbd0d-01b2ba5a.jpg,snow
/home/ps/Desktop/major_project/data/yolo/bdd_src/images/89bdd673-a18eac5a.jpg,fog
/home/ps/Desktop/major_project/data/yolo/bdd_src/images/89c0966e-71d32dc0.jpg,rain
/home/ps/Desktop/major_project/data/yolo/bdd_src/images/89cb46c1-c4de346d.jpg,night
/home/ps/Desktop/major_project/data/yolo/bdd_src/images/89d835fa-1e86fc46.jpg,rain
/home/ps/Desktop/major_project/data/yolo/bdd_src/images/89e85e71-c7136b85.jpg,rain
/home/ps/Desktop/major_project/data/yolo/bdd_src/images/8a067c4a-f0c2e166.jpg,snow
/home/ps/Desktop/major_project/data/yolo/bdd_src/images/8a0bccd7-794a9942.jpg,rain
/home/ps/Desktop/major_project/data/yolo/bdd_src/images/8a0d4791-1485e33b.jpg,night
/home/ps/Desktop/major_project/data/yolo/bdd_src/images/8a0f8a0f-670d637f.jpg,night
/home/ps/Desktop/major_project/data/yolo/bdd_src/images/8a1abbf6-b5967f18.jpg,fog
/home/ps/Desktop/major_project/data/yolo/bdd_src/images/8a1abbf6-dc76b55a.jpg,snow
/home/ps/Desktop/major_project/data/yolo/bdd_src/images/8a1d971c-a9f0a292.jpg,night
/home/ps/Desktop/major_project/data/yolo/bdd_src/images/8a1ed05b-02602e04.jpg,fog
/home/ps/Desktop/major_project/data/yolo/bdd_src/images/8a1ed05b-31f9e97a.jpg,rain
/home/ps/Desktop/major_project/data/yolo/bdd_src/images/8a1f7973-698576a8.jpg,rain
/home/ps/Desktop/major_project/data/yolo/bdd_src/images/8a2a8122-7c0e3a9a.jpg,rain
/home/ps/Desktop/major_project/data/yolo/bdd_src/images/8a2a8122-f17e6236.jpg,snow
/home/ps/Desktop/major_project/data/yolo/bdd_src/images/8a406cf4-e50c62ef.jpg,fog
/home/ps/Desktop/major_project/data/yolo/bdd_src/images/8a4df1d9-58cc5476.jpg,rain
/home/ps/Desktop/major_project/data/yolo/bdd_src/images/8a505c83-a0e7bebc.jpg,night
/home/ps/Desktop/major_project/data/yolo/bdd_src/images/8a5c3bbb-06aaa696.jpg,snow
/home/ps/Desktop/major_project/data/yolo/bdd_src/images/8a714c14-d78290cd.jpg,snow
/home/ps/Desktop/major_project/data/yolo/bdd_src/images/8a76c101-57353290.jpg,night
/home/ps/Desktop/major_project/data/yolo/bdd_src/images/8a76c101-6b7e32b6.jpg,snow
/home/ps/Desktop/major_project/data/yolo/bdd_src/images/8a76c101-e8b6e91e.jpg,fog
/home/ps/Desktop/major_project/data/yolo/bdd_src/images/8a783082-e46360fb.jpg,snow
/home/ps/Desktop/major_project/data/yolo/bdd_src/images/8a83fa13-0df988c5.jpg,snow
/home/ps/Desktop/major_project/data/yolo/bdd_src/images/8a8fbec8-b5910354.jpg,fog
/home/ps/Desktop/major_project/data/yolo/bdd_src/images/8aad49c0-30534a3f.jpg,fog
/home/ps/Desktop/major_project/data/yolo/bdd_src/images/8aafea16-b8dcc17b.jpg,night
/home/ps/Desktop/major_project/data/yolo/bdd_src/images/8ab55ec6-fc6c2651.jpg,fog
/home/ps/Desktop/major_project/data/yolo/bdd_src/images/8ab9f666-50857a3f.jpg,night
/home/ps/Desktop/major_project/data/yolo/bdd_src/images/8ac0c658-3605ad58.jpg,night
/home/ps/Desktop/major_project/data/yolo/bdd_src/images/8ac0c658-872dcdfd.jpg,fog
/home/ps/Desktop/major_project/data/yolo/bdd_src/images/8ac0c658-e713639c.jpg,rain
/home/ps/Desktop/major_project/data/yolo/bdd_src/images/8ad0b480-0a95e1a1.jpg,rain
/home/ps/Desktop/major_project/data/yolo/bdd_src/images/8ad12e72-76ba6717.jpg,fog
/home/ps/Desktop/major_project/data/yolo/bdd_src/images/8ad2994f-4e8f61a8.jpg,snow
/home/ps/Desktop/major_project/data/yolo/bdd_src/images/8ad6ba78-f3054df8.jpg,fog
/home/ps/Desktop/major_project/data/yolo/bdd_src/images/8ade721e-1f545f16.jpg,snow
/home/ps/Desktop/major_project/data/yolo/bdd_src/images/8aefd76e-30976828.jpg,fog
/home/ps/Desktop/major_project/data/yolo/bdd_src/images/8b073604-29ca0003.jpg,fog
/home/ps/Desktop/major_project/data/yolo/bdd_src/images/8b0c485a-2bb4aacd.jpg,snow
/home/ps/Desktop/major_project/data/yolo/bdd_src/images/8b18db7e-06df1e7d.jpg,snow
/home/ps/Desktop/major_project/data/yolo/bdd_src/images/8b1b04c3-03c46dd3.jpg,night
/home/ps/Desktop/major_project/data/yolo/bdd_src/images/8b2d3a2b-1ce89c3f.jpg,snow
/home/ps/Desktop/major_project/data/yolo/bdd_src/images/8b3bac6d-1e343ce3.jpg,night
/home/ps/Desktop/major_project/data/yolo/bdd_src/images/8b46b3b8-3c4e270c.jpg,snow
/home/ps/Desktop/major_project/data/yolo/bdd_src/images/8b5557f4-c9592e42.jpg,rain
/home/ps/Desktop/major_project/data/yolo/bdd_src/images/8b61001f-e3c77b3e.jpg,snow
/home/ps/Desktop/major_project/data/yolo/bdd_src/images/8b61001f-f9bad05d.jpg,snow
/home/ps/Desktop/major_project/data/yolo/bdd_src/images/8b641aca-47242e8e.jpg,night
/home/ps/Desktop/major_project/data/yolo/bdd_src/images/8b692650-17c945d5.jpg,night
/home/ps/Desktop/major_project/data/yolo/bdd_src/images/8b6d9060-d4a6a089.jpg,rain
/home/ps/Desktop/major_project/data/yolo/bdd_src/images/8b7bf29f-f8c26a52.jpg,fog
/home/ps/Desktop/major_project/data/yolo/bdd_src/images/8b7d7d56-a3fdf39d.jpg,fog
/home/ps/Desktop/major_project/data/yolo/bdd_src/images/8b82c600-138f94fe.jpg,rain
/home/ps/Desktop/major_project/data/yolo/bdd_src/images/8b82ef34-bc622b72.jpg,rain
/home/ps/Desktop/major_project/data/yolo/bdd_src/images/8b91dc0c-a27e109c.jpg,night
/home/ps/Desktop/major_project/data/yolo/bdd_src/images/8b9a941a-16cdeb84.jpg,snow
/home/ps/Desktop/major_project/data/yolo/bdd_src/images/8ba6e51d-023f1c05.jpg,night
/home/ps/Desktop/major_project/data/yolo/bdd_src/images/8babfc5a-fce33f53.jpg,rain
/home/ps/Desktop/major_project/data/yolo/bdd_src/images/8bae633d-f0269797.jpg,fog
/home/ps/Desktop/major_project/data/yolo/bdd_src/images/8bce5963-8984202d.jpg,snow
/home/ps/Desktop/major_project/data/yolo/bdd_src/images/8bd01ecb-ec27f1b8.jpg,snow
/home/ps/Desktop/major_project/data/yolo/bdd_src/images/8bda2710-c4d51758.jpg,rain
/home/ps/Desktop/major_project/data/yolo/bdd_src/images/8be466e2-e04311c7.jpg,night
/home/ps/Desktop/major_project/data/yolo/bdd_src/images/8be88685-3bd93faf.jpg,night
/home/ps/Desktop/major_project/data/yolo/bdd_src/images/8be92768-498ea704.jpg,rain
/home/ps/Desktop/major_project/data/yolo/bdd_src/images/8bfe3b5c-b07f2503.jpg,rain
/home/ps/Desktop/major_project/data/yolo/bdd_src/images/8c0d2da5-932de7fb.jpg,fog
/home/ps/Desktop/major_project/data/yolo/bdd_src/images/8c17b25a-a533da0b.jpg,snow
/home/ps/Desktop/major_project/data/yolo/bdd_src/images/8c17b25a-d8eafe62.jpg,rain
/home/ps/Desktop/major_project/data/yolo/bdd_src/images/8c1d0f34-114dfec8.jpg,fog
/home/ps/Desktop/major_project/data/yolo/bdd_src/images/8c1ddd91-8969757e.jpg,night
/home/ps/Desktop/major_project/data/yolo/bdd_src/images/8c2ca288-06e4e782.jpg,fog
/home/ps/Desktop/major_project/data/yolo/bdd_src/images/8c3dcd3b-b8dcf521.jpg,snow
/home/ps/Desktop/major_project/data/yolo/bdd_src/images/8c485eaf-4df45352.jpg,rain
/home/ps/Desktop/major_project/data/yolo/bdd_src/images/8c638195-9aafd96a.jpg,snow
/home/ps/Desktop/major_project/data/yolo/bdd_src/images/8c6b2c03-39016341.jpg,snow
/home/ps/Desktop/major_project/data/yolo/bdd_src/images/8c6b2c03-9e98f97f.jpg,rain
/home/ps/Desktop/major_project/data/yolo/bdd_src/images/8c6d5b0c-6909d5c2.jpg,fog
/home/ps/Desktop/major_project/data/yolo/bdd_src/images/8c6df755-9a142721.jpg,rain
/home/ps/Desktop/major_project/data/yolo/bdd_src/images/8c6fd3b8-d5be6b3b.jpg,night
/home/ps/Desktop/major_project/data/yolo/bdd_src/images/8c7a80b1-6b2c1bcc.jpg,snow
/home/ps/Desktop/major_project/data/yolo/bdd_src/images/8c7a80b1-aecda545.jpg,night
/home/ps/Desktop/major_project/data/yolo/bdd_src/images/8c812bb3-8ba9dcf3.jpg,fog
/home/ps/Desktop/major_project/data/yolo/bdd_src/images/8c94c649-8ba62efa.jpg,fog
/home/ps/Desktop/major_project/data/yolo/bdd_src/images/8cb2defc-2dd6b829.jpg,night
/home/ps/Desktop/major_project/data/yolo/bdd_src/images/8cb2defc-33cc77fa.jpg,rain
/home/ps/Desktop/major_project/data/yolo/bdd_src/images/8cb2defc-81d92b6d.jpg,night
/home/ps/Desktop/major_project/data/yolo/bdd_src/images/8cc120a4-5b8aca91.jpg,fog
/home/ps/Desktop/major_project/data/yolo/bdd_src/images/8cd0a10f-a42d23ec.jpg,snow
/home/ps/Desktop/major_project/data/yolo/bdd_src/images/8cd90c7a-9fb09e1e.jpg,night
/home/ps/Desktop/major_project/data/yolo/bdd_src/images/8cd9ece3-d727cc99.jpg,fog
/home/ps/Desktop/major_project/data/yolo/bdd_src/images/8cdcf558-cd89e199.jpg,night
/home/ps/Desktop/major_project/data/yolo/bdd_src/images/8cde44cb-6449b126.jpg,fog
/home/ps/Desktop/major_project/data/yolo/bdd_src/images/8ce4047d-4b8b9f5f.jpg,rain
/home/ps/Desktop/major_project/data/yolo/bdd_src/images/8ce7a074-3c8c8de0.jpg,rain
/home/ps/Desktop/major_project/data/yolo/bdd_src/images/8cf4b477-3e84afbd.jpg,rain
/home/ps/Desktop/major_project/data/yolo/bdd_src/images/8cf4c763-ee5dfbd4.jpg,night
/home/ps/Desktop/major_project/data/yolo/bdd_src/images/8cf81839-2c6483ba.jpg,night
/home/ps/Desktop/major_project/data/yolo/bdd_src/images/8d23924b-dc01750b.jpg,night
/home/ps/Desktop/major_project/data/yolo/bdd_src/images/8d26fb2d-48030a72.jpg,night
/home/ps/Desktop/major_project/data/yolo/bdd_src/images/8d35a141-2772cb64.jpg,fog
/home/ps/Desktop/major_project/data/yolo/bdd_src/images/8d3b4a1a-47f2196b.jpg,rain
/home/ps/Desktop/major_project/data/yolo/bdd_src/images/8d3cc47e-a78cf265.jpg,rain
/home/ps/Desktop/major_project/data/yolo/bdd_src/images/8d650dac-398eaea9.jpg,fog
/home/ps/Desktop/major_project/data/yolo/bdd_src/images/8d7118da-72369496.jpg,fog
/home/ps/Desktop/major_project/data/yolo/bdd_src/images/8d7f3ede-bbc14542.jpg,night
/home/ps/Desktop/major_project/data/yolo/bdd_src/images/8d80ec01-d47fcb5c.jpg,fog
/home/ps/Desktop/major_project/data/yolo/bdd_src/images/8d929e39-149d2868.jpg,snow
/home/ps/Desktop/major_project/data/yolo/bdd_src/images/8d9fc9a6-9486341b.jpg,night
/home/ps/Desktop/major_project/data/yolo/bdd_src/images/8da3b274-9dce20c5.jpg,fog
/home/ps/Desktop/major_project/data/yolo/bdd_src/images/8dab29d7-2aafc217.jpg,snow
/home/ps/Desktop/major_project/data/yolo/bdd_src/images/8dacce2d-7310ed9a.jpg,rain
/home/ps/Desktop/major_project/data/yolo/bdd_src/images/8db11c21-1d77e5c1.jpg,snow
/home/ps/Desktop/major_project/data/yolo/bdd_src/images/8db7b720-c59e9d62.jpg,rain
/home/ps/Desktop/major_project/data/yolo/bdd_src/images/8db7b720-c88efb2c.jpg,rain
/home/ps/Desktop/major_project/data/yolo/bdd_src/images/8dbb49b4-1b044aba.jpg,rain
/home/ps/Desktop/major_project/data/yolo/bdd_src/images/8dbb49b4-5ac68c54.jpg,snow
/home/ps/Desktop/major_project/data/yolo/bdd_src/images/8dc32663-4c24c476.jpg,night
/home/ps/Desktop/major_project/data/yolo/bdd_src/images/8dd26be9-386fb3ae.jpg,snow
/home/ps/Desktop/major_project/data/yolo/bdd_src/images/8dd58869-09922e83.jpg,snow
/home/ps/Desktop/major_project/data/yolo/bdd_src/images/8dd64983-04ef33a4.jpg,rain
/home/ps/Desktop/major_project/data/yolo/bdd_src/images/8dd64983-f674844c.jpg,snow
/home/ps/Desktop/major_project/data/yolo/bdd_src/images/8ddfe1d6-77c03469.jpg,fog
/home/ps/Desktop/major_project/data/yolo/bdd_src/images/8de3e9e4-90721d99.jpg,fog
/home/ps/Desktop/major_project/data/yolo/bdd_src/images/8de54ae5-34beb210.jpg,night
/home/ps/Desktop/major_project/data/yolo/bdd_src/images/8e07e110-437e9443.jpg,rain
/home/ps/Desktop/major_project/data/yolo/bdd_src/images/8e0bea8d-61e3c83e.jpg,rain
/home/ps/Desktop/major_project/data/yolo/bdd_src/images/8e1c1ab0-a8b92173.jpg,snow
/home/ps/Desktop/major_project/data/yolo/bdd_src/images/8e3b268a-34de0b60.jpg,fog
/home/ps/Desktop/major_project/data/yolo/bdd_src/images/8e407769-beed2270.jpg,rain
/home/ps/Desktop/major_project/data/yolo/bdd_src/images/8e4663f1-d1f82904.jpg,fog
/home/ps/Desktop/major_project/data/yolo/bdd_src/images/8e52679a-cfce4373.jpg,fog
/home/ps/Desktop/major_project/data/yolo/bdd_src/images/8e5a797f-fb420be1.jpg,snow
/home/ps/Desktop/major_project/data/yolo/bdd_src/images/8e5cc220-f182a9b3.jpg,snow
/home/ps/Desktop/major_project/data/yolo/bdd_src/images/8e6792b4-38927ae9.jpg,snow
/home/ps/Desktop/major_project/data/yolo/bdd_src/images/8e6e0e33-0e05ed0f.jpg,fog
/home/ps/Desktop/major_project/data/yolo/bdd_src/images/8e720571-0f24faec.jpg,snow
/home/ps/Desktop/major_project/data/yolo/bdd_src/images/8e720571-e235f1ad.jpg,snow
/home/ps/Desktop/major_project/data/yolo/bdd_src/images/8e74dd69-818e5f04.jpg,fog
/home/ps/Desktop/major_project/data/yolo/bdd_src/images/8e8cb8c7-3dbc4ca5.jpg,snow
/home/ps/Desktop/major_project/data/yolo/bdd_src/images/8eb4d5bd-998b344b.jpg,fog
/home/ps/Desktop/major_project/data/yolo/bdd_src/images/8ebc3b09-04c4802f.jpg,night
/home/ps/Desktop/major_project/data/yolo/bdd_src/images/8ebc3b09-d8d4a63b.jpg,rain
/home/ps/Desktop/major_project/data/yolo/bdd_src/images/8ebfcc32-4b09493c.jpg,snow
/home/ps/Desktop/major_project/data/yolo/bdd_src/images/8ec65ed8-2d203cad.jpg,night
/home/ps/Desktop/major_project/data/yolo/bdd_src/images/8ec75b00-401f29e2.jpg,snow
/home/ps/Desktop/major_project/data/yolo/bdd_src/images/8ecc346a-9ece468b.jpg,rain
/home/ps/Desktop/major_project/data/yolo/bdd_src/images/8ed43a59-172c60c2.jpg,night
/home/ps/Desktop/major_project/data/yolo/bdd_src/images/8edb2ec9-fd0226f5.jpg,snow
/home/ps/Desktop/major_project/data/yolo/bdd_src/images/8ee01265-24965d99.jpg,night
/home/ps/Desktop/major_project/data/yolo/bdd_src/images/8ee48b61-9be0aba8.jpg,night
/home/ps/Desktop/major_project/data/yolo/bdd_src/images/8ef34dd0-2482546a.jpg,fog
/home/ps/Desktop/major_project/data/yolo/bdd_src/images/8f051921-acdb1a45.jpg,rain
/home/ps/Desktop/major_project/data/yolo/bdd_src/images/8f06ace8-09d1d47f.jpg,snow
/home/ps/Desktop/major_project/data/yolo/bdd_src/images/8f06ace8-f77f1bc4.jpg,fog
/home/ps/Desktop/major_project/data/yolo/bdd_src/images/8f12ed4a-87266067.jpg,night
/home/ps/Desktop/major_project/data/yolo/bdd_src/images/8f1da177-1b558e18.jpg,rain
/home/ps/Desktop/major_project/data/yolo/bdd_src/images/8f1ea5b7-32d1748a.jpg,fog
/home/ps/Desktop/major_project/data/yolo/bdd_src/images/8f351ff9-f4e6c7c9.jpg,snow
/home/ps/Desktop/major_project/data/yolo/bdd_src/images/8f38d164-da3eb677.jpg,fog
/home/ps/Desktop/major_project/data/yolo/bdd_src/images/8f7e14b7-340864b2.jpg,rain
/home/ps/Desktop/major_project/data/yolo/bdd_src/images/8f8358e5-792227ec.jpg,snow
/home/ps/Desktop/major_project/data/yolo/bdd_src/images/8f8363ac-af425014.jpg,night
/home/ps/Desktop/major_project/data/yolo/bdd_src/images/8f86a3ed-8c368fc2.jpg,fog
/home/ps/Desktop/major_project/data/yolo/bdd_src/images/8f8a184f-55b9f6ea.jpg,rain
/home/ps/Desktop/major_project/data/yolo/bdd_src/images/8f8a184f-f3e266c2.jpg,fog
/home/ps/Desktop/major_project/data/yolo/bdd_src/images/8f90ab17-3bec81e0.jpg,snow
/home/ps/Desktop/major_project/data/yolo/bdd_src/images/8f950c0f-6e4c9a4d.jpg,night
/home/ps/Desktop/major_project/data/yolo/bdd_src/images/8f9a82d7-55b5e7a3.jpg,rain
/home/ps/Desktop/major_project/data/yolo/bdd_src/images/8fb57a8a-54e58dae.jpg,snow
/home/ps/Desktop/major_project/data/yolo/bdd_src/images/8fc61448-74f819ab.jpg,fog
/home/ps/Desktop/major_project/data/yolo/bdd_src/images/8fc81738-9cab5f4a.jpg,rain
/home/ps/Desktop/major_project/data/yolo/bdd_src/images/8fc9a361-be61a7dc.jpg,snow
/home/ps/Desktop/major_project/data/yolo/bdd_src/images/8fd334d8-97765f73.jpg,fog
/home/ps/Desktop/major_project/data/yolo/bdd_src/images/8fd77a88-90f29c9d.jpg,snow
/home/ps/Desktop/major_project/data/yolo/bdd_src/images/8fd7fcab-f5ca9540.jpg,fog
/home/ps/Desktop/major_project/data/yolo/bdd_src/images/8ff99869-f738dfd5.jpg,fog
/home/ps/Desktop/major_project/data/yolo/bdd_src/images/8ffcda2b-cdbafcdf.jpg,rain
/home/ps/Desktop/major_project/data/yolo/bdd_src/images/9000ac43-24047b50.jpg,snow
/home/ps/Desktop/major_project/data/yolo/bdd_src/images/9010f21b-69bc571d.jpg,rain
/home/ps/Desktop/major_project/data/yolo/bdd_src/images/9010f21b-c74cdacf.jpg,night
/home/ps/Desktop/major_project/data/yolo/bdd_src/images/901a2533-0620dc4b.jpg,night
/home/ps/Desktop/major_project/data/yolo/bdd_src/images/901a2533-9bf053e6.jpg,snow
/home/ps/Desktop/major_project/data/yolo/bdd_src/images/901a2533-e05e6df4.jpg,rain
/home/ps/Desktop/major_project/data/yolo/bdd_src/images/901a6f06-fd3e5fc1.jpg,snow
/home/ps/Desktop/major_project/data/yolo/bdd_src/images/902a5690-9c1bddf3.jpg,fog
/home/ps/Desktop/major_project/data/yolo/bdd_src/images/902c76f4-4e2925c6.jpg,rain
/home/ps/Desktop/major_project/data/yolo/bdd_src/images/903d9c5a-73fc88d4.jpg,snow
/home/ps/Desktop/major_project/data/yolo/bdd_src/images/903fb008-20f3e244.jpg,snow
/home/ps/Desktop/major_project/data/yolo/bdd_src/images/9040ae04-ab6ede7f.jpg,fog
/home/ps/Desktop/major_project/data/yolo/bdd_src/images/9045dc3b-c9cc0a16.jpg,night
/home/ps/Desktop/major_project/data/yolo/bdd_src/images/905143ee-ea3daa73.jpg,fog
/home/ps/Desktop/major_project/data/yolo/bdd_src/images/905cc034-d0c09ae5.jpg,snow
/home/ps/Desktop/major_project/data/yolo/bdd_src/images/905f2f88-d0e08e72.jpg,night
/home/ps/Desktop/major_project/data/yolo/bdd_src/images/906eec9d-3a4db6c5.jpg,night
/home/ps/Desktop/major_project/data/yolo/bdd_src/images/9077462b-44cc7438.jpg,snow
/home/ps/Desktop/major_project/data/yolo/bdd_src/images/907f1b0c-a21322f7.jpg,night
/home/ps/Desktop/major_project/data/yolo/bdd_src/images/907fdc98-1cd12c60.jpg,rain
/home/ps/Desktop/major_project/data/yolo/bdd_src/images/907fdc98-6c6e5c80.jpg,night
/home/ps/Desktop/major_project/data/yolo/bdd_src/images/907fdc98-9637e47c.jpg,night
/home/ps/Desktop/major_project/data/yolo/bdd_src/images/908545b7-17637cec.jpg,snow
/home/ps/Desktop/major_project/data/yolo/bdd_src/images/909914a0-49c98221.jpg,rain
/home/ps/Desktop/major_project/data/yolo/bdd_src/images/909b2ebc-24d6232a.jpg,fog
/home/ps/Desktop/major_project/data/yolo/bdd_src/images/909b2ebc-a12fe289.jpg,night
/home/ps/Desktop/major_project/data/yolo/bdd_src/images/909df176-2524695a.jpg,rain
/home/ps/Desktop/major_project/data/yolo/bdd_src/images/90a5f0ef-dfbf201f.jpg,night
/home/ps/Desktop/major_project/data/yolo/bdd_src/images/90babca7-6bd4642d.jpg,rain
/home/ps/Desktop/major_project/data/yolo/bdd_src/images/90bbabce-29548262.jpg,rain
/home/ps/Desktop/major_project/data/yolo/bdd_src/images/90c02206-59ed7acb.jpg,snow
/home/ps/Desktop/major_project/data/yolo/bdd_src/images/90c02206-cc271603.jpg,snow
/home/ps/Desktop/major_project/data/yolo/bdd_src/images/90c5e21c-d1eb48f7.jpg,rain
/home/ps/Desktop/major_project/data/yolo/bdd_src/images/90c68952-85fea513.jpg,fog
/home/ps/Desktop/major_project/data/yolo/bdd_src/images/90c9a34e-9a0830a4.jpg,snow
/home/ps/Desktop/major_project/data/yolo/bdd_src/images/90d6f856-c06fb984.jpg,fog
/home/ps/Desktop/major_project/data/yolo/bdd_src/images/90ddce5d-79b881f3.jpg,night
/home/ps/Desktop/major_project/data/yolo/bdd_src/images/90e719a7-69852ea6.jpg,snow
/home/ps/Desktop/major_project/data/yolo/bdd_src/images/90ec7709-100e2857.jpg,snow
/home/ps/Desktop/major_project/data/yolo/bdd_src/images/90ec7709-5109cec1.jpg,rain
/home/ps/Desktop/major_project/data/yolo/bdd_src/images/90ec7709-ddb1cba5.jpg,fog
/home/ps/Desktop/major_project/data/yolo/bdd_src/images/90f2a5d3-ed1e62cb.jpg,night
/home/ps/Desktop/major_project/data/yolo/bdd_src/images/91017be8-0856d9b6.jpg,night
/home/ps/Desktop/major_project/data/yolo/bdd_src/images/91017be8-2c622264.jpg,night
/home/ps/Desktop/major_project/data/yolo/bdd_src/images/91104422-60e0f66a.jpg,fog
/home/ps/Desktop/major_project/data/yolo/bdd_src/images/91104422-71d9bd8f.jpg,snow
/home/ps/Desktop/major_project/data/yolo/bdd_src/images/91104422-94debf20.jpg,rain
/home/ps/Desktop/major_project/data/yolo/bdd_src/images/91104422-9aa1cd46.jpg,snow
/home/ps/Desktop/major_project/data/yolo/bdd_src/images/91182079-6c20f830.jpg,fog
/home/ps/Desktop/major_project/data/yolo/bdd_src/images/91287778-1107046f.jpg,fog
/home/ps/Desktop/major_project/data/yolo/bdd_src/images/91319d2a-6d7551d7.jpg,rain
/home/ps/Desktop/major_project/data/yolo/bdd_src/images/9137c47e-913d5a97.jpg,night
/home/ps/Desktop/major_project/data/yolo/bdd_src/images/913bdf01-2b895a18.jpg,night
/home/ps/Desktop/major_project/data/yolo/bdd_src/images/915422d6-d8ff0768.jpg,snow
/home/ps/Desktop/major_project/data/yolo/bdd_src/images/915fec44-fa646bf1.jpg,snow
/home/ps/Desktop/major_project/data/yolo/bdd_src/images/91858481-ab6abd3b.jpg,rain
/home/ps/Desktop/major_project/data/yolo/bdd_src/images/9185b6b6-acdbad17.jpg,fog
/home/ps/Desktop/major_project/data/yolo/bdd_src/images/9190cbf4-e9ffa0a7.jpg,fog
/home/ps/Desktop/major_project/data/yolo/bdd_src/images/91bbe983-5d604a6c.jpg,rain
/home/ps/Desktop/major_project/data/yolo/bdd_src/images/91c7ea70-cd528725.jpg,rain
/home/ps/Desktop/major_project/data/yolo/bdd_src/images/91f10e89-d5da3422.jpg,snow
/home/ps/Desktop/major_project/data/yolo/bdd_src/images/91f20f10-9855b4e8.jpg,rain
/home/ps/Desktop/major_project/data/yolo/bdd_src/images/91f20f10-ca7ffdfe.jpg,rain
/home/ps/Desktop/major_project/data/yolo/bdd_src/images/91f4bc1c-8383e936.jpg,night
/home/ps/Desktop/major_project/data/yolo/bdd_src/images/91f744bd-246be6b7.jpg,night
/home/ps/Desktop/major_project/data/yolo/bdd_src/images/91fbcb85-5b04782d.jpg,night
/home/ps/Desktop/major_project/data/yolo/bdd_src/images/920abda6-75e7c439.jpg,rain
/home/ps/Desktop/major_project/data/yolo/bdd_src/images/921e21e6-4ad0bd44.jpg,rain
/home/ps/Desktop/major_project/data/yolo/bdd_src/images/922d1967-0f33bbfa.jpg,night
/home/ps/Desktop/major_project/data/yolo/bdd_src/images/92344fba-2059eebb.jpg,fog
/home/ps/Desktop/major_project/data/yolo/bdd_src/images/923ec3c5-c9c8be50.jpg,night
/home/ps/Desktop/major_project/data/yolo/bdd_src/images/9263c9ef-d238711e.jpg,snow
/home/ps/Desktop/major_project/data/yolo/bdd_src/images/926fe084-e0f836e4.jpg,snow
/home/ps/Desktop/major_project/data/yolo/bdd_src/images/9275c992-6ee66800.jpg,night
/home/ps/Desktop/major_project/data/yolo/bdd_src/images/92845c7c-d5a8970d.jpg,night
/home/ps/Desktop/major_project/data/yolo/bdd_src/images/928b5065-36551f2c.jpg,rain
/home/ps/Desktop/major_project/data/yolo/bdd_src/images/928eb28a-6fdd8c0a.jpg,rain
/home/ps/Desktop/major_project/data/yolo/bdd_src/images/92913eb6-27e8874c.jpg,rain
/home/ps/Desktop/major_project/data/yolo/bdd_src/images/92a65d8b-2cb22512.jpg,snow
/home/ps/Desktop/major_project/data/yolo/bdd_src/images/92ad4ffe-a86cd936.jpg,night
/home/ps/Desktop/major_project/data/yolo/bdd_src/images/92be2cdd-3ec79974.jpg,snow
/home/ps/Desktop/major_project/data/yolo/bdd_src/images/92edb403-c9740fa8.jpg,fog
/home/ps/Desktop/major_project/data/yolo/bdd_src/images/92fc2da5-f4f2cf78.jpg,fog
/home/ps/Desktop/major_project/data/yolo/bdd_src/images/93048bbc-c7d299f7.jpg,snow
/home/ps/Desktop/major_project/data/yolo/bdd_src/images/930bd6bb-8102b56b.jpg,night
/home/ps/Desktop/major_project/data/yolo/bdd_src/images/932cc34c-f1e4028d.jpg,night
/home/ps/Desktop/major_project/data/yolo/bdd_src/images/9347585c-30db0854.jpg,rain
/home/ps/Desktop/major_project/data/yolo/bdd_src/images/9347dae7-5e416600.jpg,fog
/home/ps/Desktop/major_project/data/yolo/bdd_src/images/9347dae7-b8543a95.jpg,snow
/home/ps/Desktop/major_project/data/yolo/bdd_src/images/9349b3b0-a36456fc.jpg,snow
/home/ps/Desktop/major_project/data/yolo/bdd_src/images/9364a3b8-3c016d0a.jpg,fog
/home/ps/Desktop/major_project/data/yolo/bdd_src/images/937e466f-8ed784a1.jpg,fog
/home/ps/Desktop/major_project/data/yolo/bdd_src/images/93820c7b-84e176d2.jpg,rain
/home/ps/Desktop/major_project/data/yolo/bdd_src/images/9382aa66-64212841.jpg,rain
/home/ps/Desktop/major_project/data/yolo/bdd_src/images/93846b0e-91909059.jpg,rain
/home/ps/Desktop/major_project/data/yolo/bdd_src/images/93944659-2d685a88.jpg,snow
/home/ps/Desktop/major_project/data/yolo/bdd_src/images/9398b32a-7522e119.jpg,night
/home/ps/Desktop/major_project/data/yolo/bdd_src/images/939b461b-0fe3a7f0.jpg,night
/home/ps/Desktop/major_project/data/yolo/bdd_src/images/93a93708-3a1f173f.jpg,night
/home/ps/Desktop/major_project/data/yolo/bdd_src/images/93a93708-ed429be0.jpg,night
/home/ps/Desktop/major_project/data/yolo/bdd_src/images/93af9d6f-184ae73d.jpg,rain
/home/ps/Desktop/major_project/data/yolo/bdd_src/images/93b32c56-ebda35d9.jpg,night
/home/ps/Desktop/major_project/data/yolo/bdd_src/images/93c491ea-a933abdc.jpg,rain
/home/ps/Desktop/major_project/data/yolo/bdd_src/images/93c5307f-a8f531cf.jpg,fog
/home/ps/Desktop/major_project/data/yolo/bdd_src/images/93cf78d8-f99733ba.jpg,fog
/home/ps/Desktop/major_project/data/yolo/bdd_src/images/93e1b8b7-f9ed6f3a.jpg,snow
/home/ps/Desktop/major_project/data/yolo/bdd_src/images/93e64dfe-21c635c5.jpg,night
/home/ps/Desktop/major_project/data/yolo/bdd_src/images/93e8b118-9d31d50b.jpg,fog
/home/ps/Desktop/major_project/data/yolo/bdd_src/images/93e9c0bc-22fcbb42.jpg,snow
/home/ps/Desktop/major_project/data/yolo/bdd_src/images/940d3f64-01816a42.jpg,snow
/home/ps/Desktop/major_project/data/yolo/bdd_src/images/940d7600-7d828f33.jpg,night
/home/ps/Desktop/major_project/data/yolo/bdd_src/images/940d7600-c72718ca.jpg,night
/home/ps/Desktop/major_project/data/yolo/bdd_src/images/943c05dc-f5ebfa15.jpg,snow
/home/ps/Desktop/major_project/data/yolo/bdd_src/images/9445de44-87f2f652.jpg,fog
/home/ps/Desktop/major_project/data/yolo/bdd_src/images/944c6eea-cf693716.jpg,night
/home/ps/Desktop/major_project/data/yolo/bdd_src/images/94595ccd-44fd99e4.jpg,rain
/home/ps/Desktop/major_project/data/yolo/bdd_src/images/945c998d-e38466c7.jpg,fog
/home/ps/Desktop/major_project/data/yolo/bdd_src/images/945c998d-e4de5eef.jpg,night
/home/ps/Desktop/major_project/data/yolo/bdd_src/images/946a6e0f-6a377064.jpg,rain
/home/ps/Desktop/major_project/data/yolo/bdd_src/images/94718d79-70b6275c.jpg,night
/home/ps/Desktop/major_project/data/yolo/bdd_src/images/948a6718-845e945c.jpg,night
/home/ps/Desktop/major_project/data/yolo/bdd_src/images/948a6718-bafe6fb0.jpg,fog
/home/ps/Desktop/major_project/data/yolo/bdd_src/images/948d227c-e12d3592.jpg,rain
/home/ps/Desktop/major_project/data/yolo/bdd_src/images/948fbe10-24b4fcd8.jpg,fog
/home/ps/Desktop/major_project/data/yolo/bdd_src/images/94917123-45fdc320.jpg,snow
/home/ps/Desktop/major_project/data/yolo/bdd_src/images/94917123-9c6ce5d4.jpg,night
/home/ps/Desktop/major_project/data/yolo/bdd_src/images/9498af06-91111910.jpg,night
/home/ps/Desktop/major_project/data/yolo/bdd_src/images/949ac918-0b346a76.jpg,night
/home/ps/Desktop/major_project/data/yolo/bdd_src/images/94aa8729-9a601b11.jpg,snow
/home/ps/Desktop/major_project/data/yolo/bdd_src/images/94aa8729-f4e3b33a.jpg,snow
/home/ps/Desktop/major_project/data/yolo/bdd_src/images/94b6dd3b-686ebdc9.jpg,rain
/home/ps/Desktop/major_project/data/yolo/bdd_src/images/94ba12cc-1872f672.jpg,night
/home/ps/Desktop/major_project/data/yolo/bdd_src/images/94bd5de6-434b483a.jpg,night
/home/ps/Desktop/major_project/data/yolo/bdd_src/images/94be2873-c41ed015.jpg,snow
/home/ps/Desktop/major_project/data/yolo/bdd_src/images/94cb06bf-e2e8bba3.jpg,snow
/home/ps/Desktop/major_project/data/yolo/bdd_src/images/94cb06bf-e8a18020.jpg,night
/home/ps/Desktop/major_project/data/yolo/bdd_src/images/94d466bd-b08ee04c.jpg,snow
/home/ps/Desktop/major_project/data/yolo/bdd_src/images/94d4c571-a8d68872.jpg,rain
/home/ps/Desktop/major_project/data/yolo/bdd_src/images/94d4d77c-a04237c2.jpg,fog
/home/ps/Desktop/major_project/data/yolo/bdd_src/images/94dbcb2e-0bce6b07.jpg,fog
/home/ps/Desktop/major_project/data/yolo/bdd_src/images/94eb378e-92ea1402.jpg,snow
/home/ps/Desktop/major_project/data/yolo/bdd_src/images/94fc6cd6-24c02e60.jpg,night
/home/ps/Desktop/major_project/data/yolo/bdd_src/images/94fc6cd6-a0610391.jpg,night
/home/ps/Desktop/major_project/data/yolo/bdd_src/images/950f9022-5ca71e85.jpg,snow
/home/ps/Desktop/major_project/data/yolo/bdd_src/images/9510d526-cc315c7c.jpg,night
/home/ps/Desktop/major_project/data/yolo/bdd_src/images/95170bc1-bf26b0e8.jpg,night
/home/ps/Desktop/major_project/data/yolo/bdd_src/images/951d7834-0fe372c4.jpg,night
/home/ps/Desktop/major_project/data/yolo/bdd_src/images/951fa575-e203d08f.jpg,snow
/home/ps/Desktop/major_project/data/yolo/bdd_src/images/951fa762-082558de.jpg,rain
/home/ps/Desktop/major_project/data/yolo/bdd_src/images/952756c7-16276827.jpg,snow
/home/ps/Desktop/major_project/data/yolo/bdd_src/images/952756c7-5fb2b17f.jpg,fog
/home/ps/Desktop/major_project/data/yolo/bdd_src/images/952f2d9e-ad554db1.jpg,night
/home/ps/Desktop/major_project/data/yolo/bdd_src/images/9530facd-e3715b3f.jpg,rain
/home/ps/Desktop/major_project/data/yolo/bdd_src/images/954b31d2-3cc3f1fa.jpg,fog
/home/ps/Desktop/major_project/data/yolo/bdd_src/images/9556b4d9-5f233397.jpg,snow
/home/ps/Desktop/major_project/data/yolo/bdd_src/images/95a12ab0-efed101a.jpg,fog
/home/ps/Desktop/major_project/data/yolo/bdd_src/images/95a2b7a8-f354b300.jpg,night
/home/ps/Desktop/major_project/data/yolo/bdd_src/images/95b42fe8-5e71381e.jpg,fog
/home/ps/Desktop/major_project/data/yolo/bdd_src/images/95d5e0da-3a1c393d.jpg,rain
/home/ps/Desktop/major_project/data/yolo/bdd_src/images/95d8da14-f6e0bd09.jpg,fog
/home/ps/Desktop/major_project/data/yolo/bdd_src/images/95d987c8-e99a6080.jpg,night
/home/ps/Desktop/major_project/data/yolo/bdd_src/images/95e707c8-40776bee.jpg,night
/home/ps/Desktop/major_project/data/yolo/bdd_src/images/95ef64ef-17d1c31c.jpg,snow
/home/ps/Desktop/major_project/data/yolo/bdd_src/images/95ef64ef-8008bf0b.jpg,snow
/home/ps/Desktop/major_project/data/yolo/bdd_src/images/95f4802d-e6648b8d.jpg,fog
/home/ps/Desktop/major_project/data/yolo/bdd_src/images/95f975bc-d4538e04.jpg,fog
/home/ps/Desktop/major_project/data/yolo/bdd_src/images/95fe3338-fe9ff521.jpg,fog
/home/ps/Desktop/major_project/data/yolo/bdd_src/images/96148a8e-8bf2bb8e.jpg,fog
/home/ps/Desktop/major_project/data/yolo/bdd_src/images/96223118-19fbdeb3.jpg,night
/home/ps/Desktop/major_project/data/yolo/bdd_src/images/96330f54-9aec2a54.jpg,fog
/home/ps/Desktop/major_project/data/yolo/bdd_src/images/963fe6b6-764b150d.jpg,rain
/home/ps/Desktop/major_project/data/yolo/bdd_src/images/964067da-5e07fb58.jpg,fog
/home/ps/Desktop/major_project/data/yolo/bdd_src/images/9644ff11-6e37bb8a.jpg,rain
/home/ps/Desktop/major_project/data/yolo/bdd_src/images/9655a04a-3d9c60f9.jpg,night
/home/ps/Desktop/major_project/data/yolo/bdd_src/images/965d63c1-64c3247d.jpg,night
/home/ps/Desktop/major_project/data/yolo/bdd_src/images/96650666-1cef808b.jpg,fog
/home/ps/Desktop/major_project/data/yolo/bdd_src/images/96650666-9a3c49e1.jpg,snow
/home/ps/Desktop/major_project/data/yolo/bdd_src/images/9666d4b5-7441faf5.jpg,fog
/home/ps/Desktop/major_project/data/yolo/bdd_src/images/9668b616-b8db36f7.jpg,snow
/home/ps/Desktop/major_project/data/yolo/bdd_src/images/966f1ca5-2d424b08.jpg,fog
/home/ps/Desktop/major_project/data/yolo/bdd_src/images/96760719-3faaebbe.jpg,night
/home/ps/Desktop/major_project/data/yolo/bdd_src/images/9688b2d6-6749d3d7.jpg,night
/home/ps/Desktop/major_project/data/yolo/bdd_src/images/9695b2e9-17a7760c.jpg,night
/home/ps/Desktop/major_project/data/yolo/bdd_src/images/9695b2e9-c14e80c4.jpg,rain
/home/ps/Desktop/major_project/data/yolo/bdd_src/images/96a9c033-a221094c.jpg,night
/home/ps/Desktop/major_project/data/yolo/bdd_src/images/96d7800c-c35356a2.jpg,fog
/home/ps/Desktop/major_project/data/yolo/bdd_src/images/96d98e3c-acfbacc8.jpg,fog
/home/ps/Desktop/major_project/data/yolo/bdd_src/images/96f15ff3-583a209f.jpg,night
/home/ps/Desktop/major_project/data/yolo/bdd_src/images/97057120-237118cc.jpg,night
/home/ps/Desktop/major_project/data/yolo/bdd_src/images/97057120-4b5954a4.jpg,night
/home/ps/Desktop/major_project/data/yolo/bdd_src/images/9718f5eb-042c943d.jpg,rain
/home/ps/Desktop/major_project/data/yolo/bdd_src/images/972ab49a-6a6eeaf5.jpg,rain
/home/ps/Desktop/major_project/data/yolo/bdd_src/images/972ab49a-a7460506.jpg,rain
/home/ps/Desktop/major_project/data/yolo/bdd_src/images/97331e59-0f71ca9e.jpg,night
/home/ps/Desktop/major_project/data/yolo/bdd_src/images/97353141-52601c3c.jpg,fog
/home/ps/Desktop/major_project/data/yolo/bdd_src/images/97362f28-80298c7d.jpg,rain
/home/ps/Desktop/major_project/data/yolo/bdd_src/images/97362f28-d7e57600.jpg,fog
/home/ps/Desktop/major_project/data/yolo/bdd_src/images/973acd5b-4206773c.jpg,rain
/home/ps/Desktop/major_project/data/yolo/bdd_src/images/9758eadd-dcca968f.jpg,snow
/home/ps/Desktop/major_project/data/yolo/bdd_src/images/975b7312-912dca9c.jpg,night
/home/ps/Desktop/major_project/data/yolo/bdd_src/images/976c74f9-4782e0c3.jpg,snow
/home/ps/Desktop/major_project/data/yolo/bdd_src/images/9778ccd6-797df14a.jpg,night
/home/ps/Desktop/major_project/data/yolo/bdd_src/images/977b8906-7e0dbdbd.jpg,night
/home/ps/Desktop/major_project/data/yolo/bdd_src/images/97871f2b-3a62b6b9.jpg,fog
/home/ps/Desktop/major_project/data/yolo/bdd_src/images/97873579-981347a6.jpg,rain
/home/ps/Desktop/major_project/data/yolo/bdd_src/images/97ad5182-273ee1eb.jpg,night
/home/ps/Desktop/major_project/data/yolo/bdd_src/images/97ad5182-9e0e87f6.jpg,night
/home/ps/Desktop/major_project/data/yolo/bdd_src/images/97b43230-6e49c6e4.jpg,fog
/home/ps/Desktop/major_project/data/yolo/bdd_src/images/97b43230-cea8e28d.jpg,night
/home/ps/Desktop/major_project/data/yolo/bdd_src/images/97b5c697-4b7def3a.jpg,rain
/home/ps/Desktop/major_project/data/yolo/bdd_src/images/97b6cf7b-e83ab22f.jpg,night
/home/ps/Desktop/major_project/data/yolo/bdd_src/images/97b7f2d7-890bb656.jpg,snow
/home/ps/Desktop/major_project/data/yolo/bdd_src/images/97c8b361-f0a05763.jpg,fog
/home/ps/Desktop/major_project/data/yolo/bdd_src/images/97df454b-dd2f143f.jpg,fog
/home/ps/Desktop/major_project/data/yolo/bdd_src/images/97ea269f-afade6d0.jpg,night
/home/ps/Desktop/major_project/data/yolo/bdd_src/images/97ea4624-b8da68ac.jpg,night
/home/ps/Desktop/major_project/data/yolo/bdd_src/images/97ebfc80-8b024f36.jpg,night
/home/ps/Desktop/major_project/data/yolo/bdd_src/images/97ebfc80-c7033ac5.jpg,rain
/home/ps/Desktop/major_project/data/yolo/bdd_src/images/97f1a5e6-773b19da.jpg,fog
/home/ps/Desktop/major_project/data/yolo/bdd_src/images/98096947-42dfa562.jpg,rain
/home/ps/Desktop/major_project/data/yolo/bdd_src/images/980b68e4-851fe839.jpg,snow
/home/ps/Desktop/major_project/data/yolo/bdd_src/images/980e11ba-9c9cb542.jpg,snow
/home/ps/Desktop/major_project/data/yolo/bdd_src/images/980e11ba-e4160990.jpg,night
/home/ps/Desktop/major_project/data/yolo/bdd_src/images/981bb49b-08dfb148.jpg,rain
/home/ps/Desktop/major_project/data/yolo/bdd_src/images/981c02bf-dbf2ee45.jpg,fog
/home/ps/Desktop/major_project/data/yolo/bdd_src/images/98292c25-f41cee65.jpg,night
/home/ps/Desktop/major_project/data/yolo/bdd_src/images/982ef46d-3b6ffed5.jpg,rain
/home/ps/Desktop/major_project/data/yolo/bdd_src/images/982f86ee-6541d024.jpg,snow
/home/ps/Desktop/major_project/data/yolo/bdd_src/images/982f86ee-c452edf3.jpg,snow
/home/ps/Desktop/major_project/data/yolo/bdd_src/images/98316ccf-59985627.jpg,rain
/home/ps/Desktop/major_project/data/yolo/bdd_src/images/9833771a-dc6c8bf6.jpg,fog
/home/ps/Desktop/major_project/data/yolo/bdd_src/images/98378ac5-6afa1ee9.jpg,night
/home/ps/Desktop/major_project/data/yolo/bdd_src/images/983a7e42-9212e4d8.jpg,snow
/home/ps/Desktop/major_project/data/yolo/bdd_src/images/9841436f-32009cd2.jpg,night
/home/ps/Desktop/major_project/data/yolo/bdd_src/images/9841436f-c76f182e.jpg,fog
/home/ps/Desktop/major_project/data/yolo/bdd_src/images/985cceef-bf8cdbdc.jpg,snow
/home/ps/Desktop/major_project/data/yolo/bdd_src/images/9861b27e-8610b3b1.jpg,snow
/home/ps/Desktop/major_project/data/yolo/bdd_src/images/9869c466-f2f9c184.jpg,fog
/home/ps/Desktop/major_project/data/yolo/bdd_src/images/9871cd16-2b2055a1.jpg,fog
/home/ps/Desktop/major_project/data/yolo/bdd_src/images/987dd552-282f7a19.jpg,rain
/home/ps/Desktop/major_project/data/yolo/bdd_src/images/98864804-68ad81bd.jpg,night
/home/ps/Desktop/major_project/data/yolo/bdd_src/images/9889fc83-603f273a.jpg,fog
/home/ps/Desktop/major_project/data/yolo/bdd_src/images/9889fc83-8381aadf.jpg,fog
/home/ps/Desktop/major_project/data/yolo/bdd_src/images/988ff373-0372cdf0.jpg,night
/home/ps/Desktop/major_project/data/yolo/bdd_src/images/98975a4c-c3f1c243.jpg,rain
/home/ps/Desktop/major_project/data/yolo/bdd_src/images/98a8d779-7b0b5e23.jpg,night
/home/ps/Desktop/major_project/data/yolo/bdd_src/images/98b161f6-fd403535.jpg,night
/home/ps/Desktop/major_project/data/yolo/bdd_src/images/98b2d10b-ed83aa24.jpg,fog
/home/ps/Desktop/major_project/data/yolo/bdd_src/images/98b6f756-42e770f5.jpg,snow
/home/ps/Desktop/major_project/data/yolo/bdd_src/images/98cc85e7-9a04e21d.jpg,rain
/home/ps/Desktop/major_project/data/yolo/bdd_src/images/98eb1767-ae694c91.jpg,rain
/home/ps/Desktop/major_project/data/yolo/bdd_src/images/98fc3b71-8c3a18d2.jpg,night
/home/ps/Desktop/major_project/data/yolo/bdd_src/images/98fce6ce-38dbd645.jpg,fog
/home/ps/Desktop/major_project/data/yolo/bdd_src/images/98fce6ce-59b728c0.jpg,fog
/home/ps/Desktop/major_project/data/yolo/bdd_src/images/98fce6ce-b53009a8.jpg,rain
/home/ps/Desktop/major_project/data/yolo/bdd_src/images/98fce6ce-bcc3daa5.jpg,rain
/home/ps/Desktop/major_project/data/yolo/bdd_src/images/98fce6ce-efe188c0.jpg,fog
/home/ps/Desktop/major_project/data/yolo/bdd_src/images/98ff0bff-e11489fd.jpg,fog
/home/ps/Desktop/major_project/data/yolo/bdd_src/images/98ff2c1f-867757d0.jpg,rain
/home/ps/Desktop/major_project/data/yolo/bdd_src/images/9905580e-1a9f150b.jpg,snow
/home/ps/Desktop/major_project/data/yolo/bdd_src/images/991e95b7-38eaf0eb.jpg,night
/home/ps/Desktop/major_project/data/yolo/bdd_src/images/99248f54-33c7a29a.jpg,fog
/home/ps/Desktop/major_project/data/yolo/bdd_src/images/9926bfff-9427c8f8.jpg,rain
/home/ps/Desktop/major_project/data/yolo/bdd_src/images/99282504-399efc18.jpg,snow
/home/ps/Desktop/major_project/data/yolo/bdd_src/images/9930e550-f59136ed.jpg,fog
/home/ps/Desktop/major_project/data/yolo/bdd_src/images/9936664c-8f82bb48.jpg,fog
/home/ps/Desktop/major_project/data/yolo/bdd_src/images/99491000-617be918.jpg,rain
/home/ps/Desktop/major_project/data/yolo/bdd_src/images/994faff8-13c41e15.jpg,night
/home/ps/Desktop/major_project/data/yolo/bdd_src/images/994fb8c4-23f91572.jpg,rain
/home/ps/Desktop/major_project/data/yolo/bdd_src/images/9961a588-da0549c0.jpg,fog
/home/ps/Desktop/major_project/data/yolo/bdd_src/images/9970ef79-61a28c7f.jpg,rain
/home/ps/Desktop/major_project/data/yolo/bdd_src/images/9972e114-6ac1cccd.jpg,snow
/home/ps/Desktop/major_project/data/yolo/bdd_src/images/99838734-bafa8602.jpg,rain
/home/ps/Desktop/major_project/data/yolo/bdd_src/images/99938a8a-e28f9ab5.jpg,night
/home/ps/Desktop/major_project/data/yolo/bdd_src/images/999bb9b2-2b59678c.jpg,night
/home/ps/Desktop/major_project/data/yolo/bdd_src/images/999d99fa-6bd7c5a8.jpg,fog
/home/ps/Desktop/major_project/data/yolo/bdd_src/images/99b88887-2c89061b.jpg,night
/home/ps/Desktop/major_project/data/yolo/bdd_src/images/99d79ee0-280c8ebd.jpg,rain
/home/ps/Desktop/major_project/data/yolo/bdd_src/images/99d7e9f8-85f66823.jpg,snow
/home/ps/Desktop/major_project/data/yolo/bdd_src/images/99dde2d6-7db242c2.jpg,night
/home/ps/Desktop/major_project/data/yolo/bdd_src/images/99de1869-26ae7491.jpg,fog
/home/ps/Desktop/major_project/data/yolo/bdd_src/images/99e21063-4162b4b8.jpg,rain
/home/ps/Desktop/major_project/data/yolo/bdd_src/images/99e5ec54-12829bc7.jpg,fog
/home/ps/Desktop/major_project/data/yolo/bdd_src/images/99ff3c61-c2813d95.jpg,night
/home/ps/Desktop/major_project/data/yolo/bdd_src/images/9a1080d3-53e1bb26.jpg,rain
/home/ps/Desktop/major_project/data/yolo/bdd_src/images/9a1318ee-d79ddb5a.jpg,rain
/home/ps/Desktop/major_project/data/yolo/bdd_src/images/9a163934-6ac6d685.jpg,night
/home/ps/Desktop/major_project/data/yolo/bdd_src/images/9a196894-81a24501.jpg,night
/home/ps/Desktop/major_project/data/yolo/bdd_src/images/9a1b4cdf-7061d70f.jpg,snow
/home/ps/Desktop/major_project/data/yolo/bdd_src/images/9a200289-8806edfd.jpg,rain
/home/ps/Desktop/major_project/data/yolo/bdd_src/images/9a216843-ebf29f3d.jpg,rain
/home/ps/Desktop/major_project/data/yolo/bdd_src/images/9a2afc0a-203514f1.jpg,fog
/home/ps/Desktop/major_project/data/yolo/bdd_src/images/9a2afc0a-be4eb6af.jpg,fog
/home/ps/Desktop/major_project/data/yolo/bdd_src/images/9a333ff9-fb307d11.jpg,rain
/home/ps/Desktop/major_project/data/yolo/bdd_src/images/9a36c099-50c49aea.jpg,fog
/home/ps/Desktop/major_project/data/yolo/bdd_src/images/9a36c099-b5a897b4.jpg,rain
/home/ps/Desktop/major_project/data/yolo/bdd_src/images/9a3e520f-4d751ebd.jpg,night
/home/ps/Desktop/major_project/data/yolo/bdd_src/images/9a3e520f-6a51540b.jpg,snow
/home/ps/Desktop/major_project/data/yolo/bdd_src/images/9a4a4239-5de2e82e.jpg,night
/home/ps/Desktop/major_project/data/yolo/bdd_src/images/9a4b9a2b-faabc87f.jpg,night
/home/ps/Desktop/major_project/data/yolo/bdd_src/images/9a58e8e4-4b400dc1.jpg,rain
/home/ps/Desktop/major_project/data/yolo/bdd_src/images/9a6c68f2-47b58767.jpg,night
/home/ps/Desktop/major_project/data/yolo/bdd_src/images/9a752314-d48001f8.jpg,fog
/home/ps/Desktop/major_project/data/yolo/bdd_src/images/9a90b89a-e13dc140.jpg,fog
/home/ps/Desktop/major_project/data/yolo/bdd_src/images/9a9fc4cb-dd67bc32.jpg,rain
/home/ps/Desktop/major_project/data/yolo/bdd_src/images/9aaf3a63-1e46e2ef.jpg,night
/home/ps/Desktop/major_project/data/yolo/bdd_src/images/9ab127bf-c865d6ed.jpg,rain
/home/ps/Desktop/major_project/data/yolo/bdd_src/images/9aba0282-bf3434d9.jpg,night
/home/ps/Desktop/major_project/data/yolo/bdd_src/images/9aba9497-64a99669.jpg,night
/home/ps/Desktop/major_project/data/yolo/bdd_src/images/9ac7f707-82f9c673.jpg,rain
/home/ps/Desktop/major_project/data/yolo/bdd_src/images/9acf49ca-2b90ffff.jpg,rain
/home/ps/Desktop/major_project/data/yolo/bdd_src/images/9ae127bf-3eb5a17b.jpg,snow
/home/ps/Desktop/major_project/data/yolo/bdd_src/images/9ae6e52f-ebf552e5.jpg,fog
/home/ps/Desktop/major_project/data/yolo/bdd_src/images/9aeeef4a-14e90f30.jpg,rain
/home/ps/Desktop/major_project/data/yolo/bdd_src/images/9aefbd42-58d9339a.jpg,fog
/home/ps/Desktop/major_project/data/yolo/bdd_src/images/9b080277-8ee695f8.jpg,rain
/home/ps/Desktop/major_project/data/yolo/bdd_src/images/9b1ae12c-90c9e833.jpg,rain
/home/ps/Desktop/major_project/data/yolo/bdd_src/images/9b1c7d0d-aa540a1e.jpg,snow
/home/ps/Desktop/major_project/data/yolo/bdd_src/images/9b1e17e5-16c11f5c.jpg,fog
/home/ps/Desktop/major_project/data/yolo/bdd_src/images/9b1fc92b-2bd4fbf1.jpg,snow
/home/ps/Desktop/major_project/data/yolo/bdd_src/images/9b300705-e23818c2.jpg,night
/home/ps/Desktop/major_project/data/yolo/bdd_src/images/9b33361e-62fd5f07.jpg,rain
/home/ps/Desktop/major_project/data/yolo/bdd_src/images/9b341e96-c49d4b8c.jpg,snow
/home/ps/Desktop/major_project/data/yolo/bdd_src/images/9b341e96-ff037f86.jpg,snow
/home/ps/Desktop/major_project/data/yolo/bdd_src/images/9b39df70-0c4dd1e9.jpg,night
/home/ps/Desktop/major_project/data/yolo/bdd_src/images/9b39df70-af9990e7.jpg,rain
/home/ps/Desktop/major_project/data/yolo/bdd_src/images/9b3b05f2-3cc38a83.jpg,rain
/home/ps/Desktop/major_project/data/yolo/bdd_src/images/9b3fe2a9-26a47a63.jpg,night
/home/ps/Desktop/major_project/data/yolo/bdd_src/images/9b560e94-39bf5d87.jpg,snow
/home/ps/Desktop/major_project/data/yolo/bdd_src/images/9b560e94-5c1b8bb8.jpg,fog
/home/ps/Desktop/major_project/data/yolo/bdd_src/images/9b560e94-a2d7685b.jpg,rain
/home/ps/Desktop/major_project/data/yolo/bdd_src/images/9b5a525e-df78b1a6.jpg,fog
/home/ps/Desktop/major_project/data/yolo/bdd_src/images/9b649b83-8a83c902.jpg,night
/home/ps/Desktop/major_project/data/yolo/bdd_src/images/9b72c793-59546e8b.jpg,snow
/home/ps/Desktop/major_project/data/yolo/bdd_src/images/9b72c793-9fca76b2.jpg,rain
/home/ps/Desktop/major_project/data/yolo/bdd_src/images/9b7d3b4b-4a93dffc.jpg,rain
/home/ps/Desktop/major_project/data/yolo/bdd_src/images/9b9e2805-60086d51.jpg,snow
/home/ps/Desktop/major_project/data/yolo/bdd_src/images/9b9e2805-6ff55be7.jpg,rain
/home/ps/Desktop/major_project/data/yolo/bdd_src/images/9b9e4bc5-4d015b62.jpg,rain
/home/ps/Desktop/major_project/data/yolo/bdd_src/images/9b9e4bc5-934401ed.jpg,snow
/home/ps/Desktop/major_project/data/yolo/bdd_src/images/9badd9e2-839697b0.jpg,snow
/home/ps/Desktop/major_project/data/yolo/bdd_src/images/9bafab27-2a5b8372.jpg,snow
/home/ps/Desktop/major_project/data/yolo/bdd_src/images/9bafab27-fc9ea1ca.jpg,night
/home/ps/Desktop/major_project/data/yolo/bdd_src/images/9bb8d206-a9b7dc6d.jpg,night
/home/ps/Desktop/major_project/data/yolo/bdd_src/images/9bbe0115-e0b6d47e.jpg,snow
/home/ps/Desktop/major_project/data/yolo/bdd_src/images/9bc2e679-c24b526a.jpg,night
/home/ps/Desktop/major_project/data/yolo/bdd_src/images/9bdc6069-bf25df5a.jpg,night
/home/ps/Desktop/major_project/data/yolo/bdd_src/images/9be34558-8cc5fec3.jpg,fog
/home/ps/Desktop/major_project/data/yolo/bdd_src/images/9be8ed67-f8083116.jpg,rain
/home/ps/Desktop/major_project/data/yolo/bdd_src/images/9bf78e6c-cc3f40f2.jpg,night
/home/ps/Desktop/major_project/data/yolo/bdd_src/images/9bf983b2-ec0afb22.jpg,night
/home/ps/Desktop/major_project/data/yolo/bdd_src/images/9c1b4928-c5558ac9.jpg,fog
/home/ps/Desktop/major_project/data/yolo/bdd_src/images/9c22a0f6-9d57565b.jpg,snow
/home/ps/Desktop/major_project/data/yolo/bdd_src/images/9c26f49d-fadba3f2.jpg,snow
/home/ps/Desktop/major_project/data/yolo/bdd_src/images/9c33e32b-86e97bb9.jpg,rain
/home/ps/Desktop/major_project/data/yolo/bdd_src/images/9c373803-28a47194.jpg,fog
/home/ps/Desktop/major_project/data/yolo/bdd_src/images/9c373803-c944962a.jpg,rain
/home/ps/Desktop/major_project/data/yolo/bdd_src/images/9c3add94-8c3c68d6.jpg,night
/home/ps/Desktop/major_project/data/yolo/bdd_src/images/9c4a8192-07eb7dc3.jpg,fog
/home/ps/Desktop/major_project/data/yolo/bdd_src/images/9c554930-4457fd81.jpg,fog
/home/ps/Desktop/major_project/data/yolo/bdd_src/images/9c5f7065-0fcd7438.jpg,night
/home/ps/Desktop/major_project/data/yolo/bdd_src/images/9c607c3b-ef5f66b7.jpg,night
/home/ps/Desktop/major_project/data/yolo/bdd_src/images/9c65f43f-97e7aa21.jpg,night
/home/ps/Desktop/major_project/data/yolo/bdd_src/images/9c70dfb5-abc3ff03.jpg,fog
/home/ps/Desktop/major_project/data/yolo/bdd_src/images/9c71dab4-ee41b8bd.jpg,snow
/home/ps/Desktop/major_project/data/yolo/bdd_src/images/9c7eb7d6-dc9c131d.jpg,fog
/home/ps/Desktop/major_project/data/yolo/bdd_src/images/9c97347f-9d49aac5.jpg,night
/home/ps/Desktop/major_project/data/yolo/bdd_src/images/9cb63a31-be1e4ead.jpg,fog
/home/ps/Desktop/major_project/data/yolo/bdd_src/images/9cb8a2d4-2af3c14d.jpg,night
/home/ps/Desktop/major_project/data/yolo/bdd_src/images/9cb8f933-d1cb9b5c.jpg,night
/home/ps/Desktop/major_project/data/yolo/bdd_src/images/9cbae107-e33595c0.jpg,rain
/home/ps/Desktop/major_project/data/yolo/bdd_src/images/9cc42f96-ae876038.jpg,night
/home/ps/Desktop/major_project/data/yolo/bdd_src/images/9cd9feae-929f0d6f.jpg,night
/home/ps/Desktop/major_project/data/yolo/bdd_src/images/9cee0779-7b0df812.jpg,rain
/home/ps/Desktop/major_project/data/yolo/bdd_src/images/9cf6dd64-4fbcf3f0.jpg,night
/home/ps/Desktop/major_project/data/yolo/bdd_src/images/9d02c9cf-adb7aa85.jpg,fog
/home/ps/Desktop/major_project/data/yolo/bdd_src/images/9d0e4069-8cf4128e.jpg,fog
/home/ps/Desktop/major_project/data/yolo/bdd_src/images/9d0f6fa8-183d19d8.jpg,fog
/home/ps/Desktop/major_project/data/yolo/bdd_src/images/9d14aad6-7284a507.jpg,night
/home/ps/Desktop/major_project/data/yolo/bdd_src/images/9d14aad6-f51d159d.jpg,night
/home/ps/Desktop/major_project/data/yolo/bdd_src/images/9d17e333-dee3acaf.jpg,night
/home/ps/Desktop/major_project/data/yolo/bdd_src/images/9d21af01-0a8c3bf9.jpg,snow
/home/ps/Desktop/major_project/data/yolo/bdd_src/images/9d28c095-789179ef.jpg,snow
/home/ps/Desktop/major_project/data/yolo/bdd_src/images/9d69f977-c26407b6.jpg,fog
/home/ps/Desktop/major_project/data/yolo/bdd_src/images/9d78daa0-4f2b93a5.jpg,fog
/home/ps/Desktop/major_project/data/yolo/bdd_src/images/9d7aed86-d2d21a77.jpg,fog
/home/ps/Desktop/major_project/data/yolo/bdd_src/images/9da59b0d-5f86f7be.jpg,rain
/home/ps/Desktop/major_project/data/yolo/bdd_src/images/9da59b0d-ddf5632f.jpg,snow
/home/ps/Desktop/major_project/data/yolo/bdd_src/images/9da75f80-9a03ea43.jpg,night
/home/ps/Desktop/major_project/data/yolo/bdd_src/images/9db1f5ae-afba2c9c.jpg,snow
/home/ps/Desktop/major_project/data/yolo/bdd_src/images/9dbd32ed-b6edbcbb.jpg,rain
/home/ps/Desktop/major_project/data/yolo/bdd_src/images/9dc5f0b3-ec8c441c.jpg,rain
/home/ps/Desktop/major_project/data/yolo/bdd_src/images/9dcae177-269ffe2a.jpg,fog
/home/ps/Desktop/major_project/data/yolo/bdd_src/images/9dceaf71-5c180a6a.jpg,snow
/home/ps/Desktop/major_project/data/yolo/bdd_src/images/9dd79688-37096caf.jpg,fog
/home/ps/Desktop/major_project/data/yolo/bdd_src/images/9de07a39-3fd243b5.jpg,night
/home/ps/Desktop/major_project/data/yolo/bdd_src/images/9de5b115-f469ae78.jpg,night
/home/ps/Desktop/major_project/data/yolo/bdd_src/images/9dee0232-235cd855.jpg,rain
/home/ps/Desktop/major_project/data/yolo/bdd_src/images/9dfe708f-7302806b.jpg,snow
/home/ps/Desktop/major_project/data/yolo/bdd_src/images/9e0e79bf-118bc565.jpg,snow
/home/ps/Desktop/major_project/data/yolo/bdd_src/images/9e10ef26-3ba7ffe7.jpg,night
/home/ps/Desktop/major_project/data/yolo/bdd_src/images/9e1f3682-4bc1aff7.jpg,snow
/home/ps/Desktop/major_project/data/yolo/bdd_src/images/9e20b020-07a7c203.jpg,fog
/home/ps/Desktop/major_project/data/yolo/bdd_src/images/9e311a51-a2cf76c7.jpg,snow
/home/ps/Desktop/major_project/data/yolo/bdd_src/images/9e319d33-a94bd66a.jpg,snow
/home/ps/Desktop/major_project/data/yolo/bdd_src/images/9e31a53e-6f16790d.jpg,snow
/home/ps/Desktop/major_project/data/yolo/bdd_src/images/9e34e7a5-61ddb2ee.jpg,snow
/home/ps/Desktop/major_project/data/yolo/bdd_src/images/9e47bdb2-374d67cc.jpg,snow
/home/ps/Desktop/major_project/data/yolo/bdd_src/images/9e4d1a1d-0b3476cc.jpg,snow
/home/ps/Desktop/major_project/data/yolo/bdd_src/images/9e4e456f-aad12de0.jpg,rain
/home/ps/Desktop/major_project/data/yolo/bdd_src/images/9e57b475-5e1bdfff.jpg,night
/home/ps/Desktop/major_project/data/yolo/bdd_src/images/9e72ee83-46a98461.jpg,fog
/home/ps/Desktop/major_project/data/yolo/bdd_src/images/9e72ee83-de1392cf.jpg,fog
/home/ps/Desktop/major_project/data/yolo/bdd_src/images/9e80bd96-b5c3918f.jpg,snow
/home/ps/Desktop/major_project/data/yolo/bdd_src/images/9e86ec05-56319156.jpg,fog
/home/ps/Desktop/major_project/data/yolo/bdd_src/images/9e8d3b8b-78cc08b6.jpg,fog
/home/ps/Desktop/major_project/data/yolo/bdd_src/images/9e8e1983-e1495cd7.jpg,fog
/home/ps/Desktop/major_project/data/yolo/bdd_src/images/9e947e2d-e840d05b.jpg,snow
/home/ps/Desktop/major_project/data/yolo/bdd_src/images/9e9bbeed-1eaefaa6.jpg,snow
/home/ps/Desktop/major_project/data/yolo/bdd_src/images/9e9bbeed-fe532a9a.jpg,night
/home/ps/Desktop/major_project/data/yolo/bdd_src/images/9eb5163f-8f7a0a6b.jpg,rain
/home/ps/Desktop/major_project/data/yolo/bdd_src/images/9eb9fd74-9c3aaa11.jpg,snow
/home/ps/Desktop/major_project/data/yolo/bdd_src/images/9ec96fe5-cbb36ae4.jpg,snow
/home/ps/Desktop/major_project/data/yolo/bdd_src/images/9edd7133-c0342102.jpg,rain
/home/ps/Desktop/major_project/data/yolo/bdd_src/images/9ee15386-13de1d2c.jpg,night
/home/ps/Desktop/major_project/data/yolo/bdd_src/images/9ee22132-1b373531.jpg,fog
/home/ps/Desktop/major_project/data/yolo/bdd_src/images/9ef5f169-8d9e2cca.jpg,snow
/home/ps/Desktop/major_project/data/yolo/bdd_src/images/9ef8e327-85ab4d3b.jpg,fog
/home/ps/Desktop/major_project/data/yolo/bdd_src/images/9ef8e327-fe93d041.jpg,night
/home/ps/Desktop/major_project/data/yolo/bdd_src/images/9f067ff6-685c60ca.jpg,rain
/home/ps/Desktop/major_project/data/yolo/bdd_src/images/9f1a293d-84ae4886.jpg,snow
/home/ps/Desktop/major_project/data/yolo/bdd_src/images/9f288a64-404a351b.jpg,rain
/home/ps/Desktop/major_project/data/yolo/bdd_src/images/9f3091e4-248c42d0.jpg,night
/home/ps/Desktop/major_project/data/yolo/bdd_src/images/9f46106d-fbb8a920.jpg,night
/home/ps/Desktop/major_project/data/yolo/bdd_src/images/9f468546-b29aae08.jpg,snow
/home/ps/Desktop/major_project/data/yolo/bdd_src/images/9f468546-b7011798.jpg,fog
/home/ps/Desktop/major_project/data/yolo/bdd_src/images/9f471277-56bc5abb.jpg,night
/home/ps/Desktop/major_project/data/yolo/bdd_src/images/9f471277-ca0bbd11.jpg,fog
/home/ps/Desktop/major_project/data/yolo/bdd_src/images/9f4aa95c-adca9be8.jpg,snow
/home/ps/Desktop/major_project/data/yolo/bdd_src/images/9f54421a-5942cc5d.jpg,snow
/home/ps/Desktop/major_project/data/yolo/bdd_src/images/9f7d0810-b2c41000.jpg,night
/home/ps/Desktop/major_project/data/yolo/bdd_src/images/9f7d0810-fe9cbaab.jpg,snow
/home/ps/Desktop/major_project/data/yolo/bdd_src/images/9f86f51c-664a1825.jpg,rain
/home/ps/Desktop/major_project/data/yolo/bdd_src/images/9f87995d-0897153d.jpg,rain
/home/ps/Desktop/major_project/data/yolo/bdd_src/images/9f916450-654f177f.jpg,rain
/home/ps/Desktop/major_project/data/yolo/bdd_src/images/9f9e2feb-319064c7.jpg,rain
/home/ps/Desktop/major_project/data/yolo/bdd_src/images/9fa89440-4bba242f.jpg,rain
/home/ps/Desktop/major_project/data/yolo/bdd_src/images/9fb1d51e-3dcd0c0d.jpg,night
/home/ps/Desktop/major_project/data/yolo/bdd_src/images/9fb94c6b-ce278209.jpg,night
/home/ps/Desktop/major_project/data/yolo/bdd_src/images/9fbdb044-02a08068.jpg,rain
/home/ps/Desktop/major_project/data/yolo/bdd_src/images/9fc64e15-30846e45.jpg,fog
/home/ps/Desktop/major_project/data/yolo/bdd_src/images/9fd02acf-9ee9ce4e.jpg,fog
/home/ps/Desktop/major_project/data/yolo/bdd_src/images/9fd254fe-805b1d48.jpg,night
/home/ps/Desktop/major_project/data/yolo/bdd_src/images/9fd40c08-e16a25c0.jpg,snow
/home/ps/Desktop/major_project/data/yolo/bdd_src/images/9fdb240a-10cdd05a.jpg,fog
/home/ps/Desktop/major_project/data/yolo/bdd_src/images/9fdb240a-f8742802.jpg,rain
/home/ps/Desktop/major_project/data/yolo/bdd_src/images/9feec5f5-43315d7a.jpg,snow
/home/ps/Desktop/major_project/data/yolo/bdd_src/images/9ff1eb06-a7749286.jpg,fog
/home/ps/Desktop/major_project/data/yolo/bdd_src/images/9ff2206f-2bad5033.jpg,snow
/home/ps/Desktop/major_project/data/yolo/bdd_src/images/9ff2206f-3593c80d.jpg,rain
/home/ps/Desktop/major_project/data/yolo/bdd_src/images/9ff3eae5-68b834e6.jpg,night
/home/ps/Desktop/major_project/data/yolo/bdd_src/images/9ffc5ffb-60e9b069.jpg,night
/home/ps/Desktop/major_project/data/yolo/bdd_src/images/9ffc5ffb-8c88d0b1.jpg,rain
/home/ps/Desktop/major_project/data/yolo/bdd_src/images/9ffc5ffb-8d7d0cd6.jpg,fog
/home/ps/Desktop/major_project/data/yolo/bdd_src/images/a00ef085-4a559990.jpg,rain
/home/ps/Desktop/major_project/data/yolo/bdd_src/images/a010ce9c-36128aef.jpg,fog
/home/ps/Desktop/major_project/data/yolo/bdd_src/images/a01a5d19-4e3d6371.jpg,night
/home/ps/Desktop/major_project/data/yolo/bdd_src/images/a0224dfd-2f585f18.jpg,rain
/home/ps/Desktop/major_project/data/yolo/bdd_src/images/a035fef9-851f5642.jpg,snow
/home/ps/Desktop/major_project/data/yolo/bdd_src/images/a0406c1d-ad729f03.jpg,rain
/home/ps/Desktop/major_project/data/yolo/bdd_src/images/a0463b9b-6afafad6.jpg,rain
/home/ps/Desktop/major_project/data/yolo/bdd_src/images/a0463b9b-92241f33.jpg,snow
/home/ps/Desktop/major_project/data/yolo/bdd_src/images/a047a5a4-d8103f5c.jpg,fog
/home/ps/Desktop/major_project/data/yolo/bdd_src/images/a04ae269-d960ce07.jpg,fog
/home/ps/Desktop/major_project/data/yolo/bdd_src/images/a05785c4-09de937c.jpg,fog
/home/ps/Desktop/major_project/data/yolo/bdd_src/images/a0598027-c0e00b09.jpg,fog
/home/ps/Desktop/major_project/data/yolo/bdd_src/images/a05d278b-0438b1cf.jpg,night
/home/ps/Desktop/major_project/data/yolo/bdd_src/images/a063447a-436b2872.jpg,snow
/home/ps/Desktop/major_project/data/yolo/bdd_src/images/a06c63b4-c0b57122.jpg,rain
/home/ps/Desktop/major_project/data/yolo/bdd_src/images/a072b32f-07e8fa99.jpg,rain
/home/ps/Desktop/major_project/data/yolo/bdd_src/images/a0905818-f8b4b33f.jpg,rain
/home/ps/Desktop/major_project/data/yolo/bdd_src/images/a0a1a4fd-25fe063d.jpg,night
/home/ps/Desktop/major_project/data/yolo/bdd_src/images/a0af1fce-82abab77.jpg,snow
/home/ps/Desktop/major_project/data/yolo/bdd_src/images/a0b0e7de-f4efa27a.jpg,rain
/home/ps/Desktop/major_project/data/yolo/bdd_src/images/a0c205f3-c1b05776.jpg,night
/home/ps/Desktop/major_project/data/yolo/bdd_src/images/a0e25eb3-27a24e96.jpg,snow
/home/ps/Desktop/major_project/data/yolo/bdd_src/images/a0e25eb3-bf0c5450.jpg,night
/home/ps/Desktop/major_project/data/yolo/bdd_src/images/a0f0f312-dc1fa07d.jpg,snow
/home/ps/Desktop/major_project/data/yolo/bdd_src/images/a0f7060a-1a67366b.jpg,night
/home/ps/Desktop/major_project/data/yolo/bdd_src/images/a0fddb9a-5b1bb5ce.jpg,night
/home/ps/Desktop/major_project/data/yolo/bdd_src/images/a0fddb9a-7e1171c1.jpg,rain
/home/ps/Desktop/major_project/data/yolo/bdd_src/images/a10a76d8-fa945478.jpg,rain
/home/ps/Desktop/major_project/data/yolo/bdd_src/images/a10cd84e-bc1d70cf.jpg,snow
/home/ps/Desktop/major_project/data/yolo/bdd_src/images/a10fdc1c-e443583f.jpg,night
/home/ps/Desktop/major_project/data/yolo/bdd_src/images/a110e9ed-90a0b63e.jpg,fog
/home/ps/Desktop/major_project/data/yolo/bdd_src/images/a1177581-78c47a0e.jpg,snow
/home/ps/Desktop/major_project/data/yolo/bdd_src/images/a1186e90-a7917a50.jpg,snow
/home/ps/Desktop/major_project/data/yolo/bdd_src/images/a1186e90-f66c3825.jpg,snow
/home/ps/Desktop/major_project/data/yolo/bdd_src/images/a118fb8c-efaea076.jpg,snow
/home/ps/Desktop/major_project/data/yolo/bdd_src/images/a11db300-f8b2ec6a.jpg,rain
/home/ps/Desktop/major_project/data/yolo/bdd_src/images/a11eb5d8-319bba65.jpg,fog
/home/ps/Desktop/major_project/data/yolo/bdd_src/images/a12c8a97-33f2d038.jpg,night
/home/ps/Desktop/major_project/data/yolo/bdd_src/images/a12f0f7f-59f5920f.jpg,snow
/home/ps/Desktop/major_project/data/yolo/bdd_src/images/a13b7a32-5a84624f.jpg,snow
/home/ps/Desktop/major_project/data/yolo/bdd_src/images/a14b36f2-20a87030.jpg,rain
/home/ps/Desktop/major_project/data/yolo/bdd_src/images/a14b36f2-4299e219.jpg,fog
/home/ps/Desktop/major_project/data/yolo/bdd_src/images/a165ad95-78c1dc92.jpg,night
/home/ps/Desktop/major_project/data/yolo/bdd_src/images/a17759bf-e2964a62.jpg,snow
/home/ps/Desktop/major_project/data/yolo/bdd_src/images/a190da85-461a185c.jpg,snow
/home/ps/Desktop/major_project/data/yolo/bdd_src/images/a1ab3be8-8a440344.jpg,rain
/home/ps/Desktop/major_project/data/yolo/bdd_src/images/a1ab3be8-e97bda9e.jpg,snow
/home/ps/Desktop/major_project/data/yolo/bdd_src/images/a1acd9c2-4c251b16.jpg,snow
/home/ps/Desktop/major_project/data/yolo/bdd_src/images/a1acd9c2-8a3f0276.jpg,fog
/home/ps/Desktop/major_project/data/yolo/bdd_src/images/a1acd9c2-c3108487.jpg,rain
/home/ps/Desktop/major_project/data/yolo/bdd_src/images/a1bb1731-9e0a8e80.jpg,fog
/home/ps/Desktop/major_project/data/yolo/bdd_src/images/a1c4c708-6a84d574.jpg,snow
/home/ps/Desktop/major_project/data/yolo/bdd_src/images/a1c82385-8d7d4e08.jpg,rain
/home/ps/Desktop/major_project/data/yolo/bdd_src/images/a1cf6a16-cc5689a0.jpg,fog
/home/ps/Desktop/major_project/data/yolo/bdd_src/images/a1d21246-bc6b4e33.jpg,rain
/home/ps/Desktop/major_project/data/yolo/bdd_src/images/a1df0b5c-db8a5656.jpg,snow
/home/ps/Desktop/major_project/data/yolo/bdd_src/images/a1e0952c-580bb7c5.jpg,fog
/home/ps/Desktop/major_project/data/yolo/bdd_src/images/a203e439-a4246ed7.jpg,snow
/home/ps/Desktop/major_project/data/yolo/bdd_src/images/a212639e-3fda13bc.jpg,snow
/home/ps/Desktop/major_project/data/yolo/bdd_src/images/a216d865-7a35b75d.jpg,night
/home/ps/Desktop/major_project/data/yolo/bdd_src/images/a21d5510-cd98132f.jpg,snow
/home/ps/Desktop/major_project/data/yolo/bdd_src/images/a2319d0e-23681f65.jpg,fog
/home/ps/Desktop/major_project/data/yolo/bdd_src/images/a232832a-07e44a65.jpg,snow
/home/ps/Desktop/major_project/data/yolo/bdd_src/images/a232832a-7c723912.jpg,night
/home/ps/Desktop/major_project/data/yolo/bdd_src/images/a2372820-9d02c8b6.jpg,rain
/home/ps/Desktop/major_project/data/yolo/bdd_src/images/a23b58b5-af3068b3.jpg,snow
/home/ps/Desktop/major_project/data/yolo/bdd_src/images/a243fa0f-c2d6031a.jpg,snow
/home/ps/Desktop/major_project/data/yolo/bdd_src/images/a24689b2-96559fa0.jpg,snow
/home/ps/Desktop/major_project/data/yolo/bdd_src/images/a247b9c7-8534b9bc.jpg,snow
/home/ps/Desktop/major_project/data/yolo/bdd_src/images/a24eac0c-a8609796.jpg,fog
/home/ps/Desktop/major_project/data/yolo/bdd_src/images/a25466e3-ea1d9a9f.jpg,night
/home/ps/Desktop/major_project/data/yolo/bdd_src/images/a2770140-bfdf3e9d.jpg,snow
/home/ps/Desktop/major_project/data/yolo/bdd_src/images/a2784a85-a35028c4.jpg,night
/home/ps/Desktop/major_project/data/yolo/bdd_src/images/a2797858-b8cf7847.jpg,night
/home/ps/Desktop/major_project/data/yolo/bdd_src/images/a284eb0e-90080ebb.jpg,night
/home/ps/Desktop/major_project/data/yolo/bdd_src/images/a2868927-8bf9df79.jpg,fog
/home/ps/Desktop/major_project/data/yolo/bdd_src/images/a287b909-ccbe0602.jpg,rain
/home/ps/Desktop/major_project/data/yolo/bdd_src/images/a28f85b0-14e859e3.jpg,snow
/home/ps/Desktop/major_project/data/yolo/bdd_src/images/a2a4f3af-f7de9ea7.jpg,night
/home/ps/Desktop/major_project/data/yolo/bdd_src/images/a2aef3f5-25c50b1a.jpg,snow
/home/ps/Desktop/major_project/data/yolo/bdd_src/images/a2af4af8-80b712b3.jpg,night
/home/ps/Desktop/major_project/data/yolo/bdd_src/images/a2b01916-aea39d92.jpg,night
/home/ps/Desktop/major_project/data/yolo/bdd_src/images/a2b306ec-cbd53bd7.jpg,fog
/home/ps/Desktop/major_project/data/yolo/bdd_src/images/a2bbbd83-e41e339b.jpg,fog
/home/ps/Desktop/major_project/data/yolo/bdd_src/images/a2cd5847-2d3ca425.jpg,fog
/home/ps/Desktop/major_project/data/yolo/bdd_src/images/a2f2c853-7051c06b.jpg,night
/home/ps/Desktop/major_project/data/yolo/bdd_src/images/a2f92c5e-d7fb01ad.jpg,night
/home/ps/Desktop/major_project/data/yolo/bdd_src/images/a2f95ae3-3fe41e2b.jpg,snow
/home/ps/Desktop/major_project/data/yolo/bdd_src/images/a2fd1cce-8a2123f0.jpg,fog
/home/ps/Desktop/major_project/data/yolo/bdd_src/images/a30fbe1d-99b3f218.jpg,fog
/home/ps/Desktop/major_project/data/yolo/bdd_src/images/a331d08e-a94d52a5.jpg,night
/home/ps/Desktop/major_project/data/yolo/bdd_src/images/a3485ac3-b5f0d3c7.jpg,snow
/home/ps/Desktop/major_project/data/yolo/bdd_src/images/a36de1c3-a13c9056.jpg,night
/home/ps/Desktop/major_project/data/yolo/bdd_src/images/a379731e-f703e22c.jpg,rain
/home/ps/Desktop/major_project/data/yolo/bdd_src/images/a39c56b0-171b3c6e.jpg,night
/home/ps/Desktop/major_project/data/yolo/bdd_src/images/a3a0f34f-03c8b548.jpg,fog
/home/ps/Desktop/major_project/data/yolo/bdd_src/images/a3a1e76e-107ab392.jpg,rain
/home/ps/Desktop/major_project/data/yolo/bdd_src/images/a3b8e6df-26433b0d.jpg,fog
/home/ps/Desktop/major_project/data/yolo/bdd_src/images/a3bac621-1d8b4524.jpg,night
/home/ps/Desktop/major_project/data/yolo/bdd_src/images/a3bc6078-99e96be8.jpg,night
/home/ps/Desktop/major_project/data/yolo/bdd_src/images/a3bed343-3e7e3ec7.jpg,snow
/home/ps/Desktop/major_project/data/yolo/bdd_src/images/a3bed343-b154db3d.jpg,rain
/home/ps/Desktop/major_project/data/yolo/bdd_src/images/a3bed343-f6083eb8.jpg,night
/home/ps/Desktop/major_project/data/yolo/bdd_src/images/a3bf3224-32e2c2b0.jpg,fog
/home/ps/Desktop/major_project/data/yolo/bdd_src/images/a3c14001-0cc5bea6.jpg,night
/home/ps/Desktop/major_project/data/yolo/bdd_src/images/a3c27d12-27663bcd.jpg,fog
/home/ps/Desktop/major_project/data/yolo/bdd_src/images/a3c27d12-89565f9c.jpg,snow
/home/ps/Desktop/major_project/data/yolo/bdd_src/images/a3c3a508-8e58c638.jpg,rain
/home/ps/Desktop/major_project/data/yolo/bdd_src/images/a3c554b4-f46fdfef.jpg,night
/home/ps/Desktop/major_project/data/yolo/bdd_src/images/a3d1d710-d9fd8d6d.jpg,fog
/home/ps/Desktop/major_project/data/yolo/bdd_src/images/a3d613d7-470ce699.jpg,rain
/home/ps/Desktop/major_project/data/yolo/bdd_src/images/a3e68103-97563bc8.jpg,snow
/home/ps/Desktop/major_project/data/yolo/bdd_src/images/a3e68103-ef5316c2.jpg,night
/home/ps/Desktop/major_project/data/yolo/bdd_src/images/a3e8ca14-4af4e43e.jpg,night
/home/ps/Desktop/major_project/data/yolo/bdd_src/images/a3e9fbca-48bb5ffe.jpg,night
/home/ps/Desktop/major_project/data/yolo/bdd_src/images/a3eb7d5c-c64686a0.jpg,fog
/home/ps/Desktop/major_project/data/yolo/bdd_src/images/a3f2a0ac-8e36f49e.jpg,night
/home/ps/Desktop/major_project/data/yolo/bdd_src/images/a3fb590f-ce7e1d53.jpg,rain
/home/ps/Desktop/major_project/data/yolo/bdd_src/images/a3fcd8d1-74a7d559.jpg,snow
/home/ps/Desktop/major_project/data/yolo/bdd_src/images/a400f1cf-86db5048.jpg,snow
/home/ps/Desktop/major_project/data/yolo/bdd_src/images/a4074d2e-49f193da.jpg,fog
/home/ps/Desktop/major_project/data/yolo/bdd_src/images/a40d32ca-f54f2d84.jpg,rain
/home/ps/Desktop/major_project/data/yolo/bdd_src/images/a40f1068-fc077f35.jpg,snow
/home/ps/Desktop/major_project/data/yolo/bdd_src/images/a41bc92e-37f8dfaa.jpg,snow
/home/ps/Desktop/major_project/data/yolo/bdd_src/images/a4212c2c-cd9740c5.jpg,fog
/home/ps/Desktop/major_project/data/yolo/bdd_src/images/a4248a66-1e696311.jpg,rain
/home/ps/Desktop/major_project/data/yolo/bdd_src/images/a4249c2e-3aaa76e2.jpg,snow
/home/ps/Desktop/major_project/data/yolo/bdd_src/images/a42c4389-b10d60b5.jpg,night
/home/ps/Desktop/major_project/data/yolo/bdd_src/images/a4322359-373d6c34.jpg,fog
/home/ps/Desktop/major_project/data/yolo/bdd_src/images/a43b8843-5e0c4102.jpg,night
/home/ps/Desktop/major_project/data/yolo/bdd_src/images/a4447131-d1eddfda.jpg,night
/home/ps/Desktop/major_project/data/yolo/bdd_src/images/a44648e1-60bb8f48.jpg,fog
/home/ps/Desktop/major_project/data/yolo/bdd_src/images/a4548204-4e6e63fa.jpg,fog
/home/ps/Desktop/major_project/data/yolo/bdd_src/images/a4589669-1bed36cf.jpg,snow
/home/ps/Desktop/major_project/data/yolo/bdd_src/images/a46594c1-bb57e012.jpg,rain
/home/ps/Desktop/major_project/data/yolo/bdd_src/images/a470e9c6-97516ace.jpg,snow
/home/ps/Desktop/major_project/data/yolo/bdd_src/images/a476ecd2-c8bd3863.jpg,rain
/home/ps/Desktop/major_project/data/yolo/bdd_src/images/a496b27c-1f0c6773.jpg,snow
/home/ps/Desktop/major_project/data/yolo/bdd_src/images/a49fc898-5e8b5d12.jpg,rain
/home/ps/Desktop/major_project/data/yolo/bdd_src/images/a4adaa33-a7d1b5fc.jpg,snow
/home/ps/Desktop/major_project/data/yolo/bdd_src/images/a4adaa33-f8ff89d5.jpg,rain
/home/ps/Desktop/major_project/data/yolo/bdd_src/images/a4bcd9f0-8dd588ca.jpg,snow
/home/ps/Desktop/major_project/data/yolo/bdd_src/images/a4bcd9f0-d150d9a2.jpg,rain
/home/ps/Desktop/major_project/data/yolo/bdd_src/images/a4bcd9f0-da28aaf6.jpg,rain
/home/ps/Desktop/major_project/data/yolo/bdd_src/images/a4c6b745-8d412dd3.jpg,rain
/home/ps/Desktop/major_project/data/yolo/bdd_src/images/a4d9504b-2b4d4093.jpg,rain
/home/ps/Desktop/major_project/data/yolo/bdd_src/images/a4dd6981-e7dbebb6.jpg,snow
/home/ps/Desktop/major_project/data/yolo/bdd_src/images/a4eac5f9-32c9fc5e.jpg,rain
/home/ps/Desktop/major_project/data/yolo/bdd_src/images/a4f2b992-29aa8efd.jpg,night
/home/ps/Desktop/major_project/data/yolo/bdd_src/images/a4f2b992-9de3eb58.jpg,night
/home/ps/Desktop/major_project/data/yolo/bdd_src/images/a4f43f96-4d38ad62.jpg,rain
/home/ps/Desktop/major_project/data/yolo/bdd_src/images/a501a05a-82cf1dd1.jpg,night
/home/ps/Desktop/major_project/data/yolo/bdd_src/images/a501a05a-845e9d31.jpg,night
/home/ps/Desktop/major_project/data/yolo/bdd_src/images/a511da10-a80e919c.jpg,snow
/home/ps/Desktop/major_project/data/yolo/bdd_src/images/a51551fb-9c8d0ee1.jpg,night
/home/ps/Desktop/major_project/data/yolo/bdd_src/images/a51551fb-baea211e.jpg,snow
/home/ps/Desktop/major_project/data/yolo/bdd_src/images/a51551fb-e0d326eb.jpg,night
/home/ps/Desktop/major_project/data/yolo/bdd_src/images/a51b02e5-53b8eaa6.jpg,rain
/home/ps/Desktop/major_project/data/yolo/bdd_src/images/a51bade2-02060c42.jpg,night
/home/ps/Desktop/major_project/data/yolo/bdd_src/images/a52efb61-5f8f16ff.jpg,fog
/home/ps/Desktop/major_project/data/yolo/bdd_src/images/a533bbf4-86f3fe72.jpg,rain
/home/ps/Desktop/major_project/data/yolo/bdd_src/images/a54a0704-504b6eb4.jpg,fog
/home/ps/Desktop/major_project/data/yolo/bdd_src/images/a54cbd29-e52ae115.jpg,rain
/home/ps/Desktop/major_project/data/yolo/bdd_src/images/a55d1213-bf9f04c8.jpg,fog
/home/ps/Desktop/major_project/data/yolo/bdd_src/images/a5697f00-f1e07949.jpg,night
/home/ps/Desktop/major_project/data/yolo/bdd_src/images/a56badf6-80446591.jpg,night
/home/ps/Desktop/major_project/data/yolo/bdd_src/images/a572eb72-eaf7fc6c.jpg,fog
/home/ps/Desktop/major_project/data/yolo/bdd_src/images/a57462cf-70601d86.jpg,fog
/home/ps/Desktop/major_project/data/yolo/bdd_src/images/a57462cf-b7344e15.jpg,rain
/home/ps/Desktop/major_project/data/yolo/bdd_src/images/a5892c0a-8b98bbde.jpg,snow
/home/ps/Desktop/major_project/data/yolo/bdd_src/images/a5892c0a-8f94b1f7.jpg,rain
/home/ps/Desktop/major_project/data/yolo/bdd_src/images/a596c628-a1fcac70.jpg,snow
/home/ps/Desktop/major_project/data/yolo/bdd_src/images/a5973562-4cef3090.jpg,snow
/home/ps/Desktop/major_project/data/yolo/bdd_src/images/a59deda6-5873681b.jpg,fog
/home/ps/Desktop/major_project/data/yolo/bdd_src/images/a5a2f787-1d7c320d.jpg,night
/home/ps/Desktop/major_project/data/yolo/bdd_src/images/a5a340f9-6cc4da84.jpg,rain
/home/ps/Desktop/major_project/data/yolo/bdd_src/images/a5a69ca2-c7d6031a.jpg,fog
/home/ps/Desktop/major_project/data/yolo/bdd_src/images/a5b89a8f-9541a5fc.jpg,fog
/home/ps/Desktop/major_project/data/yolo/bdd_src/images/a5bffb27-c38a9650.jpg,rain
/home/ps/Desktop/major_project/data/yolo/bdd_src/images/a5c289a6-b05c49ce.jpg,fog
/home/ps/Desktop/major_project/data/yolo/bdd_src/images/a5cbbf5b-e4e30a06.jpg,night
/home/ps/Desktop/major_project/data/yolo/bdd_src/images/a5cd924e-cd082934.jpg,night
/home/ps/Desktop/major_project/data/yolo/bdd_src/images/a5d4305e-d3b63c7b.jpg,snow
/home/ps/Desktop/major_project/data/yolo/bdd_src/images/a5d6aa8f-6d15799b.jpg,snow
/home/ps/Desktop/major_project/data/yolo/bdd_src/images/a5d9ad86-f40fb4ee.jpg,snow
/home/ps/Desktop/major_project/data/yolo/bdd_src/images/a5db8e50-a89ed4f1.jpg,fog
/home/ps/Desktop/major_project/data/yolo/bdd_src/images/a5e41a2b-939d99c5.jpg,snow
/home/ps/Desktop/major_project/data/yolo/bdd_src/images/a5e41a2b-bfa1653a.jpg,snow
/home/ps/Desktop/major_project/data/yolo/bdd_src/images/a5f0ec19-39903d50.jpg,fog
/home/ps/Desktop/major_project/data/yolo/bdd_src/images/a5f144b2-bb5badbe.jpg,rain
/home/ps/Desktop/major_project/data/yolo/bdd_src/images/a5feabf5-2927aa63.jpg,night
/home/ps/Desktop/major_project/data/yolo/bdd_src/images/a6086963-5a9e0678.jpg,snow
/home/ps/Desktop/major_project/data/yolo/bdd_src/images/a613a4c4-b2893916.jpg,night
/home/ps/Desktop/major_project/data/yolo/bdd_src/images/a616e0d1-152c827c.jpg,rain
/home/ps/Desktop/major_project/data/yolo/bdd_src/images/a618f73a-bc4c8f28.jpg,night
/home/ps/Desktop/major_project/data/yolo/bdd_src/images/a61fe528-68cf3354.jpg,night
/home/ps/Desktop/major_project/data/yolo/bdd_src/images/a629aa2c-e992ca2d.jpg,night
/home/ps/Desktop/major_project/data/yolo/bdd_src/images/a62fe707-b67ef49b.jpg,rain
/home/ps/Desktop/major_project/data/yolo/bdd_src/images/a635b203-a3ac67af.jpg,fog
/home/ps/Desktop/major_project/data/yolo/bdd_src/images/a635b203-ddc23637.jpg,night
/home/ps/Desktop/major_project/data/yolo/bdd_src/images/a6585d23-c1a5a5d8.jpg,rain
/home/ps/Desktop/major_project/data/yolo/bdd_src/images/a65a85d4-12b45ef9.jpg,snow
/home/ps/Desktop/major_project/data/yolo/bdd_src/images/a65ee719-0688ed2e.jpg,snow
/home/ps/Desktop/major_project/data/yolo/bdd_src/images/a67050d8-13a43f2f.jpg,rain
/home/ps/Desktop/major_project/data/yolo/bdd_src/images/a671d8c2-efb15c78.jpg,snow
/home/ps/Desktop/major_project/data/yolo/bdd_src/images/a6737daa-63252434.jpg,rain
/home/ps/Desktop/major_project/data/yolo/bdd_src/images/a675b75e-56c25037.jpg,night
/home/ps/Desktop/major_project/data/yolo/bdd_src/images/a6766ce0-082bb1d9.jpg,fog
/home/ps/Desktop/major_project/data/yolo/bdd_src/images/a68b0982-c7a6432e.jpg,night
/home/ps/Desktop/major_project/data/yolo/bdd_src/images/a6958306-f8d2ae5d.jpg,rain
/home/ps/Desktop/major_project/data/yolo/bdd_src/images/a6996401-3d45c1ca.jpg,fog
/home/ps/Desktop/major_project/data/yolo/bdd_src/images/a6a59997-8d897f91.jpg,snow
/home/ps/Desktop/major_project/data/yolo/bdd_src/images/a6b8229f-a582fe67.jpg,rain
/home/ps/Desktop/major_project/data/yolo/bdd_src/images/a6b9fea6-9bf0364b.jpg,snow
/home/ps/Desktop/major_project/data/yolo/bdd_src/images/a6b9fea6-b8552d6e.jpg,rain
/home/ps/Desktop/major_project/data/yolo/bdd_src/images/a6bc3e34-2ea4f4dd.jpg,fog
/home/ps/Desktop/major_project/data/yolo/bdd_src/images/a6d5bd91-3fb553b7.jpg,fog
/home/ps/Desktop/major_project/data/yolo/bdd_src/images/a6d89bf9-f96b77c4.jpg,rain
/home/ps/Desktop/major_project/data/yolo/bdd_src/images/a6d97b7d-d4996268.jpg,snow
/home/ps/Desktop/major_project/data/yolo/bdd_src/images/a6da91c7-034d37cb.jpg,rain
/home/ps/Desktop/major_project/data/yolo/bdd_src/images/a6e35bd1-d5d8a4f5.jpg,rain
/home/ps/Desktop/major_project/data/yolo/bdd_src/images/a6e3d218-620fb2e0.jpg,fog
/home/ps/Desktop/major_project/data/yolo/bdd_src/images/a6f2f54b-5ca4e6ba.jpg,fog
/home/ps/Desktop/major_project/data/yolo/bdd_src/images/a6fcb613-9d1454d6.jpg,fog
/home/ps/Desktop/major_project/data/yolo/bdd_src/images/a701ae1e-217fe13e.jpg,night
/home/ps/Desktop/major_project/data/yolo/bdd_src/images/a706da19-1446e5e1.jpg,rain
/home/ps/Desktop/major_project/data/yolo/bdd_src/images/a7159126-3e14c391.jpg,night
/home/ps/Desktop/major_project/data/yolo/bdd_src/images/a7159126-ce83a9c0.jpg,snow
/home/ps/Desktop/major_project/data/yolo/bdd_src/images/a7227436-9487048f.jpg,rain
/home/ps/Desktop/major_project/data/yolo/bdd_src/images/a738f1be-dcd34844.jpg,snow
/home/ps/Desktop/major_project/data/yolo/bdd_src/images/a75a0d1b-73d6ad32.jpg,fog
/home/ps/Desktop/major_project/data/yolo/bdd_src/images/a760566c-76d12558.jpg,fog
/home/ps/Desktop/major_project/data/yolo/bdd_src/images/a7605fe0-4476c298.jpg,fog
/home/ps/Desktop/major_project/data/yolo/bdd_src/images/a764e3e1-1c7134fb.jpg,rain
/home/ps/Desktop/major_project/data/yolo/bdd_src/images/a764e3e1-4fb9abdb.jpg,rain
/home/ps/Desktop/major_project/data/yolo/bdd_src/images/a7655c99-0e7e818a.jpg,rain
/home/ps/Desktop/major_project/data/yolo/bdd_src/images/a765ccd2-1d367834.jpg,fog
/home/ps/Desktop/major_project/data/yolo/bdd_src/images/a765ccd2-991c653b.jpg,night
/home/ps/Desktop/major_project/data/yolo/bdd_src/images/a7709054-15cf61bc.jpg,night
/home/ps/Desktop/major_project/data/yolo/bdd_src/images/a77f33f1-412d374e.jpg,night
/home/ps/Desktop/major_project/data/yolo/bdd_src/images/a78a5321-305ec843.jpg,fog
/home/ps/Desktop/major_project/data/yolo/bdd_src/images/a78a5321-b1438865.jpg,night
/home/ps/Desktop/major_project/data/yolo/bdd_src/images/a7968cda-21be9f72.jpg,fog
/home/ps/Desktop/major_project/data/yolo/bdd_src/images/a7995a9f-14cf03db.jpg,fog
/home/ps/Desktop/major_project/data/yolo/bdd_src/images/a7a00f01-9d5b5da3.jpg,rain
/home/ps/Desktop/major_project/data/yolo/bdd_src/images/a7a4f4fc-d2bba4fb.jpg,snow
/home/ps/Desktop/major_project/data/yolo/bdd_src/images/a7a60622-c53bdcd9.jpg,rain
/home/ps/Desktop/major_project/data/yolo/bdd_src/images/a7b7b0ae-70df7c4c.jpg,fog
/home/ps/Desktop/major_project/data/yolo/bdd_src/images/a7c1bdfb-3c5c1ec6.jpg,rain
/home/ps/Desktop/major_project/data/yolo/bdd_src/images/a7c4fa8d-8087f7d3.jpg,night
/home/ps/Desktop/major_project/data/yolo/bdd_src/images/a7c4fa8d-c6422fbd.jpg,rain
/home/ps/Desktop/major_project/data/yolo/bdd_src/images/a7c5c915-e3ec6b8d.jpg,rain
/home/ps/Desktop/major_project/data/yolo/bdd_src/images/a7ce71c4-0ef14a47.jpg,night
/home/ps/Desktop/major_project/data/yolo/bdd_src/images/a7ea900f-ffeb9a00.jpg,rain
/home/ps/Desktop/major_project/data/yolo/bdd_src/images/a7f4bb4b-a50c18d7.jpg,snow
/home/ps/Desktop/major_project/data/yolo/bdd_src/images/a7f5a126-dab56cf5.jpg,snow
/home/ps/Desktop/major_project/data/yolo/bdd_src/images/a81dd9db-028dd5bb.jpg,rain
/home/ps/Desktop/major_project/data/yolo/bdd_src/images/a822c459-40b89de7.jpg,rain
/home/ps/Desktop/major_project/data/yolo/bdd_src/images/a822c459-5d3f738f.jpg,night
/home/ps/Desktop/major_project/data/yolo/bdd_src/images/a8290840-b4240b53.jpg,fog
/home/ps/Desktop/major_project/data/yolo/bdd_src/images/a82da9ad-7f539385.jpg,night
/home/ps/Desktop/major_project/data/yolo/bdd_src/images/a8450522-d8c3a203.jpg,rain
/home/ps/Desktop/major_project/data/yolo/bdd_src/images/a8485f24-7f3220df.jpg,rain
/home/ps/Desktop/major_project/data/yolo/bdd_src/images/a853b580-fa90e7d2.jpg,rain
/home/ps/Desktop/major_project/data/yolo/bdd_src/images/a853f8b2-19163811.jpg,fog
/home/ps/Desktop/major_project/data/yolo/bdd_src/images/a859a091-821b395f.jpg,fog
/home/ps/Desktop/major_project/data/yolo/bdd_src/images/a859bf21-e1500f92.jpg,rain
/home/ps/Desktop/major_project/data/yolo/bdd_src/images/a85c42a8-a700bbe5.jpg,fog
/home/ps/Desktop/major_project/data/yolo/bdd_src/images/a85df27e-0fe0815e.jpg,snow
/home/ps/Desktop/major_project/data/yolo/bdd_src/images/a85df27e-279759d6.jpg,night
/home/ps/Desktop/major_project/data/yolo/bdd_src/images/a86edea5-c2670ddb.jpg,night
/home/ps/Desktop/major_project/data/yolo/bdd_src/images/a877ce52-a7f1896b.jpg,snow
/home/ps/Desktop/major_project/data/yolo/bdd_src/images/a87d6c9b-8a0330a0.jpg,night
/home/ps/Desktop/major_project/data/yolo/bdd_src/images/a8868c7e-5758dea5.jpg,night
/home/ps/Desktop/major_project/data/yolo/bdd_src/images/a8abf8fe-1f2ed888.jpg,night
/home/ps/Desktop/major_project/data/yolo/bdd_src/images/a8c63237-d5293d24.jpg,night
/home/ps/Desktop/major_project/data/yolo/bdd_src/images/a8cdd98f-d5208fc4.jpg,night
/home/ps/Desktop/major_project/data/yolo/bdd_src/images/a8d54cd6-bd74a750.jpg,snow
/home/ps/Desktop/major_project/data/yolo/bdd_src/images/a8e575f1-fec3ad04.jpg,snow
/home/ps/Desktop/major_project/data/yolo/bdd_src/images/a8eb4ba3-5ead4fd2.jpg,fog
/home/ps/Desktop/major_project/data/yolo/bdd_src/images/a8eb4ba3-986e831d.jpg,fog
/home/ps/Desktop/major_project/data/yolo/bdd_src/images/a8eb4ba3-ad738534.jpg,night
/home/ps/Desktop/major_project/data/yolo/bdd_src/images/a8eb909d-12e62047.jpg,fog
/home/ps/Desktop/major_project/data/yolo/bdd_src/images/a8f6bac8-0eacd8e3.jpg,rain
/home/ps/Desktop/major_project/data/yolo/bdd_src/images/a8f6bac8-d8b214aa.jpg,rain
/home/ps/Desktop/major_project/data/yolo/bdd_src/images/a8f71e05-06d50890.jpg,night
/home/ps/Desktop/major_project/data/yolo/bdd_src/images/a8f71e05-0f26df89.jpg,night
/home/ps/Desktop/major_project/data/yolo/bdd_src/images/a8f71e05-b135b645.jpg,rain
/home/ps/Desktop/major_project/data/yolo/bdd_src/images/a8f71e05-da803448.jpg,rain
/home/ps/Desktop/major_project/data/yolo/bdd_src/images/a8f71e05-f250cfcb.jpg,fog
/home/ps/Desktop/major_project/data/yolo/bdd_src/images/a9098a1f-3bc5b0d7.jpg,fog
/home/ps/Desktop/major_project/data/yolo/bdd_src/images/a90dc713-d80efb8d.jpg,fog
/home/ps/Desktop/major_project/data/yolo/bdd_src/images/a93170b9-da914453.jpg,rain
/home/ps/Desktop/major_project/data/yolo/bdd_src/images/a93859c0-1ed665ee.jpg,fog
/home/ps/Desktop/major_project/data/yolo/bdd_src/images/a9627750-5c7b3271.jpg,night
/home/ps/Desktop/major_project/data/yolo/bdd_src/images/a9647f1c-efd4f139.jpg,fog
/home/ps/Desktop/major_project/data/yolo/bdd_src/images/a974e732-d2f71442.jpg,snow
/home/ps/Desktop/major_project/data/yolo/bdd_src/images/a97d769d-4e668bb3.jpg,night
/home/ps/Desktop/major_project/data/yolo/bdd_src/images/a98ace27-31fc50d6.jpg,snow
/home/ps/Desktop/major_project/data/yolo/bdd_src/images/a98ace27-7157a830.jpg,night
/home/ps/Desktop/major_project/data/yolo/bdd_src/images/a98ace27-71ec4d0f.jpg,night
/home/ps/Desktop/major_project/data/yolo/bdd_src/images/a98ace27-acc323c8.jpg,rain
/home/ps/Desktop/major_project/data/yolo/bdd_src/images/a98ace27-dc1c90c9.jpg,rain
/home/ps/Desktop/major_project/data/yolo/bdd_src/images/a98e2bc9-214311ee.jpg,night
/home/ps/Desktop/major_project/data/yolo/bdd_src/images/a98e2bc9-dd54449a.jpg,fog
/home/ps/Desktop/major_project/data/yolo/bdd_src/images/a9b16f8b-73ad7365.jpg,snow
/home/ps/Desktop/major_project/data/yolo/bdd_src/images/a9d0a783-c3077d6e.jpg,fog
/home/ps/Desktop/major_project/data/yolo/bdd_src/images/a9d0f0d3-f246a3bb.jpg,fog
/home/ps/Desktop/major_project/data/yolo/bdd_src/images/a9dca02f-755337dc.jpg,snow
/home/ps/Desktop/major_project/data/yolo/bdd_src/images/a9ec4211-0f287012.jpg,night
/home/ps/Desktop/major_project/data/yolo/bdd_src/images/a9f5028f-bd8f2fb4.jpg,night
/home/ps/Desktop/major_project/data/yolo/bdd_src/images/a9f7b7a8-de6aeed9.jpg,rain
/home/ps/Desktop/major_project/data/yolo/bdd_src/images/a9fb9f25-422900c2.jpg,night
/home/ps/Desktop/major_project/data/yolo/bdd_src/images/aa0a3b63-423b68b5.jpg,snow
/home/ps/Desktop/major_project/data/yolo/bdd_src/images/aa0a3b63-a2410d8e.jpg,night
/home/ps/Desktop/major_project/data/yolo/bdd_src/images/aa0d26d0-5ee2a3c5.jpg,night
/home/ps/Desktop/major_project/data/yolo/bdd_src/images/aa0ebda1-c41694c0.jpg,night
/home/ps/Desktop/major_project/data/yolo/bdd_src/images/aa191918-f8539ff2.jpg,rain
/home/ps/Desktop/major_project/data/yolo/bdd_src/images/aa36a2e2-2757e55a.jpg,fog
/home/ps/Desktop/major_project/data/yolo/bdd_src/images/aa3a87c4-88fe3933.jpg,rain
/home/ps/Desktop/major_project/data/yolo/bdd_src/images/aa3c257c-af9d4d16.jpg,snow
/home/ps/Desktop/major_project/data/yolo/bdd_src/images/aa58ace7-c7591ff9.jpg,snow
/home/ps/Desktop/major_project/data/yolo/bdd_src/images/aa63d3b0-1892c7b0.jpg,fog
/home/ps/Desktop/major_project/data/yolo/bdd_src/images/aa7a8116-975d99cd.jpg,fog
/home/ps/Desktop/major_project/data/yolo/bdd_src/images/aa7f5521-22d5fbbf.jpg,snow
/home/ps/Desktop/major_project/data/yolo/bdd_src/images/aa819ae3-a96946e8.jpg,night
/home/ps/Desktop/major_project/data/yolo/bdd_src/images/aa88fa0c-3f35071b.jpg,rain
/home/ps/Desktop/major_project/data/yolo/bdd_src/images/aa88fa0c-ca70bfe1.jpg,night
/home/ps/Desktop/major_project/data/yolo/bdd_src/images/aa88fa0c-fda02603.jpg,night
/home/ps/Desktop/major_project/data/yolo/bdd_src/images/aa89051b-2087181d.jpg,rain
/home/ps/Desktop/major_project/data/yolo/bdd_src/images/aa89a0bb-3687cd4b.jpg,rain
/home/ps/Desktop/major_project/data/yolo/bdd_src/images/aa89a0bb-ec0af316.jpg,snow
/home/ps/Desktop/major_project/data/yolo/bdd_src/images/aa94c316-cd03350d.jpg,rain
/home/ps/Desktop/major_project/data/yolo/bdd_src/images/aaa3095f-23faa61d.jpg,rain
/home/ps/Desktop/major_project/data/yolo/bdd_src/images/aabde8f6-4ba28bad.jpg,fog
/home/ps/Desktop/major_project/data/yolo/bdd_src/images/aac8037d-31c9340d.jpg,rain
/home/ps/Desktop/major_project/data/yolo/bdd_src/images/aac8037d-aa550ed2.jpg,fog
/home/ps/Desktop/major_project/data/yolo/bdd_src/images/aacceafb-c93f80d7.jpg,rain
/home/ps/Desktop/major_project/data/yolo/bdd_src/images/aaed66dc-49810569.jpg,rain
/home/ps/Desktop/major_project/data/yolo/bdd_src/images/aaf122ed-78a30768.jpg,night
/home/ps/Desktop/major_project/data/yolo/bdd_src/images/aafcc602-8c41b356.jpg,fog
/home/ps/Desktop/major_project/data/yolo/bdd_src/images/ab0736b0-c1a3ba6f.jpg,snow
/home/ps/Desktop/major_project/data/yolo/bdd_src/images/ab0b946c-f9d814e9.jpg,night
/home/ps/Desktop/major_project/data/yolo/bdd_src/images/ab0f9d05-a356963b.jpg,snow
/home/ps/Desktop/major_project/data/yolo/bdd_src/images/ab1f77c4-95d96436.jpg,snow
/home/ps/Desktop/major_project/data/yolo/bdd_src/images/ab2b1dee-b576c70e.jpg,fog
/home/ps/Desktop/major_project/data/yolo/bdd_src/images/ab36a641-5ae7a678.jpg,night
/home/ps/Desktop/major_project/data/yolo/bdd_src/images/ab441b42-238fa42c.jpg,rain
/home/ps/Desktop/major_project/data/yolo/bdd_src/images/ab4796d2-3f8d222b.jpg,night
/home/ps/Desktop/major_project/data/yolo/bdd_src/images/ab4796d2-419854cf.jpg,night
/home/ps/Desktop/major_project/data/yolo/bdd_src/images/ab48a1a7-408212d4.jpg,night
/home/ps/Desktop/major_project/data/yolo/bdd_src/images/ab571def-fa45fbca.jpg,snow
/home/ps/Desktop/major_project/data/yolo/bdd_src/images/ab62abd3-625f7ce8.jpg,snow
/home/ps/Desktop/major_project/data/yolo/bdd_src/images/ab675c86-c775042d.jpg,rain
/home/ps/Desktop/major_project/data/yolo/bdd_src/images/ab728c55-b7479b97.jpg,night
/home/ps/Desktop/major_project/data/yolo/bdd_src/images/ab8095e6-a1916edb.jpg,fog
/home/ps/Desktop/major_project/data/yolo/bdd_src/images/ab830fa3-6276a125.jpg,snow
/home/ps/Desktop/major_project/data/yolo/bdd_src/images/abb4dba9-33b442bd.jpg,snow
/home/ps/Desktop/major_project/data/yolo/bdd_src/images/abcbd017-2b5242f1.jpg,fog
/home/ps/Desktop/major_project/data/yolo/bdd_src/images/abe2f1dd-09a3f58f.jpg,fog
/home/ps/Desktop/major_project/data/yolo/bdd_src/images/abfabb35-ed52eebc.jpg,fog
/home/ps/Desktop/major_project/data/yolo/bdd_src/images/ac07c94a-1d0915b5.jpg,fog
/home/ps/Desktop/major_project/data/yolo/bdd_src/images/ac14a783-77254a6d.jpg,snow
/home/ps/Desktop/major_project/data/yolo/bdd_src/images/ac3354e7-6d1afe51.jpg,rain
/home/ps/Desktop/major_project/data/yolo/bdd_src/images/ac36fe79-038a50b8.jpg,snow
/home/ps/Desktop/major_project/data/yolo/bdd_src/images/ac44c572-e153c715.jpg,rain
/home/ps/Desktop/major_project/data/yolo/bdd_src/images/ac45cf3e-16c38858.jpg,rain
/home/ps/Desktop/major_project/data/yolo/bdd_src/images/ac4ed0a1-e6bb1c6f.jpg,snow
/home/ps/Desktop/major_project/data/yolo/bdd_src/images/ac71b3ea-e83ec5ec.jpg,night
/home/ps/Desktop/major_project/data/yolo/bdd_src/images/ac8fbda7-4c7a4db7.jpg,rain
/home/ps/Desktop/major_project/data/yolo/bdd_src/images/ac8fbda7-884e8caf.jpg,snow
/home/ps/Desktop/major_project/data/yolo/bdd_src/images/acca7307-955fefc6.jpg,fog
/home/ps/Desktop/major_project/data/yolo/bdd_src/images/accb8aa5-28bb6d6f.jpg,snow
/home/ps/Desktop/major_project/data/yolo/bdd_src/images/accd59aa-917a1b43.jpg,rain
/home/ps/Desktop/major_project/data/yolo/bdd_src/images/accf09f8-5098c4f4.jpg,snow
/home/ps/Desktop/major_project/data/yolo/bdd_src/images/acd3fc20-24f0bfaf.jpg,fog
/home/ps/Desktop/major_project/data/yolo/bdd_src/images/acdf10b3-4ee2439c.jpg,fog
/home/ps/Desktop/major_project/data/yolo/bdd_src/images/acdf10b3-f9465dd1.jpg,rain
/home/ps/Desktop/major_project/data/yolo/bdd_src/images/acf07893-a557a398.jpg,night
/home/ps/Desktop/major_project/data/yolo/bdd_src/images/ad00c4e3-f49bf448.jpg,snow
/home/ps/Desktop/major_project/data/yolo/bdd_src/images/ad09526e-ec9115af.jpg,fog
/home/ps/Desktop/major_project/data/yolo/bdd_src/images/ad09a5b3-2035a27c.jpg,fog
/home/ps/Desktop/major_project/data/yolo/bdd_src/images/ad09a5b3-39cf79f6.jpg,night
/home/ps/Desktop/major_project/data/yolo/bdd_src/images/ad09a5b3-92869cc0.jpg,night
/home/ps/Desktop/major_project/data/yolo/bdd_src/images/ad09a5b3-9ec948da.jpg,rain
/home/ps/Desktop/major_project/data/yolo/bdd_src/images/ad09a5b3-c888b2eb.jpg,rain
/home/ps/Desktop/major_project/data/yolo/bdd_src/images/ad0a8cc7-c3c77b34.jpg,snow
/home/ps/Desktop/major_project/data/yolo/bdd_src/images/ad0e9dde-3dcaa0e3.jpg,fog
/home/ps/Desktop/major_project/data/yolo/bdd_src/images/ad1f187f-f6858bd5.jpg,fog
/home/ps/Desktop/major_project/data/yolo/bdd_src/images/ad2bc657-0ab7e6e6.jpg,fog
/home/ps/Desktop/major_project/data/yolo/bdd_src/images/ad334601-5a2290a4.jpg,night
/home/ps/Desktop/major_project/data/yolo/bdd_src/images/ad3fff69-aa1a8fc3.jpg,fog
/home/ps/Desktop/major_project/data/yolo/bdd_src/images/ad418171-c8d3b6a8.jpg,night
/home/ps/Desktop/major_project/data/yolo/bdd_src/images/ad58c351-ceb6a3b1.jpg,rain
/home/ps/Desktop/major_project/data/yolo/bdd_src/images/ad5ebb62-7529a37d.jpg,night
/home/ps/Desktop/major_project/data/yolo/bdd_src/images/ad62ff26-ef0c923e.jpg,fog
/home/ps/Desktop/major_project/data/yolo/bdd_src/images/ad7083b0-d2a0e84f.jpg,fog
/home/ps/Desktop/major_project/data/yolo/bdd_src/images/ad7b24c9-1474e8d7.jpg,snow
/home/ps/Desktop/major_project/data/yolo/bdd_src/images/ad7b24c9-5a027891.jpg,night
/home/ps/Desktop/major_project/data/yolo/bdd_src/images/ad8cc8e4-89b9a93f.jpg,snow
/home/ps/Desktop/major_project/data/yolo/bdd_src/images/ad9371b7-bb7dc833.jpg,rain
/home/ps/Desktop/major_project/data/yolo/bdd_src/images/ad9f7908-b3784f0f.jpg,snow
/home/ps/Desktop/major_project/data/yolo/bdd_src/images/ada1f86b-b49094fc.jpg,snow
/home/ps/Desktop/major_project/data/yolo/bdd_src/images/ada7cd23-c795cd82.jpg,night
/home/ps/Desktop/major_project/data/yolo/bdd_src/images/adaff47e-23592169.jpg,rain
/home/ps/Desktop/major_project/data/yolo/bdd_src/images/adb3f1b9-e5ecbf84.jpg,night
/home/ps/Desktop/major_project/data/yolo/bdd_src/images/adb77b75-b2a4897d.jpg,night
/home/ps/Desktop/major_project/data/yolo/bdd_src/images/adb9b134-2937d690.jpg,fog
/home/ps/Desktop/major_project/data/yolo/bdd_src/images/adb9b134-d206c019.jpg,fog
/home/ps/Desktop/major_project/data/yolo/bdd_src/images/adbbb34d-a03e735d.jpg,fog
/home/ps/Desktop/major_project/data/yolo/bdd_src/images/adbdbeea-a4376109.jpg,snow
/home/ps/Desktop/major_project/data/yolo/bdd_src/images/adc24344-9bc6847f.jpg,fog
/home/ps/Desktop/major_project/data/yolo/bdd_src/images/adcdae3d-331c337c.jpg,fog
/home/ps/Desktop/major_project/data/yolo/bdd_src/images/add892d9-267652be.jpg,fog
/home/ps/Desktop/major_project/data/yolo/bdd_src/images/ade9936a-2da1b1a9.jpg,fog
/home/ps/Desktop/major_project/data/yolo/bdd_src/images/adf197ed-f33a1a94.jpg,night
/home/ps/Desktop/major_project/data/yolo/bdd_src/images/ae046fdc-eb21a2ac.jpg,snow
/home/ps/Desktop/major_project/data/yolo/bdd_src/images/ae1365f0-fcc104b5.jpg,night
/home/ps/Desktop/major_project/data/yolo/bdd_src/images/ae26c6eb-7d69aed9.jpg,fog
/home/ps/Desktop/major_project/data/yolo/bdd_src/images/ae43cf86-21986ef7.jpg,fog
/home/ps/Desktop/major_project/data/yolo/bdd_src/images/ae43cf86-2815180e.jpg,snow
/home/ps/Desktop/major_project/data/yolo/bdd_src/images/ae43cf86-75c4d496.jpg,snow
/home/ps/Desktop/major_project/data/yolo/bdd_src/images/ae4776d6-f4b6943f.jpg,night
/home/ps/Desktop/major_project/data/yolo/bdd_src/images/ae4b0c67-ef4c19c7.jpg,rain
/home/ps/Desktop/major_project/data/yolo/bdd_src/images/ae653a7e-93f406b6.jpg,rain
/home/ps/Desktop/major_project/data/yolo/bdd_src/images/ae653a7e-e55e3083.jpg,rain
/home/ps/Desktop/major_project/data/yolo/bdd_src/images/ae6bb990-1e4a465e.jpg,fog
/home/ps/Desktop/major_project/data/yolo/bdd_src/images/ae82d1ee-18db13b8.jpg,fog
/home/ps/Desktop/major_project/data/yolo/bdd_src/images/ae82d1ee-3777bcdb.jpg,night
/home/ps/Desktop/major_project/data/yolo/bdd_src/images/ae93c4b5-c06e2322.jpg,rain
/home/ps/Desktop/major_project/data/yolo/bdd_src/images/aea78c08-40ee9cd5.jpg,night
/home/ps/Desktop/major_project/data/yolo/bdd_src/images/aec22394-40f37a2c.jpg,fog
/home/ps/Desktop/major_project/data/yolo/bdd_src/images/aed9a180-3ed03541.jpg,night
/home/ps/Desktop/major_project/data/yolo/bdd_src/images/aedde6da-6fc823e2.jpg,night
/home/ps/Desktop/major_project/data/yolo/bdd_src/images/aee3c5a6-c7c2a98a.jpg,rain
/home/ps/Desktop/major_project/data/yolo/bdd_src/images/aefe7b81-ea89a42d.jpg,snow
/home/ps/Desktop/major_project/data/yolo/bdd_src/images/af0c7640-cb2edf20.jpg,snow
/home/ps/Desktop/major_project/data/yolo/bdd_src/images/af193079-6a686b43.jpg,night
/home/ps/Desktop/major_project/data/yolo/bdd_src/images/af19a342-7ee5af3f.jpg,night
/home/ps/Desktop/major_project/data/yolo/bdd_src/images/af1af09f-566f3dca.jpg,night
/home/ps/Desktop/major_project/data/yolo/bdd_src/images/af1af09f-b892e178.jpg,snow
/home/ps/Desktop/major_project/data/yolo/bdd_src/images/af1af09f-e27585b0.jpg,fog
/home/ps/Desktop/major_project/data/yolo/bdd_src/images/af1f6afb-e03add78.jpg,rain
/home/ps/Desktop/major_project/data/yolo/bdd_src/images/af265364-41b03420.jpg,fog
/home/ps/Desktop/major_project/data/yolo/bdd_src/images/af4d5031-9e5f1873.jpg,fog
/home/ps/Desktop/major_project/data/yolo/bdd_src/images/af646be5-e897ca9f.jpg,rain
/home/ps/Desktop/major_project/data/yolo/bdd_src/images/af822d18-510b4d41.jpg,rain
/home/ps/Desktop/major_project/data/yolo/bdd_src/images/af822d18-a1ebfcab.jpg,night
/home/ps/Desktop/major_project/data/yolo/bdd_src/images/af915d2f-f6a4a769.jpg,fog
/home/ps/Desktop/major_project/data/yolo/bdd_src/images/af9916b4-c8f6dc59.jpg,fog
/home/ps/Desktop/major_project/data/yolo/bdd_src/images/afa0000b-64f5485c.jpg,snow
/home/ps/Desktop/major_project/data/yolo/bdd_src/images/afa6f76c-9c6dff6a.jpg,snow
/home/ps/Desktop/major_project/data/yolo/bdd_src/images/afa7cd59-7ad16bc0.jpg,snow
/home/ps/Desktop/major_project/data/yolo/bdd_src/images/afa7cd59-e539d0a6.jpg,fog
/home/ps/Desktop/major_project/data/yolo/bdd_src/images/afa7cd59-ed98b3f3.jpg,snow
/home/ps/Desktop/major_project/data/yolo/bdd_src/images/afa8dc07-2156be13.jpg,snow
/home/ps/Desktop/major_project/data/yolo/bdd_src/images/afb4c2d6-270e1a9c.jpg,snow
/home/ps/Desktop/major_project/data/yolo/bdd_src/images/afb93c2b-c88beb0f.jpg,rain
/home/ps/Desktop/major_project/data/yolo/bdd_src/images/afb9de74-f59b8113.jpg,fog
/home/ps/Desktop/major_project/data/yolo/bdd_src/images/afbcc97f-ccbdcd44.jpg,night
/home/ps/Desktop/major_project/data/yolo/bdd_src/images/afbe2b89-68bc6aab.jpg,rain
/home/ps/Desktop/major_project/data/yolo/bdd_src/images/afc1f541-40020a28.jpg,rain
/home/ps/Desktop/major_project/data/yolo/bdd_src/images/afc3456c-b6b9a65d.jpg,fog
/home/ps/Desktop/major_project/data/yolo/bdd_src/images/afcfe157-d1708127.jpg,rain
/home/ps/Desktop/major_project/data/yolo/bdd_src/images/afd35d01-38f98552.jpg,rain
/home/ps/Desktop/major_project/data/yolo/bdd_src/images/afd35d01-4f0f5070.jpg,night
/home/ps/Desktop/major_project/data/yolo/bdd_src/images/afdefbf2-fd0505fa.jpg,night
/home/ps/Desktop/major_project/data/yolo/bdd_src/images/afe7c43b-998729a8.jpg,night
/home/ps/Desktop/major_project/data/yolo/bdd_src/images/afe80c9d-333dd2ea.jpg,fog
/home/ps/Desktop/major_project/data/yolo/bdd_src/images/afeafc90-3396f845.jpg,rain
/home/ps/Desktop/major_project/data/yolo/bdd_src/images/b00ae1f9-b6c6d12d.jpg,snow
/home/ps/Desktop/major_project/data/yolo/bdd_src/images/b01e39e0-d115b4da.jpg,snow
/home/ps/Desktop/major_project/data/yolo/bdd_src/images/b0263f3e-a00dc245.jpg,rain
/home/ps/Desktop/major_project/data/yolo/bdd_src/images/b04dca89-a0ef70d4.jpg,rain
/home/ps/Desktop/major_project/data/yolo/bdd_src/images/b05160eb-73c0e8bb.jpg,rain
/home/ps/Desktop/major_project/data/yolo/bdd_src/images/b0521762-565e20cd.jpg,fog
/home/ps/Desktop/major_project/data/yolo/bdd_src/images/b054fc2f-dcbb8dd4.jpg,snow
/home/ps/Desktop/major_project/data/yolo/bdd_src/images/b05dc32c-5eb7622d.jpg,fog
/home/ps/Desktop/major_project/data/yolo/bdd_src/images/b0674bdf-53086b4d.jpg,rain
/home/ps/Desktop/major_project/data/yolo/bdd_src/images/b0674bdf-fe511adb.jpg,snow
/home/ps/Desktop/major_project/data/yolo/bdd_src/images/b0729f3b-63288f86.jpg,night
/home/ps/Desktop/major_project/data/yolo/bdd_src/images/b0803418-e2c504fa.jpg,night
/home/ps/Desktop/major_project/data/yolo/bdd_src/images/b0826320-e12c70f6.jpg,snow
/home/ps/Desktop/major_project/data/yolo/bdd_src/images/b08959f0-3d038242.jpg,night
/home/ps/Desktop/major_project/data/yolo/bdd_src/images/b090bc5d-843febf2.jpg,night
/home/ps/Desktop/major_project/data/yolo/bdd_src/images/b097e7d1-1a940370.jpg,night
/home/ps/Desktop/major_project/data/yolo/bdd_src/images/b09a748e-eff45949.jpg,night
/home/ps/Desktop/major_project/data/yolo/bdd_src/images/b0a034e3-a7a0821b.jpg,rain
/home/ps/Desktop/major_project/data/yolo/bdd_src/images/b0bbf43a-ecaa0369.jpg,fog
/home/ps/Desktop/major_project/data/yolo/bdd_src/images/b0c9bf19-700ea248.jpg,rain
/home/ps/Desktop/major_project/data/yolo/bdd_src/images/b0cbfdb2-749d3117.jpg,fog
/home/ps/Desktop/major_project/data/yolo/bdd_src/images/b0d28ecc-3ffd161f.jpg,rain
/home/ps/Desktop/major_project/data/yolo/bdd_src/images/b0d28ecc-dabf8c81.jpg,snow
/home/ps/Desktop/major_project/data/yolo/bdd_src/images/b0d5e97c-f4e987bb.jpg,night
/home/ps/Desktop/major_project/data/yolo/bdd_src/images/b0d97c4a-31222b85.jpg,fog
/home/ps/Desktop/major_project/data/yolo/bdd_src/images/b0e31ba3-3aa06829.jpg,snow
/home/ps/Desktop/major_project/data/yolo/bdd_src/images/b0e31ba3-cf8b8cab.jpg,rain
/home/ps/Desktop/major_project/data/yolo/bdd_src/images/b0e6d36f-4a93de5c.jpg,night
/home/ps/Desktop/major_project/data/yolo/bdd_src/images/b0ee0090-15dbc61e.jpg,snow
/home/ps/Desktop/major_project/data/yolo/bdd_src/images/b0f5eb06-a16a347c.jpg,night
/home/ps/Desktop/major_project/data/yolo/bdd_src/images/b10af931-3a066b39.jpg,fog
/home/ps/Desktop/major_project/data/yolo/bdd_src/images/b10bdf79-470a5adc.jpg,snow
/home/ps/Desktop/major_project/data/yolo/bdd_src/images/b10bdf79-a429c129.jpg,fog
/home/ps/Desktop/major_project/data/yolo/bdd_src/images/b11c4658-02274017.jpg,snow
/home/ps/Desktop/major_project/data/yolo/bdd_src/images/b11e1b53-ef1cb1f6.jpg,snow
/home/ps/Desktop/major_project/data/yolo/bdd_src/images/b1441e28-237c656a.jpg,fog
/home/ps/Desktop/major_project/data/yolo/bdd_src/images/b148ca95-0b291353.jpg,fog
/home/ps/Desktop/major_project/data/yolo/bdd_src/images/b154be13-4592461e.jpg,snow
/home/ps/Desktop/major_project/data/yolo/bdd_src/images/b15cf23b-43af79e6.jpg,rain
/home/ps/Desktop/major_project/data/yolo/bdd_src/images/b178ca72-cd72c569.jpg,snow
/home/ps/Desktop/major_project/data/yolo/bdd_src/images/b180400c-55e8cfd8.jpg,rain
/home/ps/Desktop/major_project/data/yolo/bdd_src/images/b18ad0fa-0d3a365e.jpg,rain
/home/ps/Desktop/major_project/data/yolo/bdd_src/images/b18cb922-4c47a87e.jpg,night
/home/ps/Desktop/major_project/data/yolo/bdd_src/images/b1a2714c-4662750c.jpg,rain
/home/ps/Desktop/major_project/data/yolo/bdd_src/images/b1a64baa-4d958a92.jpg,snow
/home/ps/Desktop/major_project/data/yolo/bdd_src/images/b1aabeb2-8bddfa7c.jpg,rain
/home/ps/Desktop/major_project/data/yolo/bdd_src/images/b1c3f50d-b655989e.jpg,night
/home/ps/Desktop/major_project/data/yolo/bdd_src/images/fdb9def6-8588121f.jpg,night
/home/ps/Desktop/major_project/data/yolo/bdd_src/images/fdcddb61-a9509cf0.jpg,fog
/home/ps/Desktop/major_project/data/yolo/bdd_src/images/fde816b0-7d366afb.jpg,snow
/home/ps/Desktop/major_project/data/yolo/bdd_src/images/fdef24f9-ede1f26c.jpg,night
/home/ps/Desktop/major_project/data/yolo/bdd_src/images/fdf465ad-f9f80730.jpg,rain
/home/ps/Desktop/major_project/data/yolo/bdd_src/images/fdf83cde-c0898074.jpg,fog
/home/ps/Desktop/major_project/data/yolo/bdd_src/images/fdfda543-18fb3fc9.jpg,fog
/home/ps/Desktop/major_project/data/yolo/bdd_src/images/fe0b200a-b9c280a1.jpg,night
